property_id,building_name,city,address,latitude,longitude,built_year,bedroom_number,bathroom_number,usable_area,furnished,new_home,property_url,price,price_sqm,building_age
10055041,,Bang Bua Thong,"Kunaphat main road, Phimonrat, Bang Bua Thong, Nonthaburi",13.933057,100.363282,2013.0,3.0,2.0,420.8,unknown,0,https://www.ddproperty.com/en/property/บ้านเดี่ยว-บ้านคุณาภัทร-5-3-ห้องนอน-ขาย-baan-khunapat-5-house-3-bedrooms-for-sale-stone099-for-sale-10055041,3690000.0,8769.011406844107,13.0
10030766,,Bang Plee,"Lat Krabang Road, Rachathewa, Bang Plee, Samut Prakan",13.714717,100.7251718,2018.0,3.0,4.0,1228.0,Fully Furnished,0,https://www.ddproperty.com/en/property/3-bedroom-house-for-sale-at-perfect-place-sukhumvit-77-suvarnabhumi-u897378-for-sale-10030766,11900000.0,9690.553745928339,8.0
8742438,,Khlong Sam Wa,"Panyaintra Road, Sam Wa Tawan Tok, Khlong Sam Wa, Bangkok",13.869696387180444,100.70844054145434,2012.0,3.0,3.0,631.0,Fully Furnished,0,https://www.ddproperty.com/en/property/บ้านเดียวโครงการฮาบิเที-ย-ปัญญา-อิ-น-ท-รา-1-สวยน่าลงทุน-for-sale-8742438,6450000.0,10221.870047543582,14.0
10075633,,Bang Bua Thong,"Soi Sam Wang, Chaiyaphruek Road, Bang Bua Thong, Bang Bua Thong, Nonthaburi",13.92845,100.421434,2013.0,3.0,2.0,293.6,unknown,0,https://www.ddproperty.com/en/property/บ้านเดี่ยว-เพอร์เฟค-พาร์ค-บางบัวทอง-3-ห้องนอน-ขาย-perfect-park-bangbuathong-house-3-bedrooms-for-sale-stone221-for-sale-10075633,3650000.0,12431.880108991825,13.0
8306329,,Bang Bua Thong,"Ban Kluai - Sai Noi Road, Phimonrat, Bang Bua Thong, Nonthaburi",13.931953,100.354348,2017.0,3.0,3.0,287.0,Unfurnished,0,https://www.ddproperty.com/en/property/selling-cheap-quickly-kunalai-courtyard-bang-bua-thong-nonthaburi-phimonrat-sai-noi-ladpladuk-mespace-id-3366-for-sale-8306329,3800000.0,13240.4181184669,9.0
8334898,,Muang Samut Sakhon,"Rama 2 Road, Khok Kham, Muang Samut Sakhon, Samut Sakhon",13.56274959162672,100.33572587747284,2013.0,3.0,2.0,150.0,unknown,0,https://www.ddproperty.com/en/property/ลดถูกที่สุด-ขายบ้านหลังริม-สารินโมเดิร์น-วิลล์-สมุทรสาคร-ใกล้นิคมสินสาคร-รหัสsh1042-for-sale-8334898,1990000.0,13266.666666666666,13.0
8934387,,Nong Chok,"Mit Maitri Road, Nong Chok, Nong Chok, Bangkok",13.859480843367033,100.84823689738742,2012.0,3.0,2.0,123.0,unknown,0,https://www.ddproperty.com/en/property/ขายทาวน์เฮ้าส์-2-ชั้น-บ้านนนทวีวิลล์-5-ถนนมิตรไมตรี-ซอยมิตรไมตรี-6-4-for-sale-8934387,1650000.0,13414.634146341463,14.0
9523038,,Muang Pathum Thani,"Saphan Nonthaburi - Bang Bua Thong Road (Road 345), Bang Khu Wat, Muang Pathum Thani, Pathum Thani",13.95865750117877,100.48033893771964,2009.0,3.0,2.0,250.0,Unfurnished,0,https://www.ddproperty.com/en/property/pun05-ถูกที่สุด-ฮาบิเทีย-ราชพฤกษ์-345-บ้านเดี่ยวต้นโครงการ-for-sale-9523038,3450000.0,13800.0,17.0
10025378,,Bang Yai,"Rural Road Nonthaburi 1009, Bang Mae Nang, Bang Yai, Nonthaburi",13.893998,100.378215,2019.0,3.0,3.0,316.0,unknown,0,https://www.ddproperty.com/en/property/บ้านเดี่ยว-คาซา-วิลล์-บางใหญ่-3-ห้องนอน-ขาย-casa-ville-bangyai-house-3-bedrooms-for-sale-stone282-for-sale-10025378,4500000.0,14240.506329113925,7.0
9719489,,Ban Bung,"800 /7  National Highway 3138 Ban Bueng-Ban Khai Km.8, Khlong Kiu, Ban Bung, Chon Buri",12.432712229175124,99.92556827165838,2016.0,2.0,1.0,116.0,Partially Furnished,0,https://www.ddproperty.com/en/property/detached-house-in-chonburi-for-sale-2-bedrooms-1-bahtroom-only-1-7-mb-for-sale-9719489,1700000.0,14655.172413793103,10.0
9619485,,Muang Samut Sakhon,"Soi Wat Phanthai Norasing, Phanthai Norasing, Muang Samut Sakhon, Samut Sakhon",13.572258,100.374095,2022.0,3.0,2.0,150.0,Unfurnished,0,https://www.ddproperty.com/en/property/ลดด่วนมาก-ขาดทุนหนักมาก-บ้านหลังริม-ศุภาลัยเบลล่า-พันท้ายนรสิงห์-รหัสss0317-for-sale-9619485,2200000.0,14666.666666666666,4.0
8781254,,Bang Lamung,"พัทยาใต้ พัทยาใต้, Nong Pru, Bang Lamung, Chon Buri",12.923774,100.8811802,2012.0,3.0,4.0,636.0,Fully Furnished,0,https://www.ddproperty.com/en/property/sale-villa-and-resort-3-bedrooms-id-60662-h-171-636-sqm-for-sale-8781254,9900000.0,15566.037735849057,14.0
9944389,,Muang Chachoengsao,"Main road Bangpakong-Chachoengsao, Sothon, Muang Chachoengsao, Chachoengsao",13.68212923200571,101.04575860365156,2015.0,3.0,2.0,150.0,Unfurnished,0,https://www.ddproperty.com/en/property/บ้านเดี่ยวหมู่บ้านบ้านมารวย-โสธร1-ติดโรบินสันฉะเชิงเทรา-for-sale-9944389,2350000.0,15666.666666666666,11.0
9700242,,Bang Khen,"Soi Ramintra 14, Tha Rang, Bang Khen, Bangkok",13.848969541342376,100.62453306793954,2017.0,4.0,4.0,788.0,Partially Furnished,0,https://www.ddproperty.com/en/property/for-sale-rent-2-storey-detached-house-casa-legend-kaset-nawamin-for-sale-9700242,12500000.0,15862.944162436548,9.0
9750171,,Lam Luk Ka,"Lam Luk Ka Road, Bung Kham Proi, Lam Luk Ka, Pathum Thani",13.949835,100.735969,2021.0,4.0,2.0,125.0,Partially Furnished,0,https://www.ddproperty.com/en/property/ด่วน-ขายถูกมากมาก-ทาวน์เฮ้าส์-ฟ้าปิยรมย์-เทอร์เร่-เฟส12-3นอน2น้ำ-ราคาเพียง1-99ล้านบาท-เท่านั้น-for-sale-9750171,1990000.0,15920.0,5.0
9814882,,Khlong Sam Wa,"Sukhaphiban 5, Sam Wa Tawan Ok, Khlong Sam Wa, Bangkok",13.911869600835365,100.68635883296946,2014.0,3.0,3.0,250.0,Partially Furnished,0,https://www.ddproperty.com/en/property/ขายถูก-ๆ-ไปเลย-เจ้าของจะกลับต่างจังหวัดจ้า-บ้านเดี่ยว-เนเบอร์โฮม-วัชรพล-ธารารมณ์-สุขาภิบาล-5-ใกล้ทางด่วนรามอินทรา-อาจณรงค์-ด่านจตุโชติ-68167-for-sale-9814882,3990000.0,15960.0,12.0
8993098,,Khlong Sam Wa,"Sukhaphiban 5, Sam Wa Tawan Ok, Khlong Sam Wa, Bangkok",13.911869600835365,100.68635883296946,2014.0,3.0,3.0,250.0,Fully Furnished,0,https://www.ddproperty.com/en/property/บ้านเดี่ยวพร้อมอยู่-เนเบอร์โฮม-วัชรพล-ธารารมณ์-สุขาภิบาล-5-ใกล้ทางด่วนรามอินทรา-อาจณรงค์-ด่านจตุโชติ-68167-for-sale-8993098,3990000.0,15960.0,12.0
8974287,,Khlong Sam Wa,"Sukhaphiban 5, Sam Wa Tawan Ok, Khlong Sam Wa, Bangkok",13.911869600835365,100.68635883296946,2014.0,3.0,3.0,250.0,Fully Furnished,0,https://www.ddproperty.com/en/property/ขายราคาโควิด-บ้านเดี่ยว-เนเบอร์โฮม-วัชรพล-ธารารมณ์-สุขาภิบาล-5-ใกล้ทางด่วนรามอินทรา-อาจณรงค์-ด่านจตุโชติ-68167-for-sale-8974287,3990000.0,15960.0,12.0
8775178,,Khlong Sam Wa,"Sukhaphiban 5, Sam Wa Tawan Ok, Khlong Sam Wa, Bangkok",13.911869600835365,100.68635883296946,2014.0,3.0,3.0,250.0,Partially Furnished,0,https://www.ddproperty.com/en/property/ขายถูก-ๆ-ไปเลย-เจ้าของจะกลับต่างจังหวัดจ้า-บ้านเดี่ยว-เนเบอร์โฮม-วัชรพล-ธารารมณ์-สุขาภิบาล-5-ใกล้ทางด่วนรามอินทรา-อาจณรงค์-ด่านจตุโชติ-68167-for-sale-8775178,3990000.0,15960.0,12.0
8601037,,Bang Plee,"455 Bang Phli - King Kaew Road, Bangphli Yai, Bang Plee, Samut Prakan",13.628285881664404,100.71103688376552,2010.0,3.0,2.0,300.0,unknown,0,https://www.ddproperty.com/en/property/ขายบ้านเดี่ยว-ม-ภัสสร25-บางนา-กม-13-พร้อมเข้าอยู่-60-8ตรว-for-sale-8601037,4990000.0,16633.333333333332,16.0
10068748,,Bang Yai,"Ban Kluai - Sai Noi Road, Bang Len, Bang Yai, Nonthaburi",13.862866786195443,100.43850069738644,2009.0,2.0,3.0,285.0,Unfurnished,0,https://www.ddproperty.com/en/property/ขายบ้านพร้อมที่ดิน-ขนาด-1-ไร่-ใกล้วัดสโมสร-ไทรน้อย-ติดกับศูนย์ปฏิบัติธรรมพระไตรปิฎก-iammai-for-sale-10068748,4800000.0,16842.105263157893,17.0
9988521,,Muang Samut Sakhon,"Soi Rama 2 100, Rama 2 Road, Bang Nam Chut, Muang Samut Sakhon, Samut Sakhon",13.621887231236324,100.37034736249096,2019.0,5.0,4.0,248.0,unknown,0,https://www.ddproperty.com/en/property/ขาย-บ้านเดี่ยว-บ้านบุรีรมย์-248-ตรม-75-ตร-วา-ถูกที่สุด-เหมาะซื้อเพื่อรีโนเวท-t058-for-sale-9988521,4250000.0,17137.09677419355,7.0
9717033,,Muang Samut Prakarn,"Thepharak Road, Phreak Sa Mai, Muang Samut Prakarn, Samut Prakan",13.59443160706271,100.65869199999992,2001.0,3.0,2.0,165.2,unknown,0,https://www.ddproperty.com/en/property/ขายด่วน-บ้านแฝด-ลลิล-ขนาด-41-3-ตร-วา-ถนนเทพารักษ์-เมืองสมุทรปราการ-for-sale-9717033,2900000.0,17554.4794188862,25.0
9211321,,Ban Bung,"Soi Baan Bueng Pattana, Ban Bung, Ban Bung, Chon Buri",13.308109198295806,101.1357754155622,2019.0,3.0,3.0,156.0,unknown,0,https://www.ddproperty.com/en/property/life-home-บ้านบึง-บ้านแฝด-2-ชั้น-พร้อมอยู่-for-sale-9211321,2755000.0,17660.25641025641,7.0
10070536,,Lam Luk Ka,"Lam Luk Ka Road, Bung Kham Proi, Lam Luk Ka, Pathum Thani",13.949835,100.735969,2021.0,3.0,2.0,107.0,Partially Furnished,0,https://www.ddproperty.com/en/property/ขายด่วน-ทาวน์เฮ้าส์-หลังมุม-บ้านฟ้าปิยรมย์-เฟส-8-ลำลูกกา-ปทุมธานี-สภาพดี-พร้อมเข้าอยู่-sw045-for-sale-10070536,1890000.0,17663.551401869157,5.0
8000992,,Bang Bua Thong,"Soi Sam Wang, Chaiyaphruek Road, Bang Bua Thong, Bang Bua Thong, Nonthaburi",13.92845,100.421434,2013.0,3.0,2.0,202.00000000000003,unknown,0,https://www.ddproperty.com/en/property/t-land-and-house-for-sales-corner-plot-for-sale-8000992,3600000.0,17821.782178217818,13.0
10036910,,Bang Bua Thong,"Ban Kluay-Sai Noi Road, Phimonrat, Bang Bua Thong, Nonthaburi",13.945043,100.355738,2017.0,5.0,5.0,420.0,Partially Furnished,0,https://www.ddproperty.com/en/property/brand-new-house-for-sale-private-zone-5-bedrooms-5-bathrooms-with-spacious-land-105-sq-wa-usable-area-420-sq-m-laddaville-4-village-near-kanchanaphisek-road-for-sale-10036910,7500000.0,17857.14285714286,9.0
9997367,,Bang Bo,"Bang Na-Trat Frontage Road, Bang Bo, Bang Bo, Samut Prakan",13.638493,100.852305,2019.0,3.0,2.0,220.0,unknown,0,https://www.ddproperty.com/en/property/psh-01122-house-for-sale-villaggio-bangna-village-for-sale-9997367,3990000.0,18136.363636363636,7.0
10021960,,Bang Bo,"Bang Na-Trat Frontage Road, Bang Bo, Bang Bo, Samut Prakan",13.638493,100.852305,2019.0,3.0,2.0,220.0,unknown,0,https://www.ddproperty.com/en/property/6503-571-house-for-sale-bangna-trad-villaggio-bangna-3-bedrooms-corner-back-front-facing-south-for-sale-10021960,3990000.0,18136.363636363636,7.0
10069363,,Bang Bo,"Bang Na-Trat Frontage Road, Bang Bo, Bang Bo, Samut Prakan",13.638493,100.852305,2019.0,3.0,2.0,220.0,unknown,0,https://www.ddproperty.com/en/property/6504-104-house-for-sale-bangna-abac-bangna-villaggio-bangna-3-bedrooms-2-car-parks-for-sale-10069363,3990000.0,18136.363636363636,7.0
8899026,,Cha-Am,"Petchkasem Petchkasem, Cha-am, Cha-Am, Phetchaburi",12.756112,99.969244,2015.0,2.0,2.0,135.0,Fully Furnished,0,https://www.ddproperty.com/en/property/2-bedroom-house-for-sale-at-baan-sansuk-cha-am-u81404-for-sale-8899026,2450000.0,18148.14814814815,11.0
10034925,,Muang Chiang Mai,"ถนน ถนนสมโภชเชียงใหม่ 700 ปี, Mae Hia, Muang Chiang Mai, Chiang Mai",18.747312,98.951976,2014.0,2.0,3.0,322.0,unknown,0,https://www.ddproperty.com/en/property/ขายบ้านเดี่ยว-2-ชั้น-ในเมืองเชียงใหม่-for-sale-10034925,5900000.0,18322.981366459626,12.0
8708339,,Ban Chang,"ถนน เพชรเกษม, Ban Zhang, Ban Chang, Rayong",13.7048595,100.3366301,2014.0,2.0,2.0,244.84,unknown,0,https://www.ddproperty.com/en/property/บ้าน-เพื่อขาย-h-580816-02-for-sale-8708339,4500000.0,18379.349779447803,12.0
9523954,,Lam Luk Ka,"Lam Luk Ka Road, Bung Kham Proi, Lam Luk Ka, Pathum Thani",13.949835,100.735969,2021.0,4.0,5.0,250.0,Partially Furnished,0,https://www.ddproperty.com/en/property/ขายบ้านเดี่ยว-ฟ้าปิยรมย์-เคียงสวน-ใกล้วงแหวนลำลูกกา-4-6-ล้าน-for-sale-9523954,4600000.0,18400.0,5.0
9056589,,Bang Bo,"Bang Na-Trat Frontage Road, Bang Bo, Bang Bo, Samut Prakan",13.638493,100.852305,2019.0,2.0,3.0,116.0,Fully Furnished,0,https://www.ddproperty.com/en/property/kn-0290-ขายด่วน-วิลาจิโอบางนา-เฟอร์นิเจอร์และเครื่องใช้ไฟฟ้าครบ-บ้านสวย-for-sale-9056589,2170000.0,18706.896551724138,7.0
9585465,,Khlong Sam Wa,"Sukhaphiban 5, Sam Wa Tawan Ok, Khlong Sam Wa, Bangkok",13.911869600835365,100.68635883296946,2014.0,3.0,3.0,261.0,Partially Furnished,0,https://www.ddproperty.com/en/property/เจ้าของรีบขาย-ราคาถูก-บ้านเดี่ยว-เนเบอร์โฮม-วัชรพล-ธารารมณ์-สุขาภิบาล-5-ใกล้ทางด่วนรามอินทรา-อาจณรงค์-ด่านจตุโชติ-68154-for-sale-9585465,4950000.0,18965.51724137931,12.0
8967846,,Khlong Sam Wa,"Sukhaphiban 5, Sam Wa Tawan Ok, Khlong Sam Wa, Bangkok",13.911869600835365,100.68635883296946,2014.0,3.0,3.0,261.0,Partially Furnished,0,https://www.ddproperty.com/en/property/ขายถูก-บ้านเดี่ยว-เนเบอร์โฮม-วัชรพล-ธารารมณ์-สุขาภิบาล-5-ใกล้ทางด่วนรามอินทรา-อาจณรงค์-ด่านจตุโชติ-68154-for-sale-8967846,4950000.0,18965.51724137931,12.0
9814808,,Khlong Sam Wa,"Sukhaphiban 5, Sam Wa Tawan Ok, Khlong Sam Wa, Bangkok",13.911869600835365,100.68635883296946,2014.0,3.0,3.0,261.0,Partially Furnished,0,https://www.ddproperty.com/en/property/ขายถูก-บ้านเดี่ยว-เนเบอร์โฮม-วัชรพล-ธารารมณ์-สุขาภิบาล-5-ใกล้ทางด่วนรามอินทรา-อาจณรงค์-ด่านจตุโชติ-68154-for-sale-9814808,4950000.0,18965.51724137931,12.0
9585459,,Khlong Sam Wa,"Sukhaphiban 5, Sam Wa Tawan Ok, Khlong Sam Wa, Bangkok",13.911869600835365,100.68635883296946,2014.0,3.0,3.0,261.0,Partially Furnished,0,https://www.ddproperty.com/en/property/ขายถูก-บ้านเดี่ยว-เนเบอร์โฮม-วัชรพล-ธารารมณ์-สุขาภิบาล-5-ใกล้ทางด่วนรามอินทรา-อาจณรงค์-ด่านจตุโชติ-68154-for-sale-9585459,4950000.0,18965.51724137931,12.0
8768401,,Khlong Sam Wa,"Sukhaphiban 5, Sam Wa Tawan Ok, Khlong Sam Wa, Bangkok",13.911869600835365,100.68635883296946,2014.0,3.0,3.0,261.0,Partially Furnished,0,https://www.ddproperty.com/en/property/ขายถูก-บ้านเดี่ยว-เนเบอร์โฮม-วัชรพล-ธารารมณ์-สุขาภิบาล-5-ใกล้ทางด่วนรามอินทรา-อาจณรงค์-ด่านจตุโชติ-68154-for-sale-8768401,4950000.0,18965.51724137931,12.0
8775114,,Khlong Sam Wa,"Sukhaphiban 5, Sam Wa Tawan Ok, Khlong Sam Wa, Bangkok",13.911869600835365,100.68635883296946,2014.0,3.0,3.0,261.0,Partially Furnished,0,https://www.ddproperty.com/en/property/เจ้าของรีบขาย-บ้านเดี่ยว-เนเบอร์โฮม-วัชรพล-ธารารมณ์-สุขาภิบาล-5-ใกล้ทางด่วนรามอินทรา-อาจณรงค์-ด่านจตุโชติ-for-sale-8775114,4950000.0,18965.51724137931,12.0
9229486,,Ban Bung,"Soi Baan Bueng Pattana, Ban Bung, Ban Bung, Chon Buri",13.308109198295806,101.1357754155622,2019.0,3.0,2.0,150.0,Partially Furnished,0,https://www.ddproperty.com/en/property/ขายด่วนบ้านรีโนเวทใหม่-สวย-life-home-บ้านบึง-for-sale-9229486,2850000.0,19000.0,7.0
9771196,,Thanyaburi,"Soi Rangsit-Nakornnayok 23,, Prachathipat, Thanyaburi, Pathum Thani",13.995088,100.634607,2016.0,3.0,2.0,134.0,unknown,0,https://www.ddproperty.com/en/property/bbs315-the-trust-townhome-รังสิต-ราคาดีที่สุด-for-sale-9771196,2550000.0,19029.850746268658,10.0
9216742,,Muang Pathum Thani,"Saphan Nonthaburi-Bang Bua Thong Road (345), Bang Khu Wat, Muang Pathum Thani, Pathum Thani",13.954039,100.477416,2018.0,4.0,2.0,223.00000000000003,Partially Furnished,0,https://www.ddproperty.com/en/property/l10100864-ขาย-บ้านเดี่ยว-ฮาบิเทีย-บอนด์-ราชพฤกษ์-ตึก-2-ชั้น-ขนาดพื้นที่-50-ตร-ว-sell-habitia-bond-ratchapreuk-for-sale-9216742,4280000.0,19192.82511210762,8.0
10010167,,Bang Khun Thian,"Soi Rama 2, Samae Dam, Bang Khun Thian, Bangkok",13.578629763823637,100.3881098431219,2020.0,3.0,3.0,208.0,Fully Furnished,0,https://www.ddproperty.com/en/property/ขายบ้านเดี่ยว-ไอลีฟพาร์ค-พระราม2-กม-14-รหัสss0223-for-sale-10010167,4000000.0,19230.76923076923,6.0
8864466,,Muang Samut Prakarn,"Soi Sup Boonchai, Subpattana Road, Phraeksa, Muang Samut Prakarn, Samut Prakan",13.584494073490244,100.63523441468055,2017.0,2.0,2.0,80.0,unknown,0,https://www.ddproperty.com/en/property/นครทอง-ซอย-มังกร-นาคดี-รีโนเวทใหม่-for-sale-8864466,1550000.0,19375.0,9.0
9969133,,Bang Sao Thong,"Bangna-Trad Road Km. 24, Bang Sao Thong, Bang Sao Thong, Samut Prakan",13.6015074628068,100.8202417043624,2016.0,3.0,2.0,165.0,Partially Furnished,0,https://www.ddproperty.com/en/property/su-0061บ้านเดี่ยว-แพลทฟอร์ม-ออคิดวิลล่า-ขายถูก-for-sale-9969133,3200000.0,19393.939393939392,10.0
9640718,,Thanyaburi,"Soi Rangsit-Nakornnayok 23,, Prachathipat, Thanyaburi, Pathum Thani",13.995088,100.634607,2016.0,3.0,2.0,134.0,Partially Furnished,0,https://www.ddproperty.com/en/property/ขายทาวน์โฮม-2-ชั้น-เดอะทรัสต์-ทาวน์โฮม-รังสิต-คลอง-1-ถนนรังสิต-นครนายก-ซอย-23-for-sale-9640718,2600000.0,19402.985074626864,10.0
10068978,,Sai Mai,"Phoemsin Road, Khlong Tanon, Sai Mai, Bangkok",13.900194330868018,100.6348961943462,2017.0,5.0,3.0,450.0,Fully Furnished,0,https://www.ddproperty.com/en/property/house-for-sale-noble-geo-watcharapol-warm-cosy-fully-furnished-near-the-expressway-for-sale-10068978,8790000.0,19533.333333333332,9.0
10037236,,Si Racha,"350 3241 Road, Surasak, Si Racha, Chon Buri",13.152297,100.999217,2014.0,3.0,3.0,250.0,unknown,0,https://www.ddproperty.com/en/property/pun19-ขายบ้านเดี่ยวสองชั้น-ณฐาวดี-2-ศรีราชา-หลังมุม-83-ตร-ว-ต่อเติมครบพร้อมอยู่-for-sale-10037236,4900000.0,19600.0,12.0
9433901,,Nong Chok,"Prachasamran Road, Khlong Sibsong, Nong Chok, Bangkok",13.887071639970854,100.8650015011034,2015.0,4.0,3.0,250.0,unknown,0,https://www.ddproperty.com/en/property/ดิ-เอ็กซ์เทนโซ2-the-extenso2-หนองจอก-ใกล้สนามบิน-บ้านติดสวน-for-sale-9433901,4900000.0,19600.0,11.0
10034371,,Nong Khaem,"Soi Moobaan Taweethong, Nong Kang Plu, Nong Khaem, Bangkok",13.718828856892266,100.34511282885624,2009.0,4.0,4.0,216.0,Partially Furnished,0,https://www.ddproperty.com/en/property/house-for-sale-baan-thaweethong-petchkasem-110-216-sq-m-63-5-sq-wa-empty-house-good-condition-ready-to-move-in-for-sale-10034371,4250000.0,19675.925925925927,17.0
9148045,,San Kamphaeng,"Chiang Mai - Mae On Road, San Kamphaeng, San Kamphaeng, Chiang Mai",18.73981966119893,99.0848086424106,2013.0,3.0,3.0,303.0,Partially Furnished,0,https://www.ddproperty.com/en/property/ขายบ้านเชียงใหม่-ลดพิเศษ-สำหรับครอบครัวใหญ่-โคตรใหญ่-โคตรถูกที่สุดในโครงการ-บ้านใหม่ไม่เคยอยู่-122-8ตรว-303ตรม-ติดถ-สันกำแพงส-ใหม่-ม-เดอะบลิส-กุลพันธ์วิลล์16-คุณหมิว-0986168829-for-sale-9148045,5990000.0,19768.97689768977,13.0
8843413,,Muang Nonthaburi,"- Rattanathibet Road, Bang Kra So, Muang Nonthaburi, Nonthaburi",13.859042,100.519734,2014.0,3.0,2.0,212.00000000000003,unknown,0,https://www.ddproperty.com/en/property/house-brand-pruksa-delight-rattanathibet-close-to-mrt-tha-it-h-640524-0002-for-sale-8843413,4200000.0,19811.320754716977,12.0
8487390,,Muang Samut Sakhon,"Soi Wat Phanthai Norasing, Phanthai Norasing, Muang Samut Sakhon, Samut Sakhon",13.572258,100.374095,2022.0,3.0,2.0,120.0,unknown,0,https://www.ddproperty.com/en/property/ศุภาลัย-เบลล่า-พระราม-2-พันท้ายนรสิงห์-for-sale-8487390,2390000.0,19916.666666666668,4.0
10075363,,Muang Samut Sakhon,"Rama 2 Road, Khok Kham, Muang Samut Sakhon, Samut Sakhon",13.56274959162672,100.33572587747284,2013.0,3.0,3.0,200.0,Fully Furnished,0,https://www.ddproperty.com/en/property/ขายบ้านเดี่ยว-2-ชั้น-สารินซิตี้-สารินธารา1-พระราม-2-ตัว-หลังบ้านติดคลอง-บรรยาดี-for-sale-10075363,3999000.0,19995.0,13.0
9836450,,Nong Chok,"Soi Mitmaitri 2, Nong Chok, Nong Chok, Bangkok",13.859683,100.857774,2011.0,4.0,2.0,180.0,unknown,0,https://www.ddproperty.com/en/property/ขายบ้านแฝด-2-ชั้น-จอดรถได้-4-คัน-4-ห้องนอน-ม-เปี่ยมภิรมย์-รีสอร์ท-มิตรไมตรี-หนองจอก-for-sale-9836450,3650000.0,20277.777777777777,15.0
9085603,,Ban Bung,"Soi Baan Bueng Pattana, Ban Bung, Ban Bung, Chon Buri",13.308109198295806,101.1357754155622,2019.0,4.0,3.0,214.0,Unfurnished,0,https://www.ddproperty.com/en/property/life-home-บ้านบึง-บ้านเดี่ยว-2-ชั้น-ทำเลหน้าสวน-พร้อมอยู่-for-sale-9085603,4348000.0,20317.757009345794,7.0
9708791,,Khlong Sam Wa,"Panyaintra Road, Sam Wa Tawan Tok, Khlong Sam Wa, Bangkok",13.869696387180444,100.70844054145434,2012.0,6.0,5.0,2444.0,unknown,0,https://www.ddproperty.com/en/property/for-sale-mu-ban-panyaintra-trh-145-for-sale-9708791,50000000.0,20458.265139116203,14.0
10065952,,Bang Bo,"Bang Na-Trat Frontage Road, Bang Bo, Bang Bo, Samut Prakan",13.638493,100.852305,2019.0,2.0,3.0,90.0,unknown,0,https://www.ddproperty.com/en/property/fs00210-townhouse-for-sale-villaggio-bangna-village-for-sale-10065952,1850000.0,20555.555555555555,7.0
9235575,,Bang Lamung,"Ta Khian Tia, Bang Lamung, Chon Buri",13.018153310740782,100.96525141601607,2016.0,3.0,3.0,203.0,unknown,0,https://www.ddproperty.com/en/property/life-garden-home-โรงโป๊ะ-บ้านเดี่ยว-2-ชั้น-พร้อมอยู่-บ้านหลังใหญ่-แปลงมุม-พร้อมตกแต่ง-for-sale-9235575,4197000.0,20674.87684729064,10.0
8941425,,Khlong Sam Wa,"Sukhaphiban 5, Sam Wa Tawan Ok, Khlong Sam Wa, Bangkok",13.911869600835365,100.68635883296946,2014.0,3.0,4.0,240.0,unknown,0,https://www.ddproperty.com/en/property/for-sale-tararom-neighborhome-watcharaphon-trh-35-for-sale-8941425,5000000.0,20833.333333333332,12.0
10062437,,Bang Plee,"King Kaew Road, Rachathewa, Bang Plee, Samut Prakan",13.682176,100.709064,2016.0,3.0,2.0,172.0,Fully Furnished,0,https://www.ddproperty.com/en/property/nas-436-ขายด่วน-ศุภาลัย-ไพร์ด-บางนา-ลาดกระบัง-for-sale-10062437,3590000.0,20872.093023255813,10.0
8968561,,Khlong Sam Wa,"Sukhaphiban 5, Sam Wa Tawan Ok, Khlong Sam Wa, Bangkok",13.911869600835365,100.68635883296946,2014.0,3.0,4.0,225.0,unknown,0,https://www.ddproperty.com/en/property/for-sale-tararom-neighborhome-watcharaphon-trh-32-for-sale-8968561,4700000.0,20888.88888888889,12.0
9791196,,Bang Lamung,"2 ชัยพฤกษ์, Nong Pru, Bang Lamung, Chon Buri",12.8836292,100.9136504,2012.0,2.0,2.0,200.0,unknown,0,https://www.ddproperty.com/en/property/sale-private-pool-2-bedrooms-house-for-sale-2-bedrooms-ref-5181s-200-sqm-for-sale-9791196,4200000.0,21000.0,14.0
10065939,,Bang Bo,"Bang Na-Trat Frontage Road, Bang Bo, Bang Bo, Samut Prakan",13.638493,100.852305,2019.0,2.0,3.0,90.0,unknown,0,https://www.ddproperty.com/en/property/fs00180-ขาย-ทาวน์เฮ้าส์-หมู่บ้าน-วิลาจจิโอ-บางนา-for-sale-10065939,1890000.0,21000.0,7.0
9994273,,Si Racha,"ถนน 331 ใกล้แยกปากร่วม ต.บ่อวิน อ.ศรีราชา จ.ชลบุรี, Bo Win, Si Racha, Chon Buri",13.03406,101.080733,2013.0,0.0,0.0,78.0,unknown,0,https://www.ddproperty.com/en/property/suknimit-village-suan-kaset-2-bowin-2-bedrooms-1-bathroom-for-sale-9994273,1650000.0,21153.846153846152,13.0
9853232,,Khlong Sam Wa,"Sukhaphiban 5, Sam Wa Tawan Ok, Khlong Sam Wa, Bangkok",13.911869600835365,100.68635883296946,2014.0,4.0,3.0,320.0,Unfurnished,0,https://www.ddproperty.com/en/property/for-rent-or-sale-single-house-casa-ville-village-sukhapiban-5-for-sale-9853232,6800000.0,21250.0,12.0
9840805,,Bang Lamung,"16 นาเกลือ, Na Kloe, Bang Lamung, Chon Buri",12.9241419,100.8886568,2010.0,2.0,3.0,150.0,Unfurnished,0,https://www.ddproperty.com/en/property/sale-unfurnished-house-for-sale-in-pattaya-2-bedrooms-ref-5649s-89-2-sqm-for-sale-9840805,3200000.0,21333.333333333332,16.0
9532482,,Lam Luk Ka,"Lam Luk Ka Road, Bung Kham Proi, Lam Luk Ka, Pathum Thani",13.949835,100.735969,2021.0,3.0,3.0,200.0,Fully Furnished,0,https://www.ddproperty.com/en/property/ขายบ้านเดี่ยว-ฟ้าปิยรมย์-เคียงสวน-ใกล้วงแหวนลำลูกกา-4-3-ล้าน-ปทุมธานี-for-sale-9532482,4300000.0,21500.0,5.0
9736847,,Bang Plee,"King Kaew Road, Rachathewa, Bang Plee, Samut Prakan",13.696232,100.716367,2014.0,5.0,2.0,160.0,Fully Furnished,0,https://www.ddproperty.com/en/property/cheap-sale-single-house-pruksa-puri-saen-kaew-king-kaew-37-size-50-7-sq-m-5-bedrooms-add-a-lot-of-usable-space-near-suvarnabhumi-airport-for-sale-9736847,3499000.0,21868.75,12.0
9395946,,Bang Bo,"Bang Na-Trat Frontage Road, Bang Bo, Bang Bo, Samut Prakan",13.638493,100.852305,2019.0,2.0,3.0,99.0,Unfurnished,0,https://www.ddproperty.com/en/property/kn-0452-ขายด่วน-วิลลาจจิโอ-บางนา-กม-26-ชื่อมต่อสู่ถนนบางนา-ตราด-ใกล้-สนามบินสุวรรณภูมิ-for-sale-9395946,2170000.0,21919.19191919192,7.0
8721418,,Bang Plee,"Bang Phli-Tamru Road, Bangphli Yai, Bang Plee, Samut Prakan",13.587061,100.701899,2003.0,4.0,3.0,600.0,unknown,0,https://www.ddproperty.com/en/property/วรารมย์-ตำหรุ-คลองขุด-บางพลี-หลังมุมพื้นที่ใช้งานเยอะ-for-sale-8721418,13200000.0,22000.0,23.0
9083277,,Bang Bon,"ซอยรามอินทรา 34 แขวงท่าแร้ง เขตบางเขน กทม., Bang Bon, Bang Bon, Bangkok",13.848623,100.636747,2019.0,4.0,5.0,1468.95,Fully Furnished,0,https://www.ddproperty.com/en/property/selling-a-private-house-4beds-5baths-1468sqm-space-for-sale-9083277,32500000.0,22124.64685659825,7.0
9801669,,Bang Bon,"Karnchanapisek Road, Bang Bon, Bang Bon, Bangkok",13.643496992374418,100.40036102331352,2020.0,3.0,3.0,176.0,Partially Furnished,0,https://www.ddproperty.com/en/property/for-sale-motto-kanchanapisek-rama-2-2-storey-35-sq-wa-3-bed-3-bath-in-a-community-area-close-to-many-educational-institutions-and-government-offices-for-sale-9801669,3900000.0,22159.090909090908,6.0
8473176,,Bang Plee,"Tamru-Bang Phli Road, Bangphli Yai, Bang Plee, Samut Prakan",13.593864043056827,100.69361124178604,2020.0,3.0,2.0,200.0,unknown,0,https://www.ddproperty.com/en/property/วิลล่า-โนวา-เทพารักษ์-คลองขุด-for-sale-8473176,4450000.0,22250.0,6.0
9804884,,Muang Samut Sakhon,"Rama 2 Road, Bang Nam Chut, Muang Samut Sakhon, Samut Sakhon",13.598819,100.367149,2018.0,3.0,2.0,170.0,unknown,0,https://www.ddproperty.com/en/property/ขายบ้านเดี่ยว-เดอะแกรนด์-พระราม-2-the-grand-rama-2-สมุทรสาคร-for-sale-9804884,3800000.0,22352.941176470587,8.0
9407209,,Sam Phran,"Soi Rai Khing 42, Phutthamonthon Sai 5 Road, Bang Krathuk, Sam Phran, Nakhon Pathom",13.7598281133937,100.2917275329255,2017.0,3.0,2.0,125.0,Unfurnished,0,https://www.ddproperty.com/en/property/natura-trend-pinklao-sai5-twin-house-behind-the-rim-3-bedrooms-2-bathrooms-2-parking-spaces-for-sale-9407209,2800000.0,22400.0,9.0
10053203,,Bang Bon,"Karnchanapisek Road, Bang Bon, Bang Bon, Bangkok",13.643496992374418,100.40036102331352,2020.0,3.0,3.0,176.0,unknown,0,https://www.ddproperty.com/en/property/ขายบ้านแฝด-2-ชั้น-หมู่บ้าน-มอตโต้-กาญจนาภิเษก-พระราม2-for-sale-10053203,3950000.0,22443.18181818182,6.0
9148043,,Doi Saket,"3rd ring road Sankampang - Doi Saket, San Pu Loei, Doi Saket, Chiang Mai",18.793609578460305,99.06552761109488,2008.0,2.0,2.0,84.0,Partially Furnished,0,https://www.ddproperty.com/en/property/ขายบ้านเดี่ยวเชียงใหม่-ราคาถูก1-89ลบ-เท่านั้น-สภาพใหม่มาก-2น2น-ติดถ-วงแหวน3-ม-สมหวังคันทรีวิลล์-คุณหมิว0986168829-for-sale-9148043,1890000.0,22500.0,18.0
9736760,,Bang Kruai,"Nakhon In Road, Bang Khun Kong, Bang Kruai, Nonthaburi",13.824274372917882,100.453440728836,2009.0,3.0,3.0,238.2,unknown,0,https://www.ddproperty.com/en/property/detached-house-for-sale-the-city-rama-5-ratchapruek-size-62-square-wah-property-code-01-02-07661-for-sale-9736760,5398000.0,22661.628883291352,17.0
10068965,,Bang Bo,"Bang Na-Trat Frontage Road, Bang Bo, Bang Bo, Samut Prakan",13.638493,100.852305,2019.0,3.0,2.0,200.0,unknown,0,https://www.ddproperty.com/en/property/psh-01061-detached-house-for-sale-village-villaggio-bangna-for-sale-10068965,4550000.0,22750.0,7.0
10024339,,Bang Bo,"Bang Na-Trat Frontage Road, Bang Bo, Bang Bo, Samut Prakan",13.638493,100.852305,2019.0,3.0,2.0,200.0,unknown,0,https://www.ddproperty.com/en/property/psh-01061-detached-house-for-sale-village-villaggio-bangna-for-sale-10024339,4550000.0,22750.0,7.0
9505458,,Bang Bua Thong,"Ban Kluai - Sai Noi Road, Phimonrat, Bang Bua Thong, Nonthaburi",13.931953,100.354348,2017.0,3.0,3.0,175.0,unknown,0,https://www.ddproperty.com/en/property/ขายบ้านเดี่ยว-2-ชั้น-โครงการคุณาลัย-คอร์ทยาร์ด-for-sale-9505458,3990000.0,22800.0,9.0
9772633,,Thanyaburi,"Rangsit-Nakhon Nayok Road, Bang Yitho, Thanyaburi, Pathum Thani",14.005489710463175,100.69162980816768,2019.0,0.0,0.0,284.0,unknown,0,https://www.ddproperty.com/en/property/บ้านเดี่ยวติดถนนรังสิต-นครนายก-เฟอร์นิเจอร์ครบ-for-sale-9772633,6490000.0,22852.11267605634,7.0
8513489,,Bang Plee,"Bang Phli-Tamru Road, Bangphli Yai, Bang Plee, Samut Prakan",13.587061,100.701899,2003.0,3.0,3.0,253.00000000000003,unknown,0,https://www.ddproperty.com/en/property/ขายบ้านเดี่ยว-หมู่บ้านวรารมย์เลควิว-บางนา-เทพารักษ์-ราคา-5-8-ล้านบาท-บ้านสวย-สวนร่มรื่น-listing-no-yt12-519-for-sale-8513489,5800000.0,22924.90118577075,23.0
9235476,,Si Racha,"Khao Nam Sub Road, Surasak, Si Racha, Chon Buri",13.12681215236432,100.93627702966494,2014.0,3.0,3.0,203.0,unknown,0,https://www.ddproperty.com/en/property/เพลินวิว-ทิวเขา-บ้านเดี่ยว-2-ชั้น-พร้อมอยู่-เนื้อที่เยอะ-หน้าสวน-for-sale-9235476,4661500.0,22963.05418719212,12.0
10069036,,Bang Bo,"Bang Na-Trat Frontage Road, Bang Bo, Bang Bo, Samut Prakan",13.638493,100.852305,2019.0,3.0,3.0,200.0,unknown,0,https://www.ddproperty.com/en/property/psh-01043-house-for-sale-villaggio-bangna-village-for-sale-10069036,4600000.0,23000.0,7.0
10024421,,Bang Bo,"Bang Na-Trat Frontage Road, Bang Bo, Bang Bo, Samut Prakan",13.638493,100.852305,2019.0,3.0,3.0,200.0,unknown,0,https://www.ddproperty.com/en/property/psh-01043-house-for-sale-villaggio-bangna-village-for-sale-10024421,4600000.0,23000.0,7.0
9942793,,Muang Pathum Thani,"Saphan Nonthaburi - Bang Bua Thong Road (Road 345), Bang Khu Wat, Muang Pathum Thani, Pathum Thani",13.95865750117877,100.48033893771964,2009.0,3.0,2.0,156.0,unknown,0,https://www.ddproperty.com/en/property/amm0238-ขาย-บ้านเดี่ยวมือสองย่านปทุมธานี-ม-ฮาบิเทีย-ราชพฤกษ์-345-เนื้อที่มากถึง-50-ตร-ว-ฟังก์ชัน-3-ห้องนอน-2-ห้องน้ำ-2-ที่จอดรถ-for-sale-9942793,3590000.0,23012.82051282051,17.0
9969522,,Bang Bua Thong,"Kunaphat main road, Phimonrat, Bang Bua Thong, Nonthaburi",13.933057,100.363282,2013.0,3.0,3.0,126.0,unknown,0,https://www.ddproperty.com/en/property/บ้านเดี่ยว-บ้านคุณาภัทร-5-3-ห้องนอน-ขาย-baan-khunapat-5-house-3-bedrooms-for-sale-stone063-for-sale-9969522,2900000.0,23015.873015873014,13.0
9994431,,Bang Bua Thong,"Ban Kluay-Sai Noi Road, Phimonrat, Bang Bua Thong, Nonthaburi",13.945043,100.355738,2017.0,3.0,3.0,160.0,Partially Furnished,0,https://www.ddproperty.com/en/property/ys480-for-sale-nice-location-at-ladda-ville-4-for-sale-9994431,3690000.0,23062.5,9.0
9659346,,Bang Bo,"Bang Na-Trat Frontage Road, Bang Bo, Bang Bo, Samut Prakan",13.638493,100.852305,2019.0,3.0,2.0,200.0,Fully Furnished,0,https://www.ddproperty.com/en/property/kn-0519-ขายด่วน-villaggio-bangna-บ้านสวย-เฟอร์นิเจอร์และเครื่องใช้ไฟฟ้าครบ-พร้อมอยู่-มีระบบ-air-plus-มีช่องลมระบายอากาศ-for-sale-9659346,4650000.0,23250.0,7.0
8112772,,Sattahip,"2 นาจอมเทียน, Na Chom Thian, Sattahip, Chon Buri",12.7905696,100.9150822,2012.0,3.0,3.0,180.0,Unfurnished,0,https://www.ddproperty.com/en/property/3-bed-3-bath-in-na-jomtien-bang-saray-for-4-200-000-thb-pc7960-for-sale-8112772,4200000.0,23333.333333333332,14.0
10064731,,Bang Bo,"Bang Na-Trat Frontage Road, Bang Bo, Bang Bo, Samut Prakan",13.638493,100.852305,2019.0,2.0,3.0,90.0,unknown,0,https://www.ddproperty.com/en/property/fsh-01079-townhouse-for-sale-villaggio-bangna-village-for-sale-10064731,2100000.0,23333.333333333332,7.0
8112759,,Sattahip,"2 นาจอมเทียน, Na Chom Thian, Sattahip, Chon Buri",12.7905696,100.9150822,2012.0,3.0,3.0,180.0,Fully Furnished,0,https://www.ddproperty.com/en/property/3-bed-3-bath-in-na-jomtien-bang-saray-for-4-200-000-thb-pc7963-for-sale-8112759,4200000.0,23333.333333333332,14.0
9180526,,Bang Plee,"Thepharak Road, Bangphli Yai, Bang Plee, Samut Prakan",13.600161329383493,100.71449809007795,2018.0,4.0,2.0,172.0,Fully Furnished,0,https://www.ddproperty.com/en/property/kn-0366-ขายด่วน-หมู่บ้านคาซาวิลล์บางนา-เทพารักษ์-บ้านแฝด-สไตร์บ้านเดี่ยว-เฟอร์นิเจอร์และเครื่องใช้ไฟฟ้าครบ-พร้อมอยู่-for-sale-9180526,4020000.0,23372.093023255813,8.0
10035376,,Bang Bo,"Bang Na-Trat Frontage Road, Bang Bo, Bang Bo, Samut Prakan",13.638493,100.852305,2019.0,3.0,2.0,200.0,unknown,0,https://www.ddproperty.com/en/property/psh-01103-house-for-sale-villaggio-bangna-km-26-for-sale-10035376,4700000.0,23500.0,7.0
8941384,,Khlong Sam Wa,"Sukhaphiban 5, Sam Wa Tawan Ok, Khlong Sam Wa, Bangkok",13.911869600835365,100.68635883296946,2014.0,3.0,3.0,225.0,unknown,0,https://www.ddproperty.com/en/property/for-sale-tararom-neighborhome-watcharaphon-trh-33-for-sale-8941384,5290000.0,23511.11111111111,12.0
9826418,,Si Racha,"3241 Road, Surasak, Si Racha, Chon Buri",13.147560794176774,101.0065047051714,2015.0,3.0,2.0,140.0,Partially Furnished,0,https://www.ddproperty.com/en/property/ขายบ้าน2ชั้น-หมู่บ้านเฮ้าส์ออฟเดอะคานารี่-ศรีราชา-for-sale-9826418,3300000.0,23571.428571428572,11.0
10069075,,Lam Luk Ka,"Hathairat Rd., Bung Kham Proi, Lam Luk Ka, Pathum Thani",13.91967152892886,100.7175879095199,2016.0,3.0,2.0,140.0,unknown,0,https://www.ddproperty.com/en/property/pph-01022-house-for-sale-the-trust-kanchanaphisek-hatairat-for-sale-10069075,3300000.0,23571.428571428572,10.0
10024483,,Lam Luk Ka,"Hathairat Rd., Bung Kham Proi, Lam Luk Ka, Pathum Thani",13.91967152892886,100.7175879095199,2016.0,3.0,2.0,140.0,unknown,0,https://www.ddproperty.com/en/property/pph-01022-house-for-sale-the-trust-kanchanaphisek-hatairat-for-sale-10024483,3300000.0,23571.428571428572,10.0
9833906,,Khlong Sam Wa,"Sukhaphiban 5, Sam Wa Tawan Ok, Khlong Sam Wa, Bangkok",13.911869600835365,100.68635883296946,2014.0,3.0,4.0,246.0,Partially Furnished,0,https://www.ddproperty.com/en/property/ขายบ้านเดี่ยว-2-ชั้น-เนเบอร์โฮม-วัชรพล-ถนนสุขาภิบาล5-ใกล้วงแหวนรอบนอกฝั่งตะวันออก-for-sale-9833906,5800000.0,23577.235772357722,12.0
10064695,,Bang Bo,"Bang Na-Trat Frontage Road, Bang Bo, Bang Bo, Samut Prakan",13.638493,100.852305,2019.0,3.0,3.0,120.0,unknown,0,https://www.ddproperty.com/en/property/fsh-01022-townhouse-for-sale-villaggio-bangna-for-sale-10064695,2850000.0,23750.0,7.0
9198789,,Bang Bo,"Bang Na-Trat Frontage Road, Bang Bo, Bang Bo, Samut Prakan",13.638493,100.852305,2019.0,2.0,3.0,99.0,Fully Furnished,0,https://www.ddproperty.com/en/property/kn-0377-ขายด่วน-วิลลาจจิโอ-บางนา-กม-26-เฟอร์นิเจอร์และเครื่องใช้ไฟฟ้าครบ-พร้อมอยู่-for-sale-9198789,2360000.0,23838.383838383837,7.0
9713116,,Bang Plee,"King Kaew Road, Rachathewa, Bang Plee, Samut Prakan",13.682176,100.709064,2016.0,3.0,2.0,145.6,Partially Furnished,0,https://www.ddproperty.com/en/property/ขายบ้านแฝด-2-ชั้น-ศุภาลัยไพรด์-บางนา-ลาดกระบัง-for-sale-9713116,3490000.0,23969.78021978022,10.0
8292613,,Lam Luk Ka,"Lam Luk Ka Road, Bung Kham Proi, Lam Luk Ka, Pathum Thani",13.949835,100.735969,2021.0,4.0,3.0,125.0,unknown,0,https://www.ddproperty.com/en/property/ทาวน์เฮ้าส์-บ้านฟ้า-ปิยรมย์-เทนโดร-วงแหวน-ลำลูกกา-คลอง-6-หลังมุม-ใกล้ทางด่วน-for-sale-8292613,2999900.0,23999.2,5.0
9851238,,Prawet,"Chaloem Phra Kiat Ratchakan Thi 9 Road, Dok Mai, Prawet, Bangkok",13.684982790335582,100.6693545470112,2013.0,3.0,2.0,204.0,Partially Furnished,0,https://www.ddproperty.com/en/property/sk03839-ขายด่วน-บ้านเดี่ยว-นิรันดร์-วิลล์-8-สุขุมวิท-103-สวนหลวง-ร-9-for-sale-9851238,4900000.0,24019.607843137255,13.0
9391943,,Bang Bo,"Bang Na-Trat Frontage Road, Bang Bo, Bang Bo, Samut Prakan",13.638493,100.852305,2019.0,2.0,3.0,122.0,Unfurnished,0,https://www.ddproperty.com/en/property/kn-0445-ขายด่วน-วิลลาจจิโอ-บางนา-กม-26-บ้านสวย-สไตล์ยุโรปกลางหุบเขา-for-sale-9391943,2940000.0,24098.360655737706,7.0
9080883,,Bang Plee,"Soi 01 Kanchanaphisek 39, Kanchanaphisek parallel Road, Rachathewa, Bang Plee, Samut Prakan",13.68115901340622,100.7137007183294,2021.0,3.0,2.0,120.0,unknown,0,https://www.ddproperty.com/en/property/ขายด่วน-ทาวน์โฮม-2-ชั้น-ศุภาลัย-วิลล์-บางนา-วงแหวน-กิ่งแก้ว-25-1-พื้นที่-21-3ตร-วา-3ห้องนอน-2ห้องน้ำ-for-sale-9080883,2900000.0,24166.666666666668,5.0
9937902,,Chatuchak,"Ratchadaphisek Road, Chan Kasem, Chatuchak, Bangkok",13.81443776209232,100.5881881137097,2010.0,3.0,3.0,350.0,Partially Furnished,0,https://www.ddproperty.com/en/property/townhome-for-sales-supalai-ville-ratchada-32-3-bd-3-bh-furnished-for-sale-9937902,8500000.0,24285.714285714286,16.0
9994206,,Si Racha,"ถนน 331 ใกล้แยกปากร่วม ต.บ่อวิน อ.ศรีราชา จ.ชลบุรี, Bo Win, Si Racha, Chon Buri",13.03406,101.080733,2013.0,0.0,0.0,72.0,Partially Furnished,0,https://www.ddproperty.com/en/property/detached-house-x-shell-village-modern-home-huai-prab-bo-win-40-squ-for-sale-9994206,1750000.0,24305.555555555555,13.0
8474824,,Bang Plee,"ฺBuanakarin Road, Bang Kaeo, Bang Plee, Samut Prakan",13.648868,100.656696,2015.0,3.0,2.0,119.0,Fully Furnished,0,https://www.ddproperty.com/en/property/สวยมาก-ทาวน์โฮม-2-ชั้น-พฤกษาทาวน์-เน็กซ์-ลอฟท์-บางนา-กม-5-พื้นที่-19-ตรว-119-ตรม-3-ห้องนอน-2-ห้องน้ำ-ทิศใต้-for-sale-8474824,2900000.0,24369.747899159665,11.0
10034619,,Bang Bua Thong,"Ban Kluay-Sai Noi Road, Phimonrat, Bang Bua Thong, Nonthaburi",13.945043,100.355738,2017.0,3.0,3.0,160.0,Unfurnished,0,https://www.ddproperty.com/en/property/ขายบ้านเดี่ยว-ลัดดาวิลล์4-53-4-ตร-วา-สภาพดี-สวยคุ้มราคา-for-sale-10034619,3900000.0,24375.0,9.0
10066005,,Bang Bo,"Bang Na-Trat Frontage Road, Bang Bo, Bang Bo, Samut Prakan",13.638493,100.852305,2019.0,2.0,3.0,90.0,unknown,0,https://www.ddproperty.com/en/property/fsh-01090-house-for-sale-village-villaggio-bangna-for-sale-10066005,2200000.0,24444.444444444445,7.0
8811151,,Bang Plee,"ฺBuanakarin Road, Bang Kaeo, Bang Plee, Samut Prakan",13.648868,100.656696,2015.0,3.0,2.0,110.0,Fully Furnished,0,https://www.ddproperty.com/en/property/ขายด่วน-ทาวน์โฮม-2-ชั้น-pruksa-town-nexts-พฤกษาทาวน์เน็กซ์-บางนา-กม5-พื้นที่-16-8ตร-วา-3ห้องนอน-2ห้องน้ำ-for-sale-8811151,2690000.0,24454.545454545456,11.0
10068445,,Pak Kret,"Chaiya Phruk Road, Khlong Khoi, Pak Kret, Nonthaburi",13.945414,100.476854,2007.0,5.0,4.0,400.0,Partially Furnished,0,https://www.ddproperty.com/en/property/ขายด่วน-บ้านเดี่ยว-2-ชั้น-ใกล้-อบต-คลองข่อย-หมู่บ้านฟ้าใหม่-แปลงใหญ่ที่สุด-หลังมุม-ซอยแรกของหมู่บ้าน-พื้นที่ใช้สอยกว่า-400-ตร-ม-iammai-for-sale-10068445,9800000.0,24500.0,19.0
10020816,,Bang Plee,"ฺBuanakarin Road, Bang Kaeo, Bang Plee, Samut Prakan",13.648868,100.656696,2015.0,3.0,2.0,100.0,unknown,0,https://www.ddproperty.com/en/property/ขายทาวน์เฮ้าส์-หมู่บ้านพฤกษาทาวน์-เน็กซ์-บางนา-กม-5-สมุทรปราการ-พร้อมอยู่-for-sale-10020816,2450000.0,24500.0,11.0
9966940,,Nong Khaem,"Liab Klong Phasi Charoen Nua Road, Nong Kham, Nong Khaem, Bangkok",13.685815394249644,100.35893264467288,2018.0,3.0,2.0,200.0,Unfurnished,0,https://www.ddproperty.com/en/property/บ้านศุภาลัยวิลล์-เพชรเกษม-69-for-sale-9966940,4900000.0,24500.0,8.0
9542225,,Muang Samut Sakhon,"Soi Wat Phanthai Norasing, Phanthai Norasing, Muang Samut Sakhon, Samut Sakhon",13.572258,100.374095,2022.0,3.0,3.0,183.0,Fully Furnished,0,https://www.ddproperty.com/en/property/for-sale-supalai-bella-wongwaen-rama-2-detached-house-corner-unit-64-sq-wa-with-3-bedrooms-3-bathrooms-safe-convenient-to-travel-close-to-the-expressway-for-sale-9542225,4500000.0,24590.16393442623,4.0
9625048,,Nong Chok,"Mit Maitri Road, Nong Chok, Nong Chok, Bangkok",13.859480843367033,100.84823689738742,2012.0,5.0,2.0,150.0,unknown,0,https://www.ddproperty.com/en/property/นนทวีวิลล์5-ซอยมิตรไมตรี-รีโนเวทพร้อมอยู่-for-sale-9625048,3690000.0,24600.0,14.0
9996096,,Prawet,"Soi Moobaan Krongthong Pavilion, Prawet, Prawet, Bangkok",13.701271836124024,100.67921145856955,2004.0,6.0,6.0,772.0,unknown,0,https://www.ddproperty.com/en/property/บ้านเดี่ยว-บ้านกรองทอง-พาวิลเลี่ยน-6-ห้องนอน-ขาย-baan-krongthong-pavilion-house-6-bedrooms-for-sale-tp189-for-sale-9996096,19000000.0,24611.39896373057,22.0
10076227,,Lat Krabang,"Pattana Rural Road 4, Khlong Song Ton Nun, Lat Krabang, Bangkok",13.749301053503272,100.73143672883536,2014.0,4.0,3.0,195.0,unknown,0,https://www.ddproperty.com/en/property/หมู่บ้านสิมิลัน-รีฟ-similan-reef-by-ananda-ใกล้โรงเรียนสารสาสน์วิเทศน์ร่มเกล้า-for-sale-10076227,4800000.0,24615.384615384617,12.0
8002528,,Bang Bua Thong,"Ban Kluai - Sai Noi Road, Phimonrat, Bang Bua Thong, Nonthaburi",13.931953,100.354348,2017.0,5.0,5.0,280.0,Unfurnished,0,https://www.ddproperty.com/en/property/house-for-sale-78-sq-wa-kunalai-westgate-symphony-project-ban-kluay-sai-noi-kunalai-symphony-5-bedrooms-5-bathrooms-ready-to-fill-near-the-purple-line-mrt-behind-the-corner-of-a-new-house-for-sale-8002528,6900000.0,24642.85714285714,9.0
9825938,,Bang Plee,"King Kaew Road, Rachathewa, Bang Plee, Samut Prakan",13.696232,100.716367,2014.0,3.0,2.0,170.0,Partially Furnished,0,https://www.ddproperty.com/en/property/ขายบ้านเดี่ยว-พฤกษาปูริ-แสนแก้ว-กิ่งแก้ว37-55ตารางวา-สุวรรณภูมิ-ลาดกระบัง-บ้านสวยต่อเติมเต็มพร้อมอยู่-หน้าบ้านหันทิศเหนือ-for-sale-9825938,4190000.0,24647.058823529413,12.0
10060172,,Bang Bua Thong,"Ban Kluai - Sai Noi Road, Phimonrat, Bang Bua Thong, Nonthaburi",13.931953,100.354348,2017.0,3.0,3.0,150.0,Unfurnished,0,https://www.ddproperty.com/en/property/kunalai-courtyard-for-sale-10060172,3700000.0,24666.666666666668,9.0
9719091,,Bang Khun Thian,"Rama II Rd., Tha Kham, Bang Khun Thian, Bangkok",13.615959,100.43711,2013.0,4.0,3.0,320.0,unknown,0,https://www.ddproperty.com/en/property/vายบ้านเดี่ยวพร้อมอาศัย-casa-presto-พระราม-2-ติดถนนบางขุนเทียน-for-sale-9719091,7900000.0,24687.5,13.0
9992961,,Bang Lamung,"Chaiyapruek 2 Road, Bang Lamung, Bang Lamung, Chon Buri",12.883683558165322,100.91548712539844,2012.0,3.0,2.0,332.0,unknown,0,https://www.ddproperty.com/en/property/sales-single-house-pattaya-ready-move-in-for-sale-9992961,8200000.0,24698.795180722893,14.0
10024695,,Bang Plee,"King Kaew Road, Rachathewa, Bang Plee, Samut Prakan",13.696232,100.716367,2014.0,3.0,3.0,170.0,Fully Furnished,0,https://www.ddproperty.com/en/property/ขาย-บ้านเดี่ยว-ใกล้สุวรรณภูมิ-50-ตร-ว-พฤกษาปูริ-แสนแก้ว-กิ่งแก้ว-37-พร้อมเฟอร์นิเจอร์ทั้งหลัง-for-sale-10024695,4200000.0,24705.882352941175,12.0
9950379,,Bang Plee,"King Kaew Road, Rachathewa, Bang Plee, Samut Prakan",13.696232,100.716367,2014.0,3.0,2.0,170.0,Fully Furnished,0,https://www.ddproperty.com/en/property/ขาย-บ้านเดี่ยว-พฤกษาปูริ-แสนแก้ว-50-ตร-ว-กิ่งแก้ว-37-เฟอร์นิเจอร์บิ้วอินทั้งหลัง-for-sale-9950379,4200000.0,24705.882352941175,12.0
9684214,,Prawet,"Chaloem Phra Kiat Ratchakan Thi 9 Road, Dok Mai, Prawet, Bangkok",13.684982790335582,100.6693545470112,2013.0,3.0,2.0,204.0,Unfurnished,0,https://www.ddproperty.com/en/property/kn-0520-ขายด่วน-นิรันดร์วิลล์-8-บ้านสวย-ทำเลดี-น่าอยู่อาศัย-หลังบ้านไม่ชนกัน-เป็นส่วนตัว-for-sale-9684214,5050000.0,24754.901960784315,13.0
10068502,,Bang Bo,"Bang Na-Trat Frontage Road, Bang Bo, Bang Bo, Samut Prakan",13.638493,100.852305,2019.0,3.0,3.0,120.0,unknown,0,https://www.ddproperty.com/en/property/fbs449-townhouse-for-sale-villaggio-bangna-km-26-for-sale-10068502,2990000.0,24916.666666666668,7.0
9625667,,Bang Lamung,"Muang Pattaya Road, Huai Yai, Bang Lamung, Chon Buri",12.8050147,100.938323,2014.0,3.0,2.0,138.0,Unfurnished,0,https://www.ddproperty.com/en/property/for-sale-house-3-bedrooms-at-baan-dusit-pattaya-park-for-sale-9625667,3500000.0,25362.318840579712,12.0
10032020,,Bang Lamung,"Muang Pattaya Road, Huai Yai, Bang Lamung, Chon Buri",12.8050147,100.938323,2014.0,2.0,2.0,138.0,unknown,0,https://www.ddproperty.com/en/property/2-bedroom-house-for-sale-at-2-bedrooms-house-for-sale-at-baan-dusit-pattaya-park-u1060244-for-sale-10032020,3500000.0,25362.318840579712,12.0
8569710,,Bang Plee,"Lat Krabang Road, Rachathewa, Bang Plee, Samut Prakan",13.714717,100.7251718,2018.0,3.0,3.0,236.0,unknown,0,https://www.ddproperty.com/en/property/ขายถูก-บ้านเดี่ยว-2-ชั้น-ม-เพอร์เฟค-เพลส-สุขุมวิท-77-สุวรรณภูมิ-เฟส-3-วิวสวน-หน้าบ้านเป็นสวนหย่อม-ติดโรบินสันลาดกระบัง-for-sale-8569710,5990000.0,25381.35593220339,8.0
9772863,,Bang Bo,"Bang Na-Trat Frontage Road, Bang Bo, Bang Bo, Samut Prakan",13.638493,100.852305,2019.0,2.0,3.0,122.0,Partially Furnished,0,https://www.ddproperty.com/en/property/urgent-sale-villagio-bangna-lake-view-near-abac-university-for-sale-9772863,3100000.0,25409.83606557377,7.0
10065982,,Bang Bo,"Bang Na-Trat Frontage Road, Bang Bo, Bang Bo, Samut Prakan",13.638493,100.852305,2019.0,2.0,3.0,90.0,unknown,0,https://www.ddproperty.com/en/property/fsh-01087-townhouse-for-sale-villaggio-bangna-for-sale-10065982,2290000.0,25444.444444444445,7.0
9968958,,Muang Nonthaburi,"Ratchaphruek Road, Bang Krang, Muang Nonthaburi, Nonthaburi",13.844063957078385,100.44861282209013,2016.0,3.0,3.0,230.0,unknown,0,https://www.ddproperty.com/en/property/ขาย-บ้านเดี่ยว-บางกอก-บูเลอวาร์ด-ราชพฤกษ์-พระราม-5-230-ตรม-54-ตร-วา-for-sale-9968958,5900000.0,25652.17391304348,10.0
9921308,,Muang Nonthaburi,"Bang Kruai-Sai Noi Road, Bang Krang, Muang Nonthaburi, Nonthaburi",13.843736088137362,100.44131831517724,2020.0,7.0,6.0,300.0,Unfurnished,0,https://www.ddproperty.com/en/property/ขายบ้านเดี่ยว-3-ชั้นหลังมุม-คาซ่า-พรีเมี่ยม-ราชพฤกษ์-พระราม-5-ถนนบางกรวย-ไทรน้อย-for-sale-9921308,7800000.0,26000.0,6.0
9868209,,Si Racha,"350 3241 Road, Surasak, Si Racha, Chon Buri",13.152297,100.999217,2014.0,3.0,3.0,150.0,Fully Furnished,0,https://www.ddproperty.com/en/property/sale-casa-ville-sriracha-village-by-land-houses-sale-3-900-000-baht-area-37-sq-w-th-002-for-sale-9868209,3900000.0,26000.0,12.0
9718024,,Pak Kret,"Chaiya Phruk Road, Khlong Khoi, Pak Kret, Nonthaburi",13.945414,100.476854,2007.0,3.0,2.0,180.0,unknown,0,https://www.ddproperty.com/en/property/ขายถูกสุด4-69ล้าน-บ้านเดี่ยว52-5ตรว-ม-สราญสิริ-ราชพฤกษ์-แจ้งวัฒนะ-โครงการติดถนนราชพฤกษ์-รีโนเวทใหม่ทั้งหลัง-กู้ได้100-for-sale-9718024,4690000.0,26055.555555555555,19.0
9141240,,Khlong Sam Wa,"Sukhaphiban 5, Sam Wa Tawan Ok, Khlong Sam Wa, Bangkok",13.911869600835365,100.68635883296946,2014.0,3.0,3.0,180.0,unknown,0,https://www.ddproperty.com/en/property/ลดพิเศษ-neighborhome-watcharaphon-3-bedrooms-for-sale-ขายบ้านเดี่ยว-เนเบอร์โฮม-วัชรพล-3-ห้องนอน-tp039-for-sale-9141240,4690000.0,26055.555555555555,12.0
9971442,,Thanyaburi,"Soi Rangsit-Nakornnayok 23,, Prachathipat, Thanyaburi, Pathum Thani",13.995088,100.634607,2016.0,4.0,2.0,140.0,unknown,0,https://www.ddproperty.com/en/property/ขายทาวน์โฮม-2-ชั้น-เดอะทรัสต์-ทาวน์โฮม-รังสิต-คลอง-1-the-trust-townhome-ซอยรังสิต-นครนายก-23-ห้องมุม-for-sale-9971442,3650000.0,26071.428571428572,10.0
9837311,,Bang Plee,"Lat Krabang Road, Rachathewa, Bang Plee, Samut Prakan",13.714717,100.7251718,2018.0,3.0,3.0,268.0,unknown,0,https://www.ddproperty.com/en/property/ขาย-บ้านเดี่ยว-เพอร์เฟค-เพลส-รามคำแหง-174-เฟอร์นิเจอร์ครบ-for-sale-9837311,7000000.0,26119.402985074626,8.0
10063698,,Pak Kret,"59 Ratchaphruek Road, Khlong Khoi, Pak Kret, Nonthaburi",13.94379637975091,100.45951560691472,2020.0,6.0,3.0,440.0,unknown,0,https://www.ddproperty.com/en/property/บ้านเดี่ยว-ม-คาซ่า-พรีเมี่ยม-ราชพฤกษ์-แจ้งวัฒนะ-ถ-ราชพฤกษ์-for-sale-10063698,11500000.0,26136.363636363636,6.0
9830458,,Lak Si,"ซอยแจ้งวัฒนะ10 แยก3 ถนนแจ้งวัฒนะ ทุ่งสองห้อง หลักสี่, Thung Song Hong, Lak Si, Bangkok",13.889075,100.578039,2016.0,4.0,3.0,300.0,unknown,0,https://www.ddproperty.com/en/property/yog-aas117-ขายบ้านโฮมออฟฟิศ-ซอยเคหะทุ่งสองห้อง-7-85-ลบ-for-sale-9830458,7850000.0,26166.666666666668,10.0
8623490,,Bang Plee,"Lat Krabang Road, Rachathewa, Bang Plee, Samut Prakan",13.714717,100.7251718,2018.0,3.0,3.0,248.0,Partially Furnished,0,https://www.ddproperty.com/en/property/k5110364-ขาย-บ้านเดี่ยว-เพอร์เฟค-เพลส-สุขุมวิท-77-อ่อนนุช-สุวรรณภูมิ-ตึก-2-ชั้น-62-ตร-ว-sell-perfect-place-sukhumvit-77-onnut-suannabhumi-for-sale-8623490,6490000.0,26169.354838709678,8.0
9985686,,Bang Bua Thong,"Soi Sam Wang, Chaiyaphruek Road, Bang Bua Thong, Bang Bua Thong, Nonthaburi",13.928493681609885,100.42138543435864,2016.0,3.0,2.0,160.0,unknown,0,https://www.ddproperty.com/en/property/ขายบ้านเดี่ยว-2-ชั้นโมดิวิลล่า-บางบัวทอง-ใกล้ทางด่วนกาญจนาภิเษก-บางพลี-พระราม-2-for-sale-9985686,4200000.0,26250.0,10.0
10047091,,Bang Plee,"Bang Phli-Tamru Road, Bangphli Yai, Bang Plee, Samut Prakan",13.587061,100.701899,2003.0,3.0,2.0,160.0,unknown,0,https://www.ddproperty.com/en/property/ขาย-บ้านเดี่ยว-ม-วรารมย์-ประชาอุทิศ-98-จากแบรนด์-q-house-หลังมุมนอก-เนื้อที่กว้างถึง-70-5-ตร-ว-เน้นความเป็นส่วนตัว-อยู่สบาย-เพื่อนบ้านดี-ไม่มีปัญหาเรื่องจอดรถยนต์-การเดินทางสะดวกสบายเข้าออกได้หลายเส้นทาง-for-sale-10047091,4200000.0,26250.0,23.0
10030127,,Suan Luang,"Soi 3/2, Suan Luang, Suan Luang, Bangkok",13.734935,100.663275,2018.0,3.0,4.0,190.0,Partially Furnished,0,https://www.ddproperty.com/en/property/3-bedroom-house-for-sale-at-the-metro-rama-9-u166323-for-sale-10030127,5000000.0,26315.78947368421,8.0
9941426,,Muang Nonthaburi,"Ratchapruek Road, Bang Rak Noi, Muang Nonthaburi, Nonthaburi",13.859576,100.455613,2019.0,4.0,3.0,300.0,Partially Furnished,0,https://www.ddproperty.com/en/property/บ้านเดี่ยว-82-ตร-ว-เพอร์เฟค-เพลส-ราชพฤกษ์-หลังมุม-ติดสวนส่วนกลาง-for-sale-9941426,7900000.0,26333.333333333332,7.0
10060960,,Pak Kret,"59 Ratchaphruek Road, Khlong Khoi, Pak Kret, Nonthaburi",13.94379637975091,100.45951560691472,2020.0,6.0,3.0,436.0,unknown,0,https://www.ddproperty.com/en/property/บ้านเดี่ยว-ม-คาซ่า-พรีเมี่ยม-ราชพฤกษ์-แจ้งวัฒนะ-ถ-ราชพฤกษ์-for-sale-10060960,11500000.0,26376.146788990827,6.0
7126079,,Muang Samut Sakhon,"Rama 2 Road, Bang Nam Chut, Muang Samut Sakhon, Samut Sakhon",13.598819,100.367149,2018.0,3.0,3.0,265.0,unknown,0,https://www.ddproperty.com/en/property/detached-house-for-sale-the-grand-rama-2-park-ville-zone-area-87-square-wah-for-sale-7126079,6990000.0,26377.35849056604,8.0
10066041,,Bang Bo,"Bang Na-Trat Frontage Road, Bang Bo, Bang Bo, Samut Prakan",13.638493,100.852305,2019.0,2.0,3.0,90.0,unknown,0,https://www.ddproperty.com/en/property/fsh-01119-townhouse-for-sale-villaggio-bangna-village-for-sale-10066041,2390000.0,26555.555555555555,7.0
9292593,,Khlong Sam Wa,"521 Hathairat Road, Sam Wa Tawan Tok, Khlong Sam Wa, Bangkok",13.910714,100.7215,2014.0,3.0,2.0,160.0,unknown,0,https://www.ddproperty.com/en/property/pruklada-wongwaen-hathairat-for-sale-hot-deal-single-house-for-sale-in-ramintra-for-sale-9292593,4250000.0,26562.5,12.0
8973988,,Khlong Sam Wa,"521 Hathairat Road, Sam Wa Tawan Tok, Khlong Sam Wa, Bangkok",13.910714,100.7215,2014.0,3.0,2.0,160.0,Unfurnished,0,https://www.ddproperty.com/en/property/pruklada-wongwaen-hathairat-for-sale-hot-deal-single-house-for-sale-in-ramintra-for-sale-8973988,4250000.0,26562.5,12.0
10056761,,Khlong Sam Wa,"Soi Wongsakon 1, Kanchanaphisek parallel Road, Sam Wa Tawan Tok, Khlong Sam Wa, Bangkok",13.912307290707114,100.69348414351656,2021.0,3.0,3.0,175.0,Fully Furnished,0,https://www.ddproperty.com/en/property/เจ้าของลดถูกมาก-บ้านเดียวหลังริม-เซนโทร-ปิ่นเกล้า-วงแหวน-รหัสss0282-for-sale-10056761,4650000.0,26571.428571428572,5.0
9319888,,Muang Nonthaburi,"Ratchaphruek Road, Bang Krang, Muang Nonthaburi, Nonthaburi",13.844063957078385,100.44861282209013,2016.0,3.0,4.0,376.0,Fully Furnished,0,https://www.ddproperty.com/en/property/bangkok-boulevard-for-sale-9319888,10000000.0,26595.744680851065,10.0
8687941,,Sai Mai,"88 Soi Permsin 27, Khlong Tanon, Sai Mai, Bangkok",13.90084689390464,100.6389045679398,2008.0,3.0,3.0,180.46,unknown,0,https://www.ddproperty.com/en/property/ขายด่วนบ้านเดี่ยว-2-ชั้น-หมู่บ้านธัญรดา-วัชรพล-หลังมุม-ย่าน-รามอินทรา-เพิ่มสิน-สายไหม-for-sale-8687941,4800000.0,26598.69223096531,18.0
9996847,,Bang Bo,"Bang Na-Trat Frontage Road, Bang Bo, Bang Bo, Samut Prakan",13.638493,100.852305,2019.0,3.0,2.0,150.0,unknown,0,https://www.ddproperty.com/en/property/sh-01122-ขาย-บ้านเดี่ยว-villaggio-bangna-หมู่บ้าน-วิลาจจิโอ-บางนา-กม-26-บ้านเดี่ยวหลังริม-ขายต่ำกว่าราคาประเมิน-กู้มีเงินเหลือแน่นอน-for-sale-9996847,3990000.0,26600.0,7.0
8877635,,Sai Mai,"88 Soi Permsin 27, Khlong Tanon, Sai Mai, Bangkok",13.90084689390464,100.6389045679398,2008.0,3.0,3.0,180.0,Partially Furnished,0,https://www.ddproperty.com/en/property/บ้านเดียวหมู่บ้านธัญรดา-วัชรพล-หลังมุม-for-sale-8877635,4800000.0,26666.666666666668,18.0
9711017,,Saphan Sung,"Kanchanaphisek Road, Saphan Sung, Saphan Sung, Bangkok",13.738084944461162,100.70370599738558,2014.0,4.0,3.0,300.0,unknown,0,https://www.ddproperty.com/en/property/single-house-for-sale-life-bangkok-boulevard-wongwaen-rama-9-adjacent-to-the-parallel-road-kanchanaphisek-road-48-hh-64134-for-sale-9711017,8000000.0,26666.666666666668,12.0
9948835,,Prawet,"Kanchanaphisek Road, Dok Mai, Prawet, Bangkok",13.665171892906953,100.6945801593938,2011.0,3.0,2.0,180.0,Fully Furnished,0,https://www.ddproperty.com/en/property/ขาย-บ้านเดี่ยว-บ้านแฝด-คาซ่าวิลล์-บางนา-สุวรรณภูมิ-เฟอร์ครบ-พร้อมอยู่-ใกล้-เมกา-บางนา-for-sale-9948835,4800000.0,26666.666666666668,15.0
9268010,,Prawet,"ถนน เฉลิมพระเกียรติ ร.9, Nong Bon, Prawet, Bangkok",13.674511,100.652991,2014.0,5.0,6.0,450.0,Partially Furnished,0,https://www.ddproperty.com/en/property/sale-house-2-storie-price-12-000-000-baht-at-chalearmprakiet-r-9-soi-6-near-central-bangna-for-sale-9268010,12000000.0,26666.666666666668,12.0
9720115,,Khan Na Yao,"Kanchanaphisek Road, Ram Inthra, Khan Na Yao, Bangkok",13.824668705058128,100.6730238067086,2013.0,4.0,4.0,560.0,unknown,0,https://www.ddproperty.com/en/property/หลังมุม-146-ตร-วา-บางกอกบูเลอวาร์ด-รามอินทรา-ref-p-202111-46588-for-sale-9720115,14990000.0,26767.85714285714,13.0
9997290,,Bang Plee,"Thepparat Km.17 Road, Bang Chalong, Bang Plee, Samut Prakan",13.605348980307989,100.750198868737,2017.0,3.0,2.0,160.0,unknown,0,https://www.ddproperty.com/en/property/ขายบ้านแฝด-2-ชั้น-เดอะทรัสต์-สุวรรณภูมิ-เทพารักษ์-ถนนบางนา-ตราด-ถนนเทพารักษ์-ซอยบางปลา43-for-sale-9997290,4300000.0,26875.0,9.0
9959866,,Thanyaburi,"Moobaan Phum Phirom Road, Rangsit, Thanyaburi, Pathum Thani",14.00953525854528,100.7118959668337,2013.0,3.0,3.0,193.0,Unfurnished,0,https://www.ddproperty.com/en/property/10469-ธัญญาภิรมย์-วงแหวน-วัชรพล-ธัญบุรี-เพียง-5-กม-ถึงบิ๊กซี-รังสิต-for-sale-9959866,5200000.0,26943.00518134715,13.0
9292378,,Bang Bo,"Bang Na-Trat Frontage Road, Bang Bo, Bang Bo, Samut Prakan",13.638493,100.852305,2019.0,2.0,3.0,89.0,unknown,0,https://www.ddproperty.com/en/property/r019-s050-ขายด่วน-วิลลาจจิโอ-บางนา-villaggio-bangna-ทาวน์โฮม-2-ชั้นสไตล์ยุโรป-ย่าน-abac-บางนา-ใกล้ทางด่วนบูรพาวิถี-จาก-land-and-houses-บ้านสวย-พร้อมอยู่-ในราคาพิเศษ-2-4-ล้าน-สนใจติดต่อ-ไก่-097-9293939-for-sale-9292378,2400000.0,26966.29213483146,7.0
9982513,,Prawet,"Soi Moobaan Krongthong Pavilion, Prawet, Prawet, Bangkok",13.701271836124024,100.67921145856955,2004.0,6.0,6.0,772.0,Fully Furnished,0,https://www.ddproperty.com/en/property/house-for-sale-chaloem-phrakiat-rama-9-road-area-193-square-wa-for-sale-9982513,20900000.0,27072.53886010363,22.0
9936495,,Bang Plee,"Lat Krabang Road, Rachathewa, Bang Plee, Samut Prakan",13.714717,100.7251718,2018.0,3.0,3.0,251.0,Partially Furnished,0,https://www.ddproperty.com/en/property/k-4690-ขายด่วน-เพอร์เฟคเพลส-สุขุมวิท-77-สุวรรณภูมิ-บ้านสวย-ต่อเติมด้านหลังเป็นครัวไทย-ใกล้-robinson-ลาดกระบัง-for-sale-9936495,6800000.0,27091.63346613546,8.0
10016560,,Sai Mai,"Rattanagosin Road, Khlong Tanon, Sai Mai, Bangkok",13.888257607189878,100.6380274324345,2006.0,4.0,3.0,169.0,Partially Furnished,0,https://www.ddproperty.com/en/property/บ้านเดี่ยว-วัชรพล-พหลโยธิน-ม-ลลิล-อินเดอะพาร์ค-สโมสรพร้อมสระว่ายน้ำ-ใกล้ทางด่วน-ถนนตัดใหม่-รถไฟฟ้า-สายสีเขียว-รีโนเวทใหม่-ทั้งหลัง-for-sale-10016560,4580000.0,27100.59171597633,20.0
10066578,,Min Buri,"103 Ramkhamhaeng Road, Min Buri, Min Buri, Bangkok",13.805766,100.726511,2012.0,3.0,3.0,236.0,unknown,0,https://www.ddproperty.com/en/property/pbh-01095-detached-house-for-sale-tararom-parkway-chalet-ramkhamhaeng-190-1-for-sale-10066578,6400000.0,27118.64406779661,14.0
10020282,,Min Buri,"103 Ramkhamhaeng Road, Min Buri, Min Buri, Bangkok",13.805766,100.726511,2012.0,3.0,3.0,236.0,unknown,0,https://www.ddproperty.com/en/property/pbh-01095-detached-house-for-sale-tararom-parkway-chalet-ramkhamhaeng-190-1-for-sale-10020282,6400000.0,27118.64406779661,14.0
10066026,,Bang Bo,"Bang Na-Trat Frontage Road, Bang Bo, Bang Bo, Samut Prakan",13.638493,100.852305,2019.0,2.0,3.0,90.0,unknown,0,https://www.ddproperty.com/en/property/fsh-01110-house-for-sale-village-villaggio-bangna-km-26-for-sale-10066026,2450000.0,27222.222222222223,7.0
10059848,,Bang Sao Thong,"Bangna-Trad Road Km. 24, Bang Sao Thong, Bang Sao Thong, Samut Prakan",13.593057484949002,100.81477697116466,2011.0,3.0,3.0,180.0,unknown,0,https://www.ddproperty.com/en/property/ksh0370-บ้านเดี่ยวออคิดวิลล่าเฟส4-บางนาตราด-กม-24-orchid-villa-บางเสาธง-ใกล้-สนามบินสุวรรณภูมิ-for-sale-10059848,4900000.0,27222.222222222223,15.0
9722877,,Bang Bo,"Bang Na-Trat Frontage Road, Bang Bo, Bang Bo, Samut Prakan",13.638493,100.852305,2019.0,2.0,3.0,90.0,unknown,0,https://www.ddproperty.com/en/property/sh-01110-ขายด่วน-ทาวน์เฮ้าส์-วิลาจจิโอ-บางนา-กม-26-ซอยเอแบคบางนา-บางบ่อ-villaggio-bangna-for-sale-9722877,2450000.0,27222.222222222223,7.0
9769960,,Pak Kret,"ซอยแจ้งวัฒ ถนนแจ้งวัฒนะ, Ban Mai, Pak Kret, Nonthaburi",13.8834366,100.5829017,2012.0,5.0,4.0,2308.0,Fully Furnished,0,https://www.ddproperty.com/en/property/sale-thai-styled-house-4-bedroom-for-sale-in-chaeng-watthana-5-bedrooms-id-161239-h-176-2308-sqm-for-sale-9769960,63000000.0,27296.36048526863,14.0
5057552,,Bang Lamung,"จอมเทียน, Nong Pru, Bang Lamung, Chon Buri",12.876013638556756,100.89357273281648,1991.0,4.0,3.0,200.0,Fully Furnished,0,https://www.ddproperty.com/en/property/3-bed-3-bath-in-jomtien-for-5-500-000-thb-pc6278-for-sale-5057552,5500000.0,27500.0,35.0
8434720,,Bang Plee,"Tamru-Bang Phli Road, Bangphli Yai, Bang Plee, Samut Prakan",13.593864043056827,100.69361124178604,2020.0,3.0,3.0,200.0,unknown,0,https://www.ddproperty.com/en/property/วิลล่า-โนวา-เทพารักษ์-for-sale-8434720,5500000.0,27500.0,6.0
8781242,,Bang Lamung,"Bang Lamung, Bang Lamung, Chon Buri",13.648519,100.420287,2023.0,5.0,6.0,836.0,Fully Furnished,0,https://www.ddproperty.com/en/property/sale-jomtien-park-villas-5-bedrooms-id-117632-hf-6083-836-sqm-for-sale-8781242,23000000.0,27511.96172248804,3.0
6462714,,Pak Kret,"Chaiya Phruk Road, Khlong Khoi, Pak Kret, Nonthaburi",13.945414,100.476854,2007.0,3.0,3.0,192.00000000000003,unknown,0,https://www.ddproperty.com/en/property/บ้านเดี่ยว-ม-ชัยพฤกษ์-ราชพฤกษ์-แจ้งวัฒนะ-เพียง-10-นาทีถึงรถไฟฟ้า-สถานีบางรักใหญ่-for-sale-6462714,5290000.0,27552.08333333333,19.0
3396290,,Pak Kret,"Chaiya Phruk Road, Khlong Khoi, Pak Kret, Nonthaburi",13.945414,100.476854,2007.0,3.0,3.0,192.00000000000003,unknown,0,https://www.ddproperty.com/en/property/บ้านเดี่ยว-ม-ชัยพฤกษ์-ราชพฤกษ์-แจ้งวัฒนะ-บนทำเลศักยภาพติดถนนราชพฤกษ์-เชื่อมสู่แจ้งวัฒนะได้อย่างรวดเร็ว-และเพียง-10-นาทีถึงรถไฟฟ้า-สถานีบางรักใหญ่-for-sale-3396290,5290000.0,27552.08333333333,19.0
8239401,,San Kamphaeng,"New Chiang Mai - Sankampang Road, Buak Sang, San Kamphaeng, Chiang Mai",18.730275,99.09599,2021.0,3.0,3.0,151.0,Unfurnished,0,https://www.ddproperty.com/en/property/3-bedroom-villa-for-sale-at-malada-grand-coulee-u221953-for-sale-8239401,4167257.0,27597.72847682119,5.0
9966009,,Muang Nonthaburi,"Bang Kruai-Sai Noi Road, Bang Krang, Muang Nonthaburi, Nonthaburi",13.843736088137362,100.44131831517724,2020.0,4.0,5.0,250.0,Partially Furnished,0,https://www.ddproperty.com/en/property/ขายบ้านเดี่ยว-3-ชั้น-พรีเมี่ยม-ราชพฤกษ์-พระราม-5-ถนนบางกรวย-ไทรน้อย-for-sale-9966009,6900000.0,27600.0,6.0
8112769,,Sattahip,"2 นาจอมเทียน, Na Chom Thian, Sattahip, Chon Buri",12.7905696,100.9150822,2012.0,3.0,3.0,180.0,Fully Furnished,0,https://www.ddproperty.com/en/property/3-bed-3-bath-in-na-jomtien-bang-saray-for-5-000-000-thb-pc7961-for-sale-8112769,5000000.0,27777.777777777777,14.0
8112765,,Sattahip,"2 นาจอมเทียน, Na Chom Thian, Sattahip, Chon Buri",12.7905696,100.9150822,2012.0,4.0,3.0,180.0,Fully Furnished,0,https://www.ddproperty.com/en/property/4-bed-3-bath-in-na-jomtien-bang-saray-for-5-000-000-thb-pc7962-for-sale-8112765,5000000.0,27777.777777777777,14.0
9390650,,Khlong Sam Wa,"Leap Klong Song Road, Bang Chun, Khlong Sam Wa, Bangkok",13.859975038912989,100.71389524805213,2011.0,3.0,2.0,124.0,unknown,0,https://www.ddproperty.com/en/property/lanceo-ramintra-single-house-for-sale-3-beds-2-baths-for-sale-9390650,3450000.0,27822.58064516129,15.0
9535505,,Khlong Sam Wa,"Leap Klong Song Road, Bang Chun, Khlong Sam Wa, Bangkok",13.859975038912989,100.71389524805213,2011.0,3.0,2.0,124.0,unknown,0,https://www.ddproperty.com/en/property/lanceo-ramintra-single-house-for-sale-3-beds-2-baths-for-sale-9535505,3450000.0,27822.58064516129,15.0
9731075,,Bang Kruai,"Rural road Nonthaburi 1011, Sala Klang, Bang Kruai, Nonthaburi",13.808474,100.361442,2018.0,4.0,3.0,140.0,unknown,0,https://www.ddproperty.com/en/property/คาซ่า-วิลล์-ปิ่นเกล้า-ศรีรัช-for-sale-9731075,3900000.0,27857.14285714286,8.0
9739103,,Bang Plee,"King Kaew Road, Rachathewa, Bang Plee, Samut Prakan",13.696232,100.716367,2014.0,3.0,2.0,150.0,unknown,0,https://www.ddproperty.com/en/property/ลด-6-แสน-พฤกษา-ปูริ-กิ่งแก้ว-37-3-ห้องนอน-ขาย-pruksa-puri-kingkaew-37-3-bedrooms-for-sale-tp086-for-sale-9739103,4200000.0,28000.0,12.0
10051380,,Prawet,"Kanchanaphisek Parallel Road, Dok Mai, Prawet, Bangkok",13.65726121589002,100.69563967590716,2012.0,3.0,2.0,126.0,Partially Furnished,0,https://www.ddproperty.com/en/property/atoll-maldives-plams-bangna-mega-bangna-for-sale-10051380,3550000.0,28174.603174603173,14.0
8900652,,San Kamphaeng,"New Chiang Mai - Sankampang Road, Buak Sang, San Kamphaeng, Chiang Mai",18.730275,99.09599,2021.0,3.0,3.0,151.0,Unfurnished,0,https://www.ddproperty.com/en/property/3-bedroom-villa-for-sale-at-malada-grand-coulee-u221947-for-sale-8900652,4264012.0,28238.490066225164,5.0
8692372,,San Kamphaeng,"New Chiang Mai - Sankampang Road, Buak Sang, San Kamphaeng, Chiang Mai",18.730275,99.09599,2021.0,3.0,3.0,151.0,Unfurnished,0,https://www.ddproperty.com/en/property/3-bedroom-villa-for-sale-at-malada-grand-coulee-u221972-for-sale-8692372,4264012.0,28238.490066225164,5.0
8694218,,San Kamphaeng,"New Chiang Mai - Sankampang Road, Buak Sang, San Kamphaeng, Chiang Mai",18.730275,99.09599,2021.0,3.0,3.0,151.0,Unfurnished,0,https://www.ddproperty.com/en/property/3-bedroom-villa-for-sale-at-malada-grand-coulee-u221971-for-sale-8694218,4264012.0,28238.490066225164,5.0
8937813,,San Kamphaeng,"New Chiang Mai - Sankampang Road, Buak Sang, San Kamphaeng, Chiang Mai",18.730275,99.09599,2021.0,3.0,3.0,151.0,Unfurnished,0,https://www.ddproperty.com/en/property/3-bedroom-villa-for-sale-at-malada-grand-coulee-u221946-for-sale-8937813,4264012.0,28238.490066225164,5.0
8682104,,San Kamphaeng,"New Chiang Mai - Sankampang Road, Buak Sang, San Kamphaeng, Chiang Mai",18.730275,99.09599,2021.0,3.0,3.0,151.0,Unfurnished,0,https://www.ddproperty.com/en/property/3-bedroom-villa-for-sale-at-malada-grand-coulee-u221966-for-sale-8682104,4264012.0,28238.490066225164,5.0
8681601,,San Kamphaeng,"New Chiang Mai - Sankampang Road, Buak Sang, San Kamphaeng, Chiang Mai",18.730275,99.09599,2021.0,3.0,3.0,151.0,Unfurnished,0,https://www.ddproperty.com/en/property/3-bedroom-villa-for-sale-at-malada-grand-coulee-u221970-for-sale-8681601,4264012.0,28238.490066225164,5.0
8910888,,San Kamphaeng,"New Chiang Mai - Sankampang Road, Buak Sang, San Kamphaeng, Chiang Mai",18.730275,99.09599,2021.0,3.0,3.0,151.0,Unfurnished,0,https://www.ddproperty.com/en/property/3-bedroom-villa-for-sale-at-malada-grand-coulee-u221952-for-sale-8910888,4264012.0,28238.490066225164,5.0
8689287,,San Kamphaeng,"New Chiang Mai - Sankampang Road, Buak Sang, San Kamphaeng, Chiang Mai",18.730275,99.09599,2021.0,3.0,3.0,151.0,Unfurnished,0,https://www.ddproperty.com/en/property/3-bedroom-villa-for-sale-at-malada-grand-coulee-u221943-for-sale-8689287,4264012.0,28238.490066225164,5.0
8684565,,San Kamphaeng,"New Chiang Mai - Sankampang Road, Buak Sang, San Kamphaeng, Chiang Mai",18.730275,99.09599,2021.0,3.0,3.0,151.0,Unfurnished,0,https://www.ddproperty.com/en/property/3-bedroom-villa-for-sale-at-malada-grand-coulee-u221967-for-sale-8684565,4264012.0,28238.490066225164,5.0
8909191,,San Kamphaeng,"New Chiang Mai - Sankampang Road, Buak Sang, San Kamphaeng, Chiang Mai",18.730275,99.09599,2021.0,3.0,3.0,151.0,Unfurnished,0,https://www.ddproperty.com/en/property/3-bedroom-villa-for-sale-at-malada-grand-coulee-u221942-for-sale-8909191,4264012.0,28238.490066225164,5.0
8925774,,San Kamphaeng,"New Chiang Mai - Sankampang Road, Buak Sang, San Kamphaeng, Chiang Mai",18.730275,99.09599,2021.0,3.0,3.0,151.0,Unfurnished,0,https://www.ddproperty.com/en/property/3-bedroom-villa-for-sale-at-malada-grand-coulee-u221956-for-sale-8925774,4264012.0,28238.490066225164,5.0
8630586,,San Kamphaeng,"New Chiang Mai - Sankampang Road, Buak Sang, San Kamphaeng, Chiang Mai",18.730275,99.09599,2021.0,3.0,3.0,151.0,Unfurnished,0,https://www.ddproperty.com/en/property/3-bedroom-villa-for-sale-at-malada-grand-coulee-u221957-for-sale-8630586,4264012.0,28238.490066225164,5.0
9663313,,Muang Samut Sakhon,"Rama 2 Road, Bang Nam Chut, Muang Samut Sakhon, Samut Sakhon",13.598819,100.367149,2018.0,3.0,3.0,230.0,unknown,0,https://www.ddproperty.com/en/property/detached-house-for-sale-the-grand-rama-2-park-ville-zone-size-75-square-wah-for-sale-9663313,6500000.0,28260.869565217392,8.0
8599629,,Lam Luk Ka,"Hatairat Road, Bung Kham Proi, Lam Luk Ka, Pathum Thani",13.917304,100.718275,2012.0,3.0,2.0,134.0,unknown,0,https://www.ddproperty.com/en/property/ขายด่วนบ้านเดี่ยว-2-ชั้น-หมู่บ้านเดอะ-ทรัสต์-วิลล์-วัชรพล-หทัยราษฎร์-หลังมุมด้านใน-ย่านบางเขน-สายไหม-for-sale-8599629,3790000.0,28283.582089552237,14.0
8022398,,Bang Plee,"Namdaeng Road, Bangphli Yai, Bang Plee, Samut Prakan",13.621157,100.679146,2015.0,3.0,3.0,200.0,unknown,0,https://www.ddproperty.com/en/property/ลดต่ำราคาประเมินหนัก-บ้านเดี่ยวพฤกษา-ดีไลท์-อ่อนนุข-มอเตอร์เวย์-รหัสss0127-for-sale-8022398,5690000.0,28450.0,11.0
9963298,,Bang Khun Thian,"Rama II Rd., Tha Kham, Bang Khun Thian, Bangkok",13.615959,100.43711,2013.0,3.0,2.0,140.0,Unfurnished,0,https://www.ddproperty.com/en/property/jx-ขาย-คาซ่าเพรสโต้-เทียนทะเล-บางขุนเทียน-ชายทะเล-ท่าข้าม-พระราม-2-กทม-ใกล้-รพ-ผู้สูงอายุ-บางขุนเทียน-for-sale-9963298,4000000.0,28571.428571428572,13.0
9863627,,Pak Kret,"Ratchaphruek Road, Bang Phlap, Pak Kret, Nonthaburi",13.91182939712349,100.45010470857406,2010.0,3.0,3.0,220.0,Partially Furnished,0,https://www.ddproperty.com/en/property/ขาย-บ้านเดี่ยว2ชั้น-สัมมากร-ราชพฤกษ์-57ตรว-220-ตรม-3นอน-3น้ำ-ทิศเหนือ-for-sale-9863627,6300000.0,28636.363636363636,16.0
9460322,,Bang Plee,"Theparak Km.15 Road, Bang Pla, Bang Plee, Samut Prakan",13.584616,100.733333,2019.0,4.0,2.0,205.6,Fully Furnished,0,https://www.ddproperty.com/en/property/kn-0474-ขายด่วน-ภัสสร-บางนา-บ้านสวย-เดินทางสะดวก-ทำเลดีเยี่ยม-for-sale-9460322,5900000.0,28696.49805447471,7.0
10065997,,Bang Bo,"Bang Na-Trat Frontage Road, Bang Bo, Bang Bo, Samut Prakan",13.638493,100.852305,2019.0,2.0,2.0,90.0,unknown,0,https://www.ddproperty.com/en/property/fsh-01088-house-for-sale-village-villaggio-bangna-for-sale-10065997,2590000.0,28777.777777777777,7.0
10050285,,Bang Plee,"Thepparat Km.17 Road, Bang Chalong, Bang Plee, Samut Prakan",13.605348980307989,100.750198868737,2017.0,3.0,2.0,128.0,unknown,0,https://www.ddproperty.com/en/property/pbs441-ขาย-บ้านแฝด-สไตล์บ้านเดี่ยว-หมู่บ้าน-เดอะทรัสต์-สุวรรณภูมิ-เทพารักษ์-หมู่บ้าน-เดอะ-ทรัสต์-บางปลา-บางโฉลง-for-sale-10050285,3690000.0,28828.125,9.0
9972699,,Bang Plee,"Thepparat Km.17 Road, Bang Chalong, Bang Plee, Samut Prakan",13.605348980307989,100.750198868737,2017.0,3.0,2.0,128.0,unknown,0,https://www.ddproperty.com/en/property/pbs441-ขาย-บ้านแฝด-สไตล์บ้านเดี่ยว-หมู่บ้าน-เดอะทรัสต์-สุวรรณภูมิ-เทพารักษ์-หมู่บ้าน-เดอะ-ทรัสต์-บางปลา-บางโฉลง-for-sale-9972699,3690000.0,28828.125,9.0
9351000,,Bang Lamung,"Muang Pattaya Road, Huai Yai, Bang Lamung, Chon Buri",12.8050147,100.938323,2014.0,3.0,2.0,138.0,Partially Furnished,0,https://www.ddproperty.com/en/property/for-sale-house-3-bedrooms-at-baan-dusit-pattaya-park-for-sale-9351000,3990000.0,28913.043478260868,12.0
9947242,,Muang Samut Prakarn,"แพรกษา, Phraeksa, Muang Samut Prakarn, Samut Prakan",13.5883125,100.6533125,2014.0,3.0,2.0,152.0,Partially Furnished,0,https://www.ddproperty.com/en/property/house-for-sale-baan-dee-prom-the-prime-marie-corner-phraeksa-mueang-samut-prakan-for-sale-9947242,4400000.0,28947.36842105263,12.0
9791210,,Bang Lamung,"2 ชัยพฤกษ์, Nong Pru, Bang Lamung, Chon Buri",12.8836292,100.9136504,2012.0,2.0,2.0,100.0,Fully Furnished,0,https://www.ddproperty.com/en/property/sale-jomtien-pattaya-garden-house-for-sale-2-bedrooms-ref-5200s-216-sqm-for-sale-9791210,2900000.0,29000.0,14.0
9950466,,Pak Kret,"Chaiyapruek Road, Khlong Phra Udom, Pak Kret, Nonthaburi",13.926237755982218,100.46455480807208,2010.0,4.0,4.0,310.0,Partially Furnished,0,https://www.ddproperty.com/en/property/ขายบ้านเดี่ยว-2-ชั้น-4-นอน-4-น้ำ-ม-ลัดดารมย์-ชัยพฤกษ์-แจ้งวัฒนะ-พื้นที่สวนกว้าง-for-sale-9950466,9000000.0,29032.25806451613,16.0
9970706,,Bang Bo,"Bang Na-Trat Frontage Road, Bang Bo, Bang Bo, Samut Prakan",13.638493,100.852305,2019.0,3.0,3.0,155.0,unknown,0,https://www.ddproperty.com/en/property/ขายถูกบ้านเดี่ยวบางนาหลังมุม-วิลลาจจิโอ-เอแบคบางนา-vilaggio-bangna-for-sale-9970706,4500000.0,29032.25806451613,7.0
7532819,,Muang Nonthaburi,"Ratchaphruek Road, Bang Krang, Muang Nonthaburi, Nonthaburi",13.844063957078385,100.44861282209013,2016.0,5.0,6.0,550.0,Unfurnished,0,https://www.ddproperty.com/en/property/ขาย-บ้านเดี่ยวแฝด-หลังมุม-2-ชั้น-130-ตร-วา-bangkok-boulevard-ratchapruek-rama-5-ราคา-16-ลบ-พิเศษ-สุดๆๆ-thipprop-for-sale-7532819,16000000.0,29090.909090909092,10.0
9593005,,Muang Samut Sakhon,"Rama 2 Road, Bang Nam Chut, Muang Samut Sakhon, Samut Sakhon",13.598819,100.367149,2018.0,3.0,3.0,170.0,Fully Furnished,0,https://www.ddproperty.com/en/property/คุ้มมาก-ขายบ้านเดี่ยวหลังมุม-โครงการ-เดอะแกรนด์-พระราม-2-the-grand-rama-2-สภาพใหม่ทำเลดี-บรรยากาศเงียบสงบขนาด-52-3-ตารางวา-for-sale-9593005,4950000.0,29117.647058823528,8.0
9867766,,Bang Khun Thian,"Soi Rama 2, Samae Dam, Bang Khun Thian, Bangkok",13.578629763823637,100.3881098431219,2020.0,4.0,2.0,140.0,unknown,0,https://www.ddproperty.com/en/property/ขายด่วนบ้าน-ไอลีฟ-พาร์ค-พระราม-2-for-sale-9867766,4090000.0,29214.285714285714,6.0
10064720,,Bang Plee,"ฺBuanakarin Road, Bang Kaeo, Bang Plee, Samut Prakan",13.648868,100.656696,2015.0,3.0,2.0,68.0,unknown,0,https://www.ddproperty.com/en/property/fsh-01065-house-for-sale-pruksa-town-nexts-bangna-km-5-for-sale-10064720,1990000.0,29264.70588235294,11.0
8385134,,Bang Plee,"Srinakarin Road, Bang Kaeo, Bang Plee, Samut Prakan",13.624664311327384,100.6623625863656,2018.0,3.0,2.0,150.0,Fully Furnished,0,https://www.ddproperty.com/en/property/ขาย-บ้านเดี่ยว-2-ชั้น-ภัสสร-ไพรด์-ศรีนครินทร์-หนามแดง-เนื้อที่-39ตร-วา-3ห้องนอน-2ห้องน้ำ-ทิศใต้-for-sale-8385134,4390000.0,29266.666666666668,8.0
10001689,,Muang Nonthaburi,"Ratchapruek Road, Bang Rak Noi, Muang Nonthaburi, Nonthaburi",13.859576,100.455613,2019.0,3.0,3.0,184.0,Partially Furnished,0,https://www.ddproperty.com/en/property/ขาย-บ้านเดี่ยว-ม-เพอร์เฟค-เพลส-ราชพฤกษ์-perfect-place-ratchaphruek-ทำเลดี-ติดถนนราชพฤกษ์-for-sale-10001689,5390000.0,29293.478260869564,7.0
7971527,,Suan Luang,"Phatthanakan 20, Phatthanakan Road, Suan Luang, Suan Luang, Bangkok",13.726065,100.616178,2023.0,4.0,4.0,440.0,Partially Furnished,0,https://www.ddproperty.com/en/property/บ้าน-luxury-พัฒนาการ-20-estara-haven-3-5ชั้น-4ห้องนอน-4น้ำ-โครงการใหม่-12-99-ถนนเมนโครงการ-for-sale-7971527,12900000.0,29318.18181818182,3.0
8744435,,Muang Samut Prakarn,"Phraeksa Road, Phraeksa, Muang Samut Prakarn, Samut Prakan",13.569616147657014,100.64503422698192,2013.0,3.0,2.0,150.0,unknown,0,https://www.ddproperty.com/en/property/เนเชอร่า-สุขุมวิท-แพรกษา-รีโนเวทใหม่-for-sale-8744435,4400000.0,29333.333333333332,13.0
10021599,,Bang Plee,"Namdaeng Road, Bangphli Yai, Bang Plee, Samut Prakan",13.613911598525814,100.68788980696512,2011.0,3.0,2.0,143.0,Unfurnished,0,https://www.ddproperty.com/en/property/11635-ภัสสร-28-กิ่งแก้ว-หนามแดง-เพียง-10-นาทีถึง-แม็คโคร-บางพลี-for-sale-10021599,4200000.0,29370.62937062937,15.0
9640458,,Phra Khanong,"Srinakarin Road, Bang Chak, Phra Khanong, Bangkok",13.61836,100.621464,2009.0,3.0,3.0,250.0,Partially Furnished,0,https://www.ddproperty.com/en/property/ขายบ้านเดี่ยว-ธนาภิรมย์-โลตัส-ศรีนครินทร์-61ตร-ว-3ห้องนอน-3ห้องน้ำ-ใกล้โรงเรียนอัสสัมชัญ-รร-เทพศิรินทร์สมุทรปราการ-ทิพวัล-บางเมือง-ศรีนครินทร์-เทพารักษ์-หน้าบ้านหันทิศใต้-หลังบ้านไม่ชนใคร-for-sale-9640458,7390000.0,29560.0,17.0
10061530,,Nong Khaem,"Liab Klong Phasi Charoen Nua Road, Nong Kham, Nong Khaem, Bangkok",13.685815394249644,100.35893264467288,2018.0,3.0,3.0,216.0,Unfurnished,0,https://www.ddproperty.com/en/property/please-inform-the-code-xa65-047-2-storey-detached-house-for-sale-supalai-ville-phetkasem-69-project-3-bedrooms-3-bathrooms-54-5-sq-m-2-floors-sell-6-39-million-baht-line-0962215326-khun-on-for-sale-10061530,6390000.0,29583.333333333332,8.0
9996098,,Bang Kruai,"Rural road Nonthaburi 1011, Sala Klang, Bang Kruai, Nonthaburi",13.808474,100.361442,2018.0,4.0,3.0,125.0,Unfurnished,0,https://www.ddproperty.com/en/property/ขาย-คาซ่า-วิลล์-ปิ่นเกล้า-ศรีรัช-ราคาขาดทุนยับ-ไม่เคยเข้าอยู่-สภาพนางฟ้า-bj-r15-for-sale-9996098,3700000.0,29600.0,8.0
8421209,,Bang Plee,"Thepparat Km.17 Road, Bang Chalong, Bang Plee, Samut Prakan",13.605348980307989,100.750198868737,2017.0,3.0,2.0,128.0,Unfurnished,0,https://www.ddproperty.com/en/property/ขาย-บ้านแฝด-ขาดทุน-เดอะทรัสต์-สุวรรณภูมิ-เทพารักษ์-ขนาด-35-ตรว-พื้นที่-128-ตรม-สภาพใหม่-ใกล้มหาลัยหัวเฉียว-เข้าออกได้หลายทาง-for-sale-8421209,3790000.0,29609.375,9.0
8898536,,San Kamphaeng,"New Chiang Mai - Sankampang Road, Buak Sang, San Kamphaeng, Chiang Mai",18.730275,99.09599,2021.0,3.0,3.0,151.0,Unfurnished,0,https://www.ddproperty.com/en/property/3-bedroom-villa-for-sale-at-malada-grand-coulee-u221961-for-sale-8898536,4484853.0,29701.01324503311,5.0
8917058,,San Kamphaeng,"New Chiang Mai - Sankampang Road, Buak Sang, San Kamphaeng, Chiang Mai",18.730275,99.09599,2021.0,3.0,3.0,151.0,Unfurnished,0,https://www.ddproperty.com/en/property/3-bedroom-villa-for-sale-at-malada-grand-coulee-u221960-for-sale-8917058,4484853.0,29701.01324503311,5.0
10076715,,Bang Bon,"Karnchanapisek Road, Bang Bon, Bang Bon, Bangkok",13.643496992374418,100.40036102331352,2020.0,4.0,3.0,185.0,unknown,0,https://www.ddproperty.com/en/property/kie-212-ทาวน์โฮม-2-ชั้น-motto-กาญจนาภิเษก-พระราม-2-for-sale-10076715,5500000.0,29729.72972972973,6.0
9540625,,Kathu,"Paholayothin Paholayothin, Kammala, Kathu, Phuket",19.8936283,99.8311529,2014.0,3.0,2.0,150.0,unknown,0,https://www.ddproperty.com/en/property/6409-550-house-for-sale-kathu-phuket-passorn-phuket-3-bedrooms-2-pa-for-sale-9540625,4490000.0,29933.333333333332,12.0
9731210,,Saphan Sung,"Ramkhamhaeng Road, Saphan Sung, Saphan Sung, Bangkok",13.773583,100.667778,2002.0,4.0,3.0,400.0,Partially Furnished,0,https://www.ddproperty.com/en/property/หมู่บ้านโกลเด้นล้านนา-รามคำแหง92-for-sale-9731210,11990000.0,29975.0,24.0
9981285,,Muang Samut Prakarn,"Soi Srisamit, Thepharak, Muang Samut Prakarn, Samut Prakan",13.615678747184688,100.6336108433537,2019.0,3.0,2.0,130.0,unknown,0,https://www.ddproperty.com/en/property/ขาย-บ้านเดี่ยว-เดอะ-แพลนท์-เทพารักษ์-130-ตรม-38-ตร-วา-for-sale-9981285,3900000.0,30000.0,7.0
10047181,,Bang Bua Thong,"Kunaphat main road, Phimonrat, Bang Bua Thong, Nonthaburi",13.933057,100.363282,2013.0,3.0,2.0,123.0,unknown,0,https://www.ddproperty.com/en/property/ขาย-บ้านเดี่ยวมือสองย่านนนทบุรี-ม-คุณาภัทร-5-บ้านกล้วย-ไทรน้อย-เนื้อที่กว้างขวางเกือบ-52-60-ตร-ว-ฟังก์ชัน-3-ห้องนอน-2-ห้องน้ำ-2-ที่จอดรถ-พร้อมอยู่-บนทำเลแห่งการเดินทาง-ใกล้เซ็นทรัลเวสต์เกต-และรถไฟฟ้าสายสีม่วง-สถานีคลองบางไผ่-for-sale-10047181,3690000.0,30000.0,13.0
9071312,,Bang Bo,"Bang Na-Trat Frontage Road, Bang Bo, Bang Bo, Samut Prakan",13.638493,100.852305,2019.0,2.0,3.0,90.0,Partially Furnished,0,https://www.ddproperty.com/en/property/kn-0297-ขายด่วน-วิลาจิโอบางนา-ขายขาดทุนราคาถูกกว่าบ้านใหม่บ้านสวยสำหรับหลังมุมบ้านนี้ราคาดี-for-sale-9071312,2700000.0,30000.0,7.0
9586398,,Pak Kret,"Ratchapruek Road, Tha It, Pak Kret, Nonthaburi",13.892242805332131,100.45074307764054,2010.0,6.0,6.0,500.0,unknown,0,https://www.ddproperty.com/en/property/ae64198-urgent-sale-casa-ville2-ratchaphruek-rattanathibet-convenient-for-sale-9586398,15000000.0,30000.0,16.0
9822212,,Muang Samut Prakarn,"Thepharak Road, Phreak Sa Mai, Muang Samut Prakarn, Samut Prakan",13.59443160706271,100.65869199999992,2001.0,4.0,2.0,140.0,unknown,0,https://www.ddproperty.com/en/property/ลลิล-วงแหวนฯ-เทพารักษ์-ซอยมังกร-หลังมุม-for-sale-9822212,4200000.0,30000.0,25.0
9396739,,Bang Bua Thong,"Lam Pho Rroad, Lam Pho, Bang Bua Thong, Nonthaburi",13.943812,100.442105,2021.0,3.0,3.0,172.0,Partially Furnished,0,https://www.ddproperty.com/en/property/r2259-ขายบ้านเดี่ยว-2-ชั้น-หลังใหญ่-บ้านสภาพใหม่ม้าก-อยู่มา-4-5-ปีมีสนามหญ้าข้างบ้าน-for-sale-9396739,5190000.0,30174.418604651164,5.0
9969396,,Bang Bua Thong,"Lam Pho Rroad, Lam Pho, Bang Bua Thong, Nonthaburi",13.943812,100.442105,2021.0,3.0,3.0,172.0,unknown,0,https://www.ddproperty.com/en/property/ขาย-บ้านเดี่ยว-สัมมากร-ชัยพฤกษ์-172-ตรม-62-ตร-วา-ราคาถูกมาก-for-sale-9969396,5190000.0,30174.418604651164,5.0
10053042,,Bang Plee,"Lat Krabang Road, Rachathewa, Bang Plee, Samut Prakan",13.714717,100.7251718,2018.0,3.0,3.0,248.0,Partially Furnished,0,https://www.ddproperty.com/en/property/ขายบ้านเดี่ยวหลังมุม-2-ชั้น-62-1ตารางวา-เพอร์เฟค-เพลส-สุขุมวิท-77-สุวรรณภูมิ-เฟส3-for-sale-10053042,7500000.0,30241.935483870966,8.0
10051449,,Bang Plee,"Namdaeng Road, Bangphli Yai, Bang Plee, Samut Prakan",13.613911598525814,100.68788980696512,2011.0,4.0,2.0,165.0,Partially Furnished,0,https://www.ddproperty.com/en/property/for-sale-single-house-patsorn-28-namdeang-bangplee-close-sarasas-wited-suvarnbhumi-for-sale-10051449,4990000.0,30242.424242424244,15.0
9198669,,Bang Bo,"Bang Na-Trat Frontage Road, Bang Bo, Bang Bo, Samut Prakan",13.638493,100.852305,2019.0,2.0,3.0,90.0,Fully Furnished,0,https://www.ddproperty.com/en/property/kn-0376-ขายด่วน-วิลลาจจิโอ-บางนา-กม-26-เฟอร์นิเจอร์และเครื่องใช้ไฟฟ้าครบ-พร้อมอยู่-for-sale-9198669,2730000.0,30333.333333333332,7.0
9747189,,Pak Kret,"Ratchapruek Road, Om Kret, Pak Kret, Nonthaburi",13.908868618801126,100.45033871784273,2014.0,4.0,4.0,280.0,Partially Furnished,0,https://www.ddproperty.com/en/property/house-89-sq-m-laddarom-ratchaphruek-project-rattanathibet-4-bed-4-bath-ready-to-move-in-for-sale-9747189,8500000.0,30357.14285714286,12.0
8463115,,Bang Plee,"King Kaew Road, Rachathewa, Bang Plee, Samut Prakan",13.696232,100.716367,2014.0,3.0,2.0,130.0,Partially Furnished,0,https://www.ddproperty.com/en/property/detached-house-for-sale-in-pruksa-puri-king-kaew-37-close-to-suvarnabhumi-airport-for-sale-8463115,3950000.0,30384.615384615383,12.0
10051729,,Nong Khaem,"Liab Klong Phasi Charoen Nua Road, Nong Kham, Nong Khaem, Bangkok",13.685815394249644,100.35893264467288,2018.0,3.0,2.0,148.0,unknown,0,https://www.ddproperty.com/en/property/pbs398-house-for-sale-supalai-ville-phetkasem-69-for-sale-10051729,4500000.0,30405.405405405407,8.0
9974886,,Nong Khaem,"Liab Klong Phasi Charoen Nua Road, Nong Kham, Nong Khaem, Bangkok",13.685815394249644,100.35893264467288,2018.0,3.0,2.0,148.0,unknown,0,https://www.ddproperty.com/en/property/pbs398-house-for-sale-supalai-ville-phetkasem-69-for-sale-9974886,4500000.0,30405.405405405407,8.0
9795566,,Nong Khaem,"Liab Klong Phasi Charoen Nua Road, Nong Kham, Nong Khaem, Bangkok",13.685815394249644,100.35893264467288,2018.0,3.0,2.0,148.0,unknown,0,https://www.ddproperty.com/en/property/bs398-บ้านแฝด-2-ชั้น-หลังมุม-ศุภาลัย-เพชรเกษม69-ใกล้-the-mall-บางแค-เข้า-ออกได้-2-ทาง-ทั้งจากซอยเพชรเกษม-69-และ-ซอยเพชรเกษม-81-for-sale-9795566,4500000.0,30405.405405405407,8.0
10049967,,Bang Plee,"Thepparat Km.17 Road, Bang Chalong, Bang Plee, Samut Prakan",13.605348980307989,100.750198868737,2017.0,3.0,2.0,141.0,unknown,0,https://www.ddproperty.com/en/property/psh-01118-ขาย-บ้านแฝด-สไตล์บ้านเดี่ยว-หมู่บ้าน-the-trust-สุวรรณภูมิ-เทพารักษ์-หมู่บ้าน-เดอะ-ทรัสต์-บางปลา-บางโฉลง-for-sale-10049967,4300000.0,30496.45390070922,9.0
9972690,,Bang Plee,"Thepparat Km.17 Road, Bang Chalong, Bang Plee, Samut Prakan",13.605348980307989,100.750198868737,2017.0,3.0,2.0,141.0,unknown,0,https://www.ddproperty.com/en/property/psh-01118-ขาย-บ้านแฝด-สไตล์บ้านเดี่ยว-หมู่บ้าน-the-trust-สุวรรณภูมิ-เทพารักษ์-หมู่บ้าน-เดอะ-ทรัสต์-บางปลา-บางโฉลง-for-sale-9972690,4300000.0,30496.45390070922,9.0
9807896,,Sam Phran,"Phutthamonthon Sai 4 Road, Krathum Lom, Sam Phran, Nakhon Pathom",13.719401671648072,100.32997567493815,2019.0,3.0,3.0,200.0,Partially Furnished,0,https://www.ddproperty.com/en/property/ขาย-6-1ล้าน-บ้านเดี่ยว54ตรว-ม-ภัสสร-เพรสทีจ-ปิ่นเกล้า-เพชรเกษม-โครงการติดถนนพุทธมณฑลสาย4-สวยพร้อมอยู่-for-sale-9807896,6100000.0,30500.0,7.0
9125152,,Sam Phran,"Phutthamonthon Sai 4 Road, Krathum Lom, Sam Phran, Nakhon Pathom",13.743276885139526,100.32951779168882,2016.0,4.0,4.0,377.0,unknown,0,https://www.ddproperty.com/en/property/tu-0196-ขาย-บ้านเดี่ยว-2-ชั้น-สุดหรู-ทำเลทอง-ในราคาสุดพิเศษ-ม-บางกอก-บูเลอวาร์ด-ปิ่นเกล้า-เพชรเกษม-พุทธมณฑลสายสี่-for-sale-9125152,11500000.0,30503.97877984085,10.0
9962063,,Bang Lamung,"Jomtien Sai 2 Road, Nong Pru, Bang Lamung, Chon Buri",12.891162494503432,100.8798763281949,1994.0,3.0,3.0,390.0,unknown,0,https://www.ddproperty.com/en/property/pool-villa-house-for-sale-completely-renovated-soi-chaiyapruek-near-jomtien-beach-for-sale-9962063,11900000.0,30512.82051282051,32.0
8698422,,Bang Plee,"Namdaeng Road, Bangphli Yai, Bang Plee, Samut Prakan",13.621157,100.679146,2015.0,3.0,3.0,180.0,unknown,0,https://www.ddproperty.com/en/property/พฤกษา-ดีไลท์-อ่อนนุช-มอเตอร์เวย์-หลังริม-for-sale-8698422,5500000.0,30555.555555555555,11.0
10069262,,Bang Plee,"Namdaeng Road, Bangphli Yai, Bang Plee, Samut Prakan",13.621157,100.679146,2015.0,3.0,3.0,180.0,Fully Furnished,0,https://www.ddproperty.com/en/property/urgent-sale-detached-house-with-beautiful-decoration-corner-unit-ready-to-move-in-nearby-mega-bangna-only-5-500-000-for-more-information-pls-call-061-797-2391-for-sale-10069262,5500000.0,30555.555555555555,11.0
10036505,,Khlong Sam Wa,"Leap Klong Song Road, Bang Chun, Khlong Sam Wa, Bangkok",13.859975038912989,100.71389524805213,2011.0,3.0,2.0,180.0,Unfurnished,0,https://www.ddproperty.com/en/property/ขายบ้านเดี่ยวสองชั้น-โครงการแลนซีโอ-วงแหวน-รามอินทรา-02-020-for-sale-10036505,5500000.0,30555.555555555555,15.0
8425957,,Bang Bua Thong,"Nonthaburi Rural Road 3088, Bang Bua Thong, Bang Bua Thong, Nonthaburi",13.963837,100.378493,2018.0,3.0,3.0,138.0,unknown,0,https://www.ddproperty.com/en/property/ขาย-บ้านแฝด-ไอริส-พาร์ค-ชัยพฤกษ์-วงแหวน-mrt-สายสีน้ำเงินโทร-02-512-5909-084-543-4833-086-397-4454-for-sale-8425957,4230000.0,30652.17391304348,8.0
9141184,,Khlong Sam Wa,"Sukhaphiban 5, Sam Wa Tawan Ok, Khlong Sam Wa, Bangkok",13.911869600835365,100.68635883296946,2014.0,4.0,3.0,176.0,unknown,0,https://www.ddproperty.com/en/property/neighborhome-watcharaphon-4-bedrooms-for-sale-ขายบ้านเดี่ยว-เนเบอร์โฮม-วัชรพล-4-ห้องนอน-tp036-for-sale-9141184,5400000.0,30681.81818181818,12.0
9960638,,Prawet,"Kanchanaphisek Road, Dok Mai, Prawet, Bangkok",13.665171892906953,100.6945801593938,2011.0,3.0,3.0,290.0,unknown,0,https://www.ddproperty.com/en/property/ขาย-บ้านเดี่ยว-คาซ่า-วิลล์-บางนา-สุวรรณภูมิ-ซอย-สุขสันต์-6-for-sale-9960638,8900000.0,30689.655172413793,15.0
8773108,,Huai Khwang,"- Pracha Uthit Road, Huai Khwang, Huai Khwang, Bangkok",13.772067,100.579894,2019.0,3.0,3.0,200.0,unknown,0,https://www.ddproperty.com/en/property/บ้าน-ห้วยขวาง-รัชดา-ใกล้แยกห้วยขวาง-สร้างใหม่-ใกล้สถานีรถไฟฟ้าใต้ดิน-mrt-และ-bts-หลังใหญ่-3นอน1พักผ่อน1ครัว-3ห้องน้ำโทร-085-3535888-หรือ-086-4099920-for-sale-8773108,6150000.0,30750.0,7.0
9836960,,Bang Plee,"Namdaeng Road, Bangphli Yai, Bang Plee, Samut Prakan",13.613911598525814,100.68788980696512,2011.0,3.0,2.0,143.0,unknown,0,https://www.ddproperty.com/en/property/ขาย-บ้านเดี่ยว-ภัสสร-28-กิ่งแก้ว-หนามแดง-ซ-1-2-for-sale-9836960,4400000.0,30769.23076923077,15.0
8386450,,Huai Khwang,"- Pracha Uthit Road, Huai Khwang, Huai Khwang, Bangkok",13.772067,100.579894,2019.0,4.0,5.0,300.0,unknown,0,https://www.ddproperty.com/en/property/บ้าน-ออฟฟิต-รัชดา-ห้วยขวาง-สร้างใหม่3ชั้น-ใจกลางเมืองห่างmrtห้วยขวาง-800-m-ใกล้ทางด่วน-เพียง9-25หลังใหญ่-4นอน-5น้ำ-โทร-086-4099920-คุณวี-085-3535888-คุณชัยพร-line-cpg888-for-sale-8386450,9250000.0,30833.333333333332,7.0
10059520,,Lat Krabang,"Pattana Rural Road 4, Khlong Song Ton Nun, Lat Krabang, Bangkok",13.749301053503272,100.73143672883536,2014.0,3.0,2.0,120.0,unknown,0,https://www.ddproperty.com/en/property/single-house-atoll-similan-reef-on-nut-romklao-by-ananda-development-public-company-limited-3-bedrooms-for-sale-10059520,3700000.0,30833.333333333332,12.0
8486819,,Bang Plee,"Bang Phli-Tamru Road, Bangphli Yai, Bang Plee, Samut Prakan",13.587061,100.701899,2003.0,4.0,4.0,385.0,Fully Furnished,0,https://www.ddproperty.com/en/property/house-for-sale-4-bed-wararom-lake-view-bang-phli-samutprakarn-for-sale-8486819,11900000.0,30909.090909090908,23.0
10030312,,Bang Plee,"Namdaeng Road, Bangphli Yai, Bang Plee, Samut Prakan",13.613911598525814,100.68788980696512,2011.0,3.0,2.0,129.0,Unfurnished,0,https://www.ddproperty.com/en/property/ภัสสร28-กิ่งแก้ว-หนามแดง-ใกล้เมกะบางนา-เฟอร์นิเจอร์ครบพร้อมอยู่-for-sale-10030312,3990000.0,30930.232558139534,15.0
9840562,,Pak Kret,"Ratchaphruek Road, Soi Om Kret 1, Om Kret, Pak Kret, Nonthaburi",13.905621657616829,100.4433590998549,2014.0,3.0,3.0,161.0,unknown,0,https://www.ddproperty.com/en/property/amm0201-ขาย-บ้านเดี่ยวมือสองย่านนนทบุรี-ม-ดีซิโอ้-ราชพฤกษ์-หลังมุม-บนเนื้อที่-54-1-ตร-ว-พร้อมฟังก์ชัน-3-ห้องนอน-3-ห้องน้ำ-2-ที่จอดรถ-for-sale-9840562,4990000.0,30993.788819875776,12.0
6459968,,Pak Kret,"Ratchaphruek Road, Soi Om Kret 1, Om Kret, Pak Kret, Nonthaburi",13.905621657616829,100.4433590998549,2014.0,3.0,3.0,161.0,unknown,0,https://www.ddproperty.com/en/property/บ้านเดี่ยว-ม-ดีซิโอ้-ราชพฤกษ์-เชื่อต่อทั้ง-ถนนราชพฤกษ์-ถนนรัตนาธิเบศร์-ถนนชัยพฤกษ์-ถนนแจ้งวัฒนะ-และ-รถไฟฟ้าสายสีม่วง-สถานีบางรักน้อยท่าอิฐ-for-sale-6459968,4990000.0,30993.788819875776,12.0
6192496,,Muang Phuket,"ราไวย์ Wiset, Chalong, Muang Phuket, Phuket",7.789263,98.330707,2012.0,2.0,2.0,274.0,Fully Furnished,0,https://www.ddproperty.com/en/property/920081001-170-phuket-rawai-beach-pool-villa-2-bedrooms-for-sale-for-sale-6192496,8500000.0,31021.89781021898,14.0
9794155,,Muang Samut Prakarn,"Phraeksa Road, Phraeksa, Muang Samut Prakarn, Samut Prakan",13.568827018591438,100.645729273338,2010.0,3.0,2.0,160.0,Fully Furnished,0,https://www.ddproperty.com/en/property/urgent-sale-the-gallery-sukhumvit-detached-house-for-sale-9794155,5000000.0,31250.0,16.0
8773059,,Huai Khwang,"- Pracha Uthit Road, Huai Khwang, Huai Khwang, Bangkok",13.772067,100.579894,2019.0,3.0,3.0,200.0,unknown,0,https://www.ddproperty.com/en/property/โครงการบ้าน-สร้างใหม่-ใจกลางเมือง-ใกล้mrtห้วยขวาง-3นอน-6-25ลบ-โทร-0864099920-0853535888-line-cpg888-cpghome-for-sale-8773059,6250000.0,31250.0,7.0
9982195,,Bang Yai,"Rural Road Nonthaburi 1009, Bang Mae Nang, Bang Yai, Nonthaburi",13.893998,100.378215,2019.0,3.0,3.0,150.0,unknown,0,https://www.ddproperty.com/en/property/vายด่วน-sาคาถูกมากๆ-คาซ่าวิลล์-บางใหญ่-นนทบุรี-บ้านสวย-หลังมุม-ใหม่มาก-อายุน้อย-ใกล้รถไฟฟ้า-sาคาเพียง-4-69-ล้านบาทเท่านั้น-for-sale-9982195,4690000.0,31266.666666666668,7.0
9534561,,Muang Samut Prakarn,"Soi Srisamit, Thepharak, Muang Samut Prakarn, Samut Prakan",13.615678747184688,100.6336108433537,2019.0,3.0,3.0,204.0,Fully Furnished,0,https://www.ddproperty.com/en/property/kn-0489-ขายด่วน-the-plant-bangna-บ้านสวย-เฟอร์นิเจอร์และเครื่องใช้ไฟฟ้าครบ-พร้อมอยู่-for-sale-9534561,6390000.0,31323.529411764706,7.0
9200204,,Lat Phrao,"Soi Nakniwas 45, Lat Phrao, Lat Phrao, Bangkok",13.812971,100.610308,2012.0,5.0,5.0,796.0,unknown,0,https://www.ddproperty.com/en/property/6407-672-house-for-sale-in-bang-na-near-bang-na-intersection-5-bedro-for-sale-9200204,25000000.0,31407.0351758794,14.0
10052080,,Bang Bua Thong,"Soi Sam Wang, Chaiyaphruek Road, Bang Bua Thong, Bang Bua Thong, Nonthaburi",13.92845,100.421434,2013.0,3.0,3.0,156.0,unknown,0,https://www.ddproperty.com/en/property/pbs237-house-for-sale-perfect-park-bang-bua-thong-for-sale-10052080,4900000.0,31410.25641025641,13.0
9975998,,Bang Bua Thong,"Soi Sam Wang, Chaiyaphruek Road, Bang Bua Thong, Bang Bua Thong, Nonthaburi",13.92845,100.421434,2013.0,3.0,3.0,156.0,unknown,0,https://www.ddproperty.com/en/property/pbs237-house-for-sale-perfect-park-bang-bua-thong-near-mrt-for-sale-9975998,4900000.0,31410.25641025641,13.0
8743802,,Bang Bua Thong,"Soi Sam Wang, Chaiyaphruek Road, Bang Bua Thong, Bang Bua Thong, Nonthaburi",13.92845,100.421434,2013.0,3.0,3.0,156.0,unknown,0,https://www.ddproperty.com/en/property/bs237-ขายบ้านเดี่ยว-ต่ำกว่าราคาประเมิณ-บ้านเดี่ยว-เพอร์เฟค-พาร์ค-บางบัวทอง-ใกล้รถไฟฟ้าสีม่วง-สถานีคลองบางไผ่-for-sale-8743802,4900000.0,31410.25641025641,13.0
8620336,,Muang Samut Sakhon,"Rama 2 Road, Bang Nam Chut, Muang Samut Sakhon, Samut Sakhon",13.598819,100.367149,2018.0,5.0,4.0,572.0,unknown,0,https://www.ddproperty.com/en/property/detached-house-for-sale-the-grand-rama-2-lake-grandiose-area-143-sq-wah-for-sale-8620336,18000000.0,31468.53146853147,8.0
9952432,,Thanyaburi,"Rangsit-Nakhon Nayok Road, Bang Yitho, Thanyaburi, Pathum Thani",14.005489710463175,100.69162980816768,2019.0,4.0,3.0,229.0,Partially Furnished,0,https://www.ddproperty.com/en/property/r2658-ขายบ้านเดี่ยวโครงการ-bangkok-boulevard-รังสิต-คลอง-4-for-sale-9952432,7220000.0,31528.384279475984,7.0
10066644,,Muang Samut Prakarn,"Thepharak Road, Thepharak, Muang Samut Prakarn, Samut Prakan",13.612720441633654,100.66565552194768,2014.0,3.0,3.0,250.0,Unfurnished,0,https://www.ddproperty.com/en/property/ขายบ้านเดี่ยว-บูเลอวาร์ด-เทพารักษ์-วงแหวน-บ้านเดี่ยว-2-ชั้น-ขนาด-53-90-ขนาด-3-ห้องนอน-3-น้ำ-ราคา-7-900-000-บาท-ค่าโอนคนละครึ่ง-for-sale-10066644,7900000.0,31600.0,12.0
9814608,,Thanyaburi,"Rangsit-Nakhon Nayok Road, Rangsit, Thanyaburi, Pathum Thani",14.02296,100.739681,2018.0,3.0,2.0,155.0,Partially Furnished,0,https://www.ddproperty.com/en/property/ขายบ้านเดี่ยว-2-ชั้น-หมู่บ้าน-ซื่อตรง-โคซี่-รังสิต-คลอง-6-เฟส-1-ถนนรังสิต-นครนายก-for-sale-9814608,4900000.0,31612.90322580645,8.0
9685497,,Sam Phran,"Phutthamonthon Sai 4 Road, Krathum Lom, Sam Phran, Nakhon Pathom",13.719401671648072,100.32997567493815,2019.0,3.0,4.0,300.0,unknown,0,https://www.ddproperty.com/en/property/74161-ขายบ้านเดี่ยว-2-ชั้น-โครงการ-ภัสสร-เพรสทีจ-ปิ่นเกล้า-เพรชเกษม-นครปฐม-for-sale-9685497,9500000.0,31666.666666666668,7.0
9402064,,Huai Khwang,"62 Pracharajbumpen Road, Huai Khwang, Huai Khwang, Bangkok",13.778395,100.574172,2011.0,7.0,4.0,600.0,Partially Furnished,0,https://www.ddproperty.com/en/property/ขายบ้านเดี่ยว2ชั้น83ตรว-ประชาราษฎร์บำเพ็ญ7-ห้วยขวาง-รัชดา-for-sale-9402064,19000000.0,31666.666666666668,15.0
10020791,,Bang Plee,"Soi Kingkaew 37/5, Kingkaew Road, Rachathewa, Bang Plee, Samut Prakan",13.698343,100.732138,2019.0,4.0,3.0,132.0,Partially Furnished,0,https://www.ddproperty.com/en/property/บ้านแฝด-คาซ่า-ซิตี้-กิ่งแก้ว-สุวรรณภูมิ-for-sale-10020791,4190000.0,31742.424242424244,7.0
10066504,,Nong Khaem,"Liab Klong Phasi Charoen Nua Road, Nong Kham, Nong Khaem, Bangkok",13.685815394249644,100.35893264467288,2018.0,3.0,3.0,200.0,unknown,0,https://www.ddproperty.com/en/property/a09-898-ขายบ้านเดี่ยว-2-ชั้น-หมู่บ้านศุภาลัย-วิลล์-เพชรเกษม-69-54-5-ตรว-for-sale-10066504,6350000.0,31750.0,8.0
8112845,,Sattahip,"Soi Na Jomtien 8, Sukhumvit Road, Na Chom Thian, Sattahip, Chon Buri",12.852168,100.906602,2000.0,3.0,4.0,280.0,Fully Furnished,0,https://www.ddproperty.com/en/property/3-bed-4-bath-in-na-jomtien-bang-saray-for-8-900-000-thb-pc7936-for-sale-8112845,8900000.0,31785.714285714286,26.0
9657586,,Bang Yai,"Bang Muang, Bang Yai, Nonthaburi",13.845455,100.396775,2019.0,3.0,3.0,168.0,Unfurnished,0,https://www.ddproperty.com/en/property/ขาย-บ้านแฝด-ขายถุก-s-gate-premium-กาญจนาภิเษก-ซอยกันตนา-168-ตรม-36-3-ตร-วา-บ้านใหม่-ไม่เคยอยู่-tv-for-sale-9657586,5350000.0,31845.238095238095,7.0
10080380,,Muang Samut Sakhon,"Rama 2 Road, Bang Nam Chut, Muang Samut Sakhon, Samut Sakhon",13.598819,100.367149,2018.0,3.0,3.0,182.0,unknown,0,https://www.ddproperty.com/en/property/psh-0184-ขาย-บ้านเดี่ยว-หมู่บ้าน-เดอะแกรนด์-พระราม-2-บ้านเดี่ยว-the-grand-พระราม-2-the-grand-rama-2-บ้านเดี่ยวพระราม2-บ้านเดี่ยวหลังริม-for-sale-10080380,5800000.0,31868.13186813187,8.0
9037720,,Bang Khun Thian,"Rama II Rd., Tha Kham, Bang Khun Thian, Bangkok",13.615959,100.43711,2013.0,3.0,2.0,160.0,unknown,0,https://www.ddproperty.com/en/property/vายบ้านเดี่ยวพระราม2-หมู่บ้านคาซ่า-เพรสโต้-casa-presto-rama-2-ติดถนนหลักบางขุนเทียน-ชายทะเลบ้านใหม่-ตกแต่งสวย-พร้อมอยู่-sาคาเพียง-5-1-ล้านบาทเท่านั้น-for-sale-9037720,5100000.0,31875.0,13.0
9829801,,Thawi Watthana,"106/5 Phutthamonthon Sai 2 Road, Soi 24, Sala Thammasop, Thawi Watthana, Bangkok",13.788182051349782,100.35032760935222,2003.0,4.0,4.0,313.0,unknown,0,https://www.ddproperty.com/en/property/11663-โนเบิล-อนาวานา-ปิ่นเกล้า-บรรยากาศดี-ติดถนนบรมราชชนนี-ฝั่งขาออกกทม-for-sale-9829801,10000000.0,31948.88178913738,23.0
8871779,,Bang Khun Thian,"Rama II Rd., Tha Kham, Bang Khun Thian, Bangkok",13.615959,100.43711,2013.0,3.0,3.0,156.0,unknown,0,https://www.ddproperty.com/en/property/casa-presto-พระราม-2-บ้านใหญ่-โซนส่วนตัว-แปลงสวย-โครงการติดถนนใหญ่-เพียง-4-99-ล้าน-ผ่อนเบาๆสองหมื่นกลางๆ-for-sale-8871779,4990000.0,31987.17948717949,13.0
9979936,,Lam Luk Ka,"Lam Luk Ka Road, Bung Kham Proi, Lam Luk Ka, Pathum Thani",13.949835,100.735969,2021.0,3.0,3.0,125.0,Partially Furnished,0,https://www.ddproperty.com/en/property/ขายบ้านแฝด-2-ชั้น-บ้านฟ้าปิยรมย์-เทนโดร-ถนนลำลูกกา-คลอง6-for-sale-9979936,4000000.0,32000.0,5.0
9818884,,Muang Nonthaburi,"Ratchaphruek Road, Bang Krang, Muang Nonthaburi, Nonthaburi",13.844063957078385,100.44861282209013,2016.0,3.0,3.0,281.0,Unfurnished,0,https://www.ddproperty.com/en/property/11630-บางกอกบลูเลอวาร์ด-ราชพฤกษ์-พระราม-5-ใกล้-mrt-เพียง-9-นาที-for-sale-9818884,9000000.0,32028.46975088968,10.0
8909786,,Wang Thonglang,"Soi Ladprao 126, Lat Phrao Road, Phlapphla, Wang Thonglang, Bangkok",13.768810507465384,100.6275977496681,2016.0,3.0,3.0,184.0,unknown,0,https://www.ddproperty.com/en/property/ขาย-ขาย-the-connect-up-3-ลาดพร้าว-126-ทาวน์โฮม-3-ชั้น-จาก-พฤกษา-เรียลเอสเตท-ใกล้รถไฟฟ้าสายสีเหลือง-เส้นลาดพร้าว-มีทางลัดเลาะไปออกถนนรามคำแหงได้-for-sale-8909786,5900000.0,32065.217391304348,10.0
9750640,,Muang Samut Prakarn,"Soi Srisamit, Thepharak, Muang Samut Prakarn, Samut Prakan",13.615678747184688,100.6336108433537,2019.0,3.0,2.0,135.0,unknown,0,https://www.ddproperty.com/en/property/เดอะแพลนท์-เทพารักษ์-ซอยศรีสมิตร-for-sale-9750640,4350000.0,32222.222222222223,7.0
10071083,,Bang Na,"Bangna-Trad 13 Bangna-Trad 13, Bang Na, Bang Na, Bangkok",13.670547,100.624587,2014.0,3.0,2.0,121.0,unknown,0,https://www.ddproperty.com/en/property/ขาย-บ้านแฝด-2-ชั้น-สไตส์บ้านเดี่ยว-for-sale-10071083,3900000.0,32231.404958677685,12.0
8612935,,Muang Samut Sakhon,"Rama 2 Road, Khok Kham, Muang Samut Sakhon, Samut Sakhon",13.56274959162672,100.33572587747284,2013.0,4.0,5.0,400.0,Partially Furnished,0,https://www.ddproperty.com/en/property/house-for-sale-sarin-city-the-lake-ville-rama-2-house-on-the-lake-rama-2-road-34-hh-64022-for-sale-8612935,12900000.0,32250.0,13.0
8263568,,Lak Si,"Soi Chaengwattana 12, Chaengwattana Road, Thung Song Hong, Lak Si, Bangkok",13.900943,100.571649,2020.0,4.0,5.0,400.0,Fully Furnished,0,https://www.ddproperty.com/en/property/t-แอริ-แจ้งวัฒนะ-รองรับกิจกรรม-ครอบครัว-เชื่อมถึงกันได้หมด-thipp2-for-sale-8263568,12900000.0,32250.0,6.0
9852430,,Thung Khru,"Soi Mit Maitri 17, Pracha-u-tit Road, Thung Khru, Thung Khru, Bangkok",13.635925,100.493355,2020.0,3.0,2.0,130.0,unknown,0,https://www.ddproperty.com/en/property/ขายบ้าน-ม-แกรนด์-พลีโน่-สุขสวัสดิ์-พระราม-3-ประชาอุทิศ-54-ทุ่งครุ-บางมด-ราคาถูกสุดคุ้ม-ถูกที่สุดในโครงการ-for-sale-9852430,4200000.0,32307.69230769231,6.0
9965302,,Muang Samut Prakarn,"Thepharak Road, Phreak Sa Mai, Muang Samut Prakarn, Samut Prakan",13.59443160706271,100.65869199999992,2001.0,3.0,2.0,150.0,Unfurnished,0,https://www.ddproperty.com/en/property/ลลิล-วงแหวนฯ-เทพารักษ์-ซ-มังกร-for-sale-9965302,4850000.0,32333.333333333332,25.0
10065250,,Bang Yai,"Bang Kruai - Sai Noi Road, Bang Len, Bang Yai, Nonthaburi",13.857033681983047,100.43648903296732,2018.0,3.0,2.0,145.0,Fully Furnished,0,https://www.ddproperty.com/en/property/แกรนด์-พลีโน่-รัตนาธิเบศร์-หลังมุม-ตกแต่งสวยใหม่-พร้อมอยู่-for-sale-10065250,4690000.0,32344.827586206895,8.0
9950594,,Muang Nonthaburi,"Soi Sai Ma 8, Sai Ma, Muang Nonthaburi, Nonthaburi",13.856773,100.474932,2020.0,4.0,3.0,173.0,unknown,0,https://www.ddproperty.com/en/property/centro-สะพานมหาเจษฏาบดินทร์-ใกล้สถานีบางรักน้อยท่าอิฐ-for-sale-9950594,5600000.0,32369.942196531792,6.0
8511869,,Bang Plee,"King Kaew Road, Rachathewa, Bang Plee, Samut Prakan",13.682176,100.709064,2016.0,3.0,2.0,80.0,unknown,0,https://www.ddproperty.com/en/property/ศุภาลัย-ไพรด์-บางนา-ลาดกระบัง-for-sale-8511869,2590000.0,32375.0,10.0
8790652,,Bang Lamung,"จอมเทียน, Nong Pru, Bang Lamung, Chon Buri",12.876013638556756,100.89357273281648,1991.0,4.0,6.0,432.0,Fully Furnished,0,https://www.ddproperty.com/en/property/4-bed-6-bath-in-jomtien-for-14-000-000-thb-pc8368-for-sale-8790652,14000000.0,32407.40740740741,35.0
9826450,,Muang Samut Prakarn,"Soi Srisamit, Thepharak, Muang Samut Prakarn, Samut Prakan",13.615678747184688,100.6336108433537,2019.0,3.0,2.0,134.0,unknown,0,https://www.ddproperty.com/en/property/detached-house-the-plant-thepharaks-soi-12-บ้านเดี่ยว-เดอะแพลนท์-เทพารักษ์ซอย12-sps-gh1463-for-sale-9826450,4350000.0,32462.68656716418,7.0
7979680,,Hang Dong,"338 Rob Mueang Chiang Mai Road, San Phak Wan, Hang Dong, Chiang Mai",18.715305,98.968778,2019.0,4.0,3.0,200.0,Fully Furnished,0,https://www.ddproperty.com/en/property/hangdong-wangtan-chiang-mai-house-for-sale-fully-furnish-for-sale-7979680,6500000.0,32500.0,7.0
8873983,,Bang Plee,"King Kaew Road, Rachathewa, Bang Plee, Samut Prakan",13.696232,100.716367,2014.0,3.0,2.0,120.0,unknown,0,https://www.ddproperty.com/en/property/พฤกษาปูริแสนแก้ว-ซอยกิ่งแก้ว37-พร้อมอยู่-for-sale-8873983,3900000.0,32500.0,12.0
9994091,,Muang Samut Prakarn,"Phraeksa Road, Phraeksa, Muang Samut Prakarn, Samut Prakan",13.568827018591438,100.645729273338,2010.0,3.0,2.0,160.0,Partially Furnished,0,https://www.ddproperty.com/en/property/ขายด่วน-บ้านเดี่ยว-โครงการหมู่บ้าน-พฤกษาเดอะแกลเลอรี่-สุขุมวิท-แพรกษา-for-sale-9994091,5200000.0,32500.0,16.0
9949738,,Bang Plee,"Soi Gingkaew 37, Rachathewa, Bang Plee, Samut Prakan",13.695164,100.716744,2021.0,4.0,5.0,255.0,Fully Furnished,0,https://www.ddproperty.com/en/property/หลังใหญ่สุด-บ้านเดี่ยว-2-ชั้น-centro-อ่อนนุช-สุวรรณภูมิ-เนื้อที่-60ตร-วา-4ห้องนอน-5ห้องน้ำ-for-sale-9949738,8290000.0,32509.803921568626,5.0
9668591,,Bang Plee,"455 Bang Phli - King Kaew Road, Bangphli Yai, Bang Plee, Samut Prakan",13.628285881664404,100.71103688376552,2010.0,3.0,3.0,169.0,Unfurnished,0,https://www.ddproperty.com/en/property/ขาย-บ้านเดี่ยว-ภัสสร-บางนา-บ้านหลังใหญ่-สภาพดี-แปลงใกล้สวน-for-sale-9668591,5500000.0,32544.378698224853,16.0
8700142,,Sai Mai,"47/8 Saimai Road, Sai Mai, Sai Mai, Bangkok",13.927323631019732,100.64636743591043,2015.0,4.0,4.0,255.0,unknown,0,https://www.ddproperty.com/en/property/am-ขายบ้านเดี่ยว-the-city-พหลโยธิน-หลังมุม-บ้านซื้อมาไม่เคยเข้าอยู่-4ห้องนอน-4-ห้องน้ำ-for-sale-8700142,8300000.0,32549.019607843136,11.0
7921353,,Bang Bo,"Bang Na-Trat Frontage Road, Bang Bo, Bang Bo, Samut Prakan",13.638493,100.852305,2019.0,3.0,3.0,244.00000000000003,Fully Furnished,0,https://www.ddproperty.com/en/property/hh-622586-villaggio-bangna-village-house-for-sale-61-square-wah-3-bedrooms-3-bathrooms-for-sale-7921353,7950000.0,32581.96721311475,7.0
9112004,,Khlong Sam Wa,"Wongwaen - Ramintra Road, Bang Chun, Khlong Sam Wa, Bangkok",13.847413236952802,100.71721874960048,2016.0,3.0,2.0,144.0,unknown,0,https://www.ddproperty.com/en/property/ขายบ้านเดี่ยว-2ชั้น-อารียา-โคโม่-วงแหวน-รามอินทรา-3นอน2น้ำ-พร้อมเฟอร์นิเจอร์-for-sale-9112004,4700000.0,32638.88888888889,10.0
8776113,,Pak Kret,"Chaeng Watthana  Chaeng Watthana, Khlong Klue, Pak Kret, Nonthaburi",13.8979656,100.5465337,2012.0,6.0,6.0,2720.0,unknown,0,https://www.ddproperty.com/en/property/sale-thai-house-chaengwattana-6-bedrooms-id-141517-h-072-2720-sqm-for-sale-8776113,89000000.0,32720.58823529412,14.0
9982856,,Bang Plee,"Buanakarin Road, Bang Kaeo, Bang Plee, Samut Prakan",13.631638,100.664438,2021.0,2.0,2.0,90.0,Partially Furnished,0,https://www.ddproperty.com/en/property/ขายทาวน์โฮม-villaggio-บางนา-บิ้วอินครบ-แต่งสวย-พร้อมเข้าอยู่-for-sale-9982856,2950000.0,32777.77777777778,5.0
9539632,,Muang Samut Sakhon,"Rama 2 Road, Bang Nam Chut, Muang Samut Sakhon, Samut Sakhon",13.598819,100.367149,2018.0,5.0,4.0,302.0,unknown,0,https://www.ddproperty.com/en/property/the-grand-rama-2-single-house-for-sale-near-boonthavorn-next-to-rama-2-road-34-hh-62029-34-hh-62029-for-sale-9539632,9900000.0,32781.45695364238,8.0
9970870,,Bang Bua Thong,"Soi Sam Wang, Chaiyaphruek Road, Bang Bua Thong, Bang Bua Thong, Nonthaburi",13.92845,100.421434,2013.0,3.0,3.0,128.0,Unfurnished,0,https://www.ddproperty.com/en/property/9706-บ้านเดี่ยว-เพอร์เฟคพาร์ค-บางบัวทอง-เพียง-7-นาทีถึงแม็คโคร-บางบัวทอง-for-sale-9970870,4200000.0,32812.5,13.0
8483640,,Muang Samut Sakhon,"Bang Khun Thian Road - Chai Talay, Phanthai Norasing, Muang Samut Sakhon, Samut Sakhon",13.544386907508876,100.41804957802816,2007.0,3.0,2.0,114.0,unknown,0,https://www.ddproperty.com/en/property/ด่วนถูกมาก-บ้านเดี่ยวพฤกษา-วิลเลจ6-พระราม-2-บางขุนเทียนชายทะเล-พร้อมอยู่-รหัสss0294-for-sale-8483640,3750000.0,32894.73684210526,19.0
8603775,,Bang Plee,"ฺBuanakarin Road, Bang Kaeo, Bang Plee, Samut Prakan",13.648868,100.656696,2015.0,3.0,2.0,100.0,unknown,0,https://www.ddproperty.com/en/property/พฤกษาทาวน์เน็กซ์-บางนา-กม-5-for-sale-8603775,3300000.0,33000.0,11.0
9452584,,Bang Lamung,"Muang Pattaya Road, Huai Yai, Bang Lamung, Chon Buri",12.8050147,100.938323,2014.0,3.0,2.0,130.0,Fully Furnished,0,https://www.ddproperty.com/en/property/3-bedroom-house-for-sale-at-baan-dusit-pattaya-park-u1031746-for-sale-9452584,4300000.0,33076.92307692308,12.0
9964618,,Nong Khaem,"Petchkasem Road, Nong Kham, Nong Khaem, Bangkok",13.68379,100.340226,2018.0,3.0,3.0,136.0,Unfurnished,0,https://www.ddproperty.com/en/property/ขาย-บ้านเดี่ยว-2-ชั้น-หลังมุม-4-500-000-บาท-ติดถนนเมน-for-sale-9964618,4500000.0,33088.23529411765,8.0
8692859,,Bang Lamung,"Entrance Road, Huai Yai, Bang Lamung, Chon Buri",12.8099,100.938777,2013.0,2.0,2.0,190.0,Fully Furnished,0,https://www.ddproperty.com/en/property/2-bedroom-house-for-sale-at-baan-dusit-pattaya-lake-2-u671626-for-sale-8692859,6300000.0,33157.89473684211,13.0
9656397,,Bang Bo,"Bang Na-Trat Frontage Road, Bang Bo, Bang Bo, Samut Prakan",13.638493,100.852305,2019.0,3.0,2.0,140.0,unknown,0,https://www.ddproperty.com/en/property/ขายบ้านเดี่ยว-วิลเลจจิโอ-บางนา-3-ห้องนอน-villaggio-bangna-tp157-for-sale-9656397,4650000.0,33214.28571428572,7.0
9985828,,Khlong Sam Wa,"Wongwaen - Ramintra Road, Bang Chun, Khlong Sam Wa, Bangkok",13.847413236952802,100.71721874960048,2016.0,3.0,2.0,141.0,Partially Furnished,0,https://www.ddproperty.com/en/property/ขายบ้านเดี่ยว-2-ชั้น-หมู่บ้านอารียา-โคโม่-วงแหวน-รามอินทรา-ถนนหทัยราษฎร์-วงแหวนรามอินทรา-for-sale-9985828,4690000.0,33262.41134751773,10.0
9832993,,Bang Plee,"Soi Kanchanaphisek 39, Kanchanaphisek Road, Rachathewa, Bang Plee, Samut Prakan",13.683994606075249,100.71235504662708,2020.0,4.0,3.0,234.4,Partially Furnished,0,https://www.ddproperty.com/en/property/k-4661-ขายด่วน-บุราสิริ-วงแหวน-อ่อนนุช-บ้านสวย-ทำเลดี-เดินทางสะดวก-for-sale-9832993,7800000.0,33276.45051194539,6.0
9823666,,Muang Nonthaburi,"Ratchapruek Road, Bang Rak Noi, Muang Nonthaburi, Nonthaburi",13.859576,100.455613,2019.0,3.0,3.0,180.0,Partially Furnished,0,https://www.ddproperty.com/en/property/ขายบ้านเดี่ยว-เพอร์เฟค-เพลส-ราชพฤกษ์-เฟส3-หลังริม-หน้าบ้านไม่ชนหลังอื่น-for-sale-9823666,5990000.0,33277.77777777778,7.0
10031979,,Bang Lamung,"Sukhumvit Road, Poong, Bang Lamung, Chon Buri",12.936476877735188,100.9848973055098,2014.0,4.0,4.0,750.0,unknown,0,https://www.ddproperty.com/en/property/4-bedroom-house-for-sale-at-pool-villa-house-for-sale-and-rent-u1059992-for-sale-10031979,24999000.0,33332.0,12.0
9993399,,Muang Samut Prakarn,"Soi Suppattana, Srinakarin Road, Bang Mueng, Muang Samut Prakarn, Samut Prakan",13.591388983352166,100.62934581517284,2018.0,3.0,2.0,135.0,unknown,0,https://www.ddproperty.com/en/property/ภัสสร-ไพรด์-ศรีนครินทร์-เทพารักษ์-ซอยทรัพย์บุญชัย28-for-sale-9993399,4500000.0,33333.333333333336,8.0
9910465,,Bang Sue,"ประชาชื่น ประชาชื่น 16, Bang Sue, Bang Sue, Bangkok",13.816442,100.534659,2013.0,4.0,3.0,300.0,Fully Furnished,0,https://www.ddproperty.com/en/property/4-bedroom-villa-for-sale-close-to-rawai-beach-hhkt28284-for-sale-9910465,10000000.0,33333.333333333336,13.0
8931658,,Bang Plee,"66 Namdang-Bangplee Road, Bang Kaeo, Bang Plee, Samut Prakan",13.62209933706204,100.66132591210138,2017.0,3.0,2.0,170.0,Partially Furnished,0,https://www.ddproperty.com/en/property/ขายด่วน-บ้านเดี่ยว-2-ชั้น-the-plant-ศรีนครินทร์-หนามแดง-พื้นที่่-50ตร-วา-3ห้องนอน-2ห้องน้ำ-ทิศเหนือ-for-sale-8931658,5690000.0,33470.58823529412,9.0
10016646,,Muang Samut Sakhon,"Rama 2 Road, Bang Nam Chut, Muang Samut Sakhon, Samut Sakhon",13.598819,100.367149,2018.0,4.0,5.0,200.0,unknown,0,https://www.ddproperty.com/en/property/detached-house-for-sale-the-grand-rama-2-exclusive-park-zone-size-79-square-wa-for-sale-10016646,6700000.0,33500.0,8.0
10053514,,Bang Yai,"Bang Kruai - Sai Noi Road, Bang Len, Bang Yai, Nonthaburi",13.857033681983047,100.43648903296732,2018.0,3.0,2.0,140.0,Fully Furnished,0,https://www.ddproperty.com/en/property/ขายบ้าน-แกรนด์-พลีโน่-รัตนาธิเบศร์-หลังมุม-ถนนเมน-ต้นโครงการ-ตกแต่งสวยใหม่-พร้อมอยู่-เพียง-2-นาทีจากรถไฟฟ้า-for-sale-10053514,4690000.0,33500.0,8.0
7890959,,Bang Bo,"Bang Na-Trat Frontage Road, Bang Bo, Bang Bo, Samut Prakan",13.638493,100.852305,2019.0,3.0,3.0,244.00000000000003,Fully Furnished,0,https://www.ddproperty.com/en/property/for-sell-villaggio-bangna-3bed-3bath-building-size-244sqm-2parking-for-sale-7890959,8180000.0,33524.59016393442,7.0
9676153,,Muang Samut Prakarn,"Pruksa-Srinakarin Road, Bang Mueng, Muang Samut Prakarn, Samut Prakan",13.591893,100.630067,2016.0,4.0,4.0,313.0,Unfurnished,0,https://www.ddproperty.com/en/property/ขายบ้านเดี่ยว-bangkok-boulevard-เทพารักษ์-วงเเหวน-for-sale-9676153,10500000.0,33546.32587859425,10.0
9989162,,Muang Nonthaburi,"Ratchapruek Road, Bang Krang, Muang Nonthaburi, Nonthaburi",13.832845147215378,100.44770388888738,2009.0,3.0,3.0,146.0,Partially Furnished,0,https://www.ddproperty.com/en/property/ขายบ้านแฝด-ปริญญดา-ไลท์-พระราม-5-ถนนราชพฤก-นนทบุรี-37-50-ตรว-for-sale-9989162,4900000.0,33561.643835616436,17.0
9976834,,Thung Khru,"Soi Mit Maitri 17, Pracha-u-tit Road, Thung Khru, Thung Khru, Bangkok",13.635925,100.493355,2020.0,3.0,2.0,125.0,Partially Furnished,0,https://www.ddproperty.com/en/property/ขาดทุน-1-ล้านบาท-ขายบ้าน-ม-แกรนด์-พลีโน่-สุขสวัสดิ์-พระราม-3-ประชาอุทิศ-54-ทุ่งครุ-บางมด-ราคาถูกสุดคุ้ม-ถูกที่สุดในโครงการ-for-sale-9976834,4200000.0,33600.0,6.0
9984422,,Bang Plee,"King Kaew Road, Rachathewa, Bang Plee, Samut Prakan",13.682176,100.709064,2016.0,3.0,2.0,122.0,Unfurnished,0,https://www.ddproperty.com/en/property/ศุภาลัย-ไพรด์-บางนา-ลาดกระบัง-พร้อมเข้าอยู่-for-sale-9984422,4100000.0,33606.55737704918,10.0
9752638,,Bang Khan,"ถนน มิตรภาพ, Ban Lamnao, Bang Khan, Nakhon Si Thammarat",15.8351947,102.6084438,2014.0,3.0,2.0,104.0,unknown,0,https://www.ddproperty.com/en/property/3-bedroom-house-for-sale-at-la-vallee-the-vintage-u1041668-for-sale-9752638,3500000.0,33653.846153846156,12.0
10004461,,Pak Kret,"59 Ratchaphruek Road, Khlong Khoi, Pak Kret, Nonthaburi",13.94379637975091,100.45951560691472,2020.0,3.0,3.0,175.0,unknown,0,https://www.ddproperty.com/en/property/ขายบ้านเดี่ยว-คาซ่า-ราชพฤกษ์-แจ้งวัฒนะ-for-sale-10004461,5900000.0,33714.28571428572,6.0
10052603,,Muang Pathum Thani,"Saphan Nonthaburi-Bang Bua Thong Road (345), Bang Khu Wat, Muang Pathum Thani, Pathum Thani",13.954039,100.477416,2018.0,3.0,2.0,145.0,Partially Furnished,0,https://www.ddproperty.com/en/property/ขายบ้านเดี่ยว-2-ชั้น-63-ตรว-ม-ฮาบิเทียบอนด์-ราชพฤกษ์345-ติดถนน-สะพานนนทบุรี-บางบัวทอง-345-ต-บางคูวัด-ปทุมธานี-ใกล้รถไฟฟ้าสีชมพู-สถานีปากเกร็ด-for-sale-10052603,4890000.0,33724.137931034486,8.0
9499057,,Pak Kret,"Ratchapruek Road, Tha It, Pak Kret, Nonthaburi",13.892242805332131,100.45074307764054,2010.0,3.0,3.0,340.0,unknown,0,https://www.ddproperty.com/en/property/ขายบ้านเดี่ยว-คาซ่า-วิลล์-ราชพฤกษ์-for-sale-9499057,11500000.0,33823.529411764706,16.0
8443181,,Khan Na Yao,"18 Kanchanaphisek Rd., Khan Na Yao, Khan Na Yao, Bangkok",13.837882,100.673703,2014.0,3.0,3.0,260.0,Partially Furnished,0,https://www.ddproperty.com/en/property/b19041263-ขาย-บ้านเดี่ยว-เสนา-พาร์ค-แกรนด์-รามอินทรา-ขนาด-65-ตร-ว-2-ชั้น-sell-sena-park-grand-ramindra-for-sale-8443181,8800000.0,33846.153846153844,12.0
9860513,,Sai Mai,"Chatuchot Road, O-Ngoen, Sai Mai, Bangkok",13.898603261771123,100.68667665467652,2017.0,3.0,3.0,165.0,Unfurnished,0,https://www.ddproperty.com/en/property/ขายบ้านเดี่ยว-2-ชั้น-หมู่บ้าน-ดีไลท์-แอทซีน-วัชรพล-จตุโชติ-บ้านใหม่ไม่เคยเข้าอยู่-for-sale-9860513,5590000.0,33878.78787878788,9.0
8662342,,Bang Rak,"Sathorn, Silom, Bang Rak, Bangkok",13.724129,100.532738,2014.0,3.0,2.0,255.0,Fully Furnished,0,https://www.ddproperty.com/en/property/3-bedroom-villa-for-sale-at-pearl-condominium-u667932-for-sale-8662342,8651976.0,33929.31764705882,12.0
10036998,,Pak Kret,"Chaiya Phruk Road, Khlong Khoi, Pak Kret, Nonthaburi",13.945414,100.476854,2007.0,3.0,2.0,128.0,unknown,0,https://www.ddproperty.com/en/property/house-for-sale-saransiri-ratchaphruek-chaengwattana-128-sq-m-52-4-sq-m-ready-to-move-in-good-condition-for-sale-10036998,4350000.0,33984.375,19.0
9456448,,Muang Nonthaburi,"690 Rattanathibet Road, Bang Kra So, Muang Nonthaburi, Nonthaburi",13.869339196359936,100.4888495758901,2010.0,4.0,4.0,250.0,Fully Furnished,0,https://www.ddproperty.com/en/property/hot-ตัดใจขาย-บ้านเดี่ยว-เดอะ-ซิตี้-รัตนาธิเบศร์-แคราย-the-city-rattanathibet-khaerai-บิวท์อินทั้งหลัง-สภาพนางฟ้า-พร้อมอยู่-เพื่อนบ้านน่ารัก-for-sale-9456448,8500000.0,34000.0,16.0
10037670,,Bang Khun Thian,"Rama 2 Road, Samae Dam, Bang Khun Thian, Bangkok",13.60436386352199,100.3979257245748,2010.0,3.0,3.0,200.0,Partially Furnished,0,https://www.ddproperty.com/en/property/ขายต่ำราคาตลาด-บ้านเดี่ยวหลังมุมชวนชื่น-พระราม2-เนื้อที่-106-ตรว-รหัสss0262-for-sale-10037670,6800000.0,34000.0,16.0
9555850,,Bang Khun Thian,"Rama 2 Road, Samae Dam, Bang Khun Thian, Bangkok",13.60436386352199,100.3979257245748,2010.0,3.0,3.0,200.0,Partially Furnished,0,https://www.ddproperty.com/en/property/ขายด่วน-บ้านเดี่ยว-2-ชั้น-พร้อมอยู่-หมู่บ้านชวนชื่น-พระราม-2-for-sale-9555850,6800000.0,34000.0,16.0
9454392,,Muang Nonthaburi,"690 Rattanathibet Road, Bang Kra So, Muang Nonthaburi, Nonthaburi",13.869339196359936,100.4888495758901,2010.0,3.0,3.0,250.0,Fully Furnished,0,https://www.ddproperty.com/en/property/hot-ขายพร้อมผู้เช่า-บ้านเดี่ยว-เดอะ-ซิตี้-รัตนาธิเบศร์-แคราย-the-city-rattanathibet-khaerai-บิวท์อินทั้งหลัง-สภาพนางฟ้า-พร้อมอยู่-เพื่อนบ้านน่ารัก-for-sale-9454392,8500000.0,34000.0,16.0
10043303,,Bang Bon,"Karnchanapisek Road, Bang Bon, Bang Bon, Bangkok",13.643496992374418,100.40036102331352,2020.0,4.0,3.0,185.0,unknown,0,https://www.ddproperty.com/en/property/house-for-sale-first-hand-motto-kanchanaphisek-rama-2-56-sq-wa-185-sq-m-modern-house-4-bedrooms-for-sale-10043303,6300000.0,34054.05405405405,6.0
10049877,,Bang Bon,"Karnchanapisek Road, Bang Bon, Bang Bon, Bangkok",13.643496992374418,100.40036102331352,2020.0,4.0,3.0,185.0,unknown,0,https://www.ddproperty.com/en/property/detached-house-for-sale-motto-kanjanapisek-rama-2-size-56-square-wa-property-code-02-dc-0002-for-sale-10049877,6300000.0,34054.05405405405,6.0
9811686,,Bang Bo,"Bang Na-Trat Frontage Road, Bang Bo, Bang Bo, Samut Prakan",13.638493,100.852305,2019.0,3.0,2.0,132.0,Fully Furnished,0,https://www.ddproperty.com/en/property/ขายบ้านเดี่ยว-โครงการวิลลาจจิโอบางนา-for-sale-9811686,4500000.0,34090.90909090909,7.0
9994174,,Bang Bua Thong,"Nonthaburi Rural Road 3088, Bang Bua Thong, Bang Bua Thong, Nonthaburi",13.963837,100.378493,2018.0,3.0,3.0,165.0,unknown,0,https://www.ddproperty.com/en/property/single-house-for-sale-first-hand-iris-park-chaiyapruek-wongwaen-165-sq-m-53-2-sq-m-free-transfer-fee-with-a-lot-of-free-gifts-for-sale-9994174,5630000.0,34121.21212121212,8.0
8425964,,Bang Bua Thong,"Nonthaburi Rural Road 3088, Bang Bua Thong, Bang Bua Thong, Nonthaburi",13.963837,100.378493,2018.0,3.0,3.0,165.0,unknown,0,https://www.ddproperty.com/en/property/ขาย-บ้านเดี่ยว-ไอริส-พาร์ค-ชัยพฤกษ์-วงแหวน-mrt-สายสีน้ำเงินโทร-02-512-5909-084-543-4833-086-397-4454-for-sale-8425964,5630000.0,34121.21212121212,8.0
9711403,,Pak Kret,"Chaiyapruek Road, Khlong Phra Udom, Pak Kret, Nonthaburi",13.926237755982218,100.46455480807208,2010.0,4.0,4.0,290.0,Partially Furnished,0,https://www.ddproperty.com/en/property/ขายบ้านเดี่ยว-2-ชั้น-หมู่บ้าน-ลัดดารมย์-ชัยพฤกษ์-แจ้งวัฒนะ-ถนนชัยพฤกษ์-for-sale-9711403,9900000.0,34137.93103448276,16.0
10037230,,Muang Samut Prakarn,"Soi Srisamit, Thepharak, Muang Samut Prakarn, Samut Prakan",13.615678747184688,100.6336108433537,2019.0,3.0,2.0,134.0,Fully Furnished,0,https://www.ddproperty.com/en/property/pwn-she-104-แถมฟรี-เฟอร์สุดหรู-ขายเพียง-4-59-ล้าน-the-plant-thepharak-ใกล้ทางด่วน-ใกล้รถไฟฟ้า-for-sale-10037230,4590000.0,34253.73134328358,7.0
9935764,,Saphan Sung,"Ramkhamhaeng Road, Saphan Sung, Saphan Sung, Bangkok",13.773583,100.667778,2002.0,3.0,2.0,350.0,unknown,0,https://www.ddproperty.com/en/property/สุดคุ้ม-ปรับลดหลักล้าน-บ้านโกลเด้นล้านนา-บ้านเดี่ยว-3-ห้องนอน-ขาย-golden-lanna-village-house-3-bedrooms-for-sale-tn020-for-sale-9935764,11990000.0,34257.142857142855,24.0
9846100,,Bang Plee,"Thepharak Road, Bangphli Yai, Bang Plee, Samut Prakan",13.600161329383493,100.71449809007795,2018.0,3.0,3.0,169.0,unknown,0,https://www.ddproperty.com/en/property/คาซ่า-วิลล์-บางนา-เทพารักษ์-รีโนเวทพร้อมอยู่-for-sale-9846100,5790000.0,34260.3550295858,8.0
9716274,,Bang Khun Thian,"Rama II Rd., Tha Kham, Bang Khun Thian, Bangkok",13.615959,100.43711,2013.0,3.0,3.0,175.0,Fully Furnished,0,https://www.ddproperty.com/en/property/vายบ้านเดี่ยว-casa-plesto-พระราม2-พร้อมเฟอร์นิเจอร์-โครงการติดถนนใหญ่-for-sale-9716274,6000000.0,34285.71428571428,13.0
9820716,,Bang Khae,"The Plant Village Bang Khae Soi 7/1, Bang Khae, Bang Khae, Bangkok",13.706295942847808,100.41403850194612,2011.0,3.0,3.0,250.0,unknown,0,https://www.ddproperty.com/en/property/ขายบ้าน-บ้านเดี่ยวพร้อมสระว่ายน้ำ-the-plant-บางแค-ขนาด-76-5-ตรว-3-ห้องนอน-3-ห้องน้ำ-ทำเลดี-ใกล้-mrt-หลักสอง-เดอะมอลล์บางแค-for-sale-9820716,8590000.0,34360.0,15.0
10075657,,Bang Yai,"Rural Road Nonthaburi 1009, Bang Mae Nang, Bang Yai, Nonthaburi",13.893998,100.378215,2019.0,3.0,3.0,160.0,unknown,0,https://www.ddproperty.com/en/property/บ้านเดี่ยว-คาซา-วิลล์-บางใหญ่-3-ห้องนอน-ขาย-casa-ville-bangyai-house-3-bedrooms-for-sale-stone310-for-sale-10075657,5500000.0,34375.0,7.0
9981493,,Muang Nonthaburi,"Ratchapruek Road, Bang Rak Noi, Muang Nonthaburi, Nonthaburi",13.859576,100.455613,2019.0,3.0,3.0,160.0,Unfurnished,0,https://www.ddproperty.com/en/property/9066-บ้านเดี่ยว-เพอร์เฟคเพลส-ราชพฤกษ์-เพียง-6-นาทีถึงเดอะวอร์ค-ราชพฤกษ์-for-sale-9981493,5500000.0,34375.0,7.0
9861422,,Prawet,"Onnut Road, Prawet, Prawet, Bangkok",13.722290838190045,100.70575915308709,2012.0,3.0,3.0,285.0,unknown,0,https://www.ddproperty.com/en/property/ขายบ้านเดี่ยว-หมู่บ้านนันทวัน-พระราม9-อ่อนนุช-บ้านรีโนเวทใหม่-สวยงาม-พร้อมอยู่-3-ห้องนอน-3-ห้องน้ำ-1-ห้องโถง-1-ห้องนั่งเล่น-1-ห้องรับแขก-1-ห้องเอนกประสงค์-สนใจนัดชมบ้านติดต่อชนิตา-088-2878791-for-sale-9861422,9800000.0,34385.9649122807,14.0
9958871,,Sai Mai,"ถนนสุขาภิบาล ๕, O-Ngoen, Sai Mai, Bangkok",13.9078125,100.6646875,2012.0,3.0,3.0,135.0,Partially Furnished,0,https://www.ddproperty.com/en/property/บ้านเดี่ยว-2-ชั้น-หมู่บ้าน-ชัยพฤกษ์-50-ตรว-3-นอน-3-น้ำ-ราคา-4-85-ล้าน-for-sale-9958871,4650000.0,34444.444444444445,14.0
9691809,,Thanyaburi,"Rangsit-Nakhon Nayok Road, Bang Yitho, Thanyaburi, Pathum Thani",14.005489710463175,100.69162980816768,2019.0,4.0,3.0,229.0,unknown,0,https://www.ddproperty.com/en/property/for-sale-house-bangkok-boulevard-rangsit-aol-f81-2110004838-for-sale-9691809,7900000.0,34497.81659388646,7.0
9857050,,Muang Nonthaburi,"Ratchapruek Road, Bang Rak Noi, Muang Nonthaburi, Nonthaburi",13.859576,100.455613,2019.0,4.0,3.0,200.0,Partially Furnished,0,https://www.ddproperty.com/en/property/บ้านเดี่ยว-67ตร-ว-เพอร์เฟค-เพลส-ราชพฤกษ์-หลังมุม-ติดสวนส่วนกลาง-รีโนเวทแล้วพร้อมอยู่-for-sale-9857050,6900000.0,34500.0,7.0
9959450,,Bang Plee,"159 Wat Nam Daeng Road, Bang Kaeo, Bang Plee, Samut Prakan",13.623552580526855,100.64993997065017,2018.0,3.0,3.0,200.0,Partially Furnished,0,https://www.ddproperty.com/en/property/ขายบ้านเดี่ยว-2-ชั้น-บ้าน-มัณฑนา-ศรีนครินทร์-ซอยศรีด่าน-22-ใกล้-bts-ศรีแบริ่ง-for-sale-9959450,6900000.0,34500.0,8.0
9975736,,Muang Pathum Thani,"Saphan Nonthaburi-Bang Bua Thong Road (345), Bang Khu Wat, Muang Pathum Thani, Pathum Thani",13.954039,100.477416,2018.0,3.0,2.0,130.0,unknown,0,https://www.ddproperty.com/en/property/ขายบ้านเดี่ยว-ฮาบิเทีย-บอนด์-ราชพฤกษ์-habitia-bond-ratchapreuk-for-sale-9975736,4490000.0,34538.46153846154,8.0
10037918,,Sai Mai,"Chatuchot Road, O-Ngoen, Sai Mai, Bangkok",13.898603261771123,100.68667665467652,2017.0,3.0,2.0,165.0,unknown,0,https://www.ddproperty.com/en/property/ขายบ้านเดี่ยวสวย-ม-ดีไลท์-แอทซีน-วัชรพล-จตุโชติ-ติดทางด่วนจตุโชติ-พื้นที่52-6ตรว-แถมเฟอร์สวย-บ้านน่าอยู่-หมู่บ้านร่มรื่น-ต่อเติมครัวสวย-ยื่นกู้ฟรี-เพียง5-7ล้านเท่านั้น-for-sale-10037918,5700000.0,34545.454545454544,9.0
9780104,,Muang Samut Prakarn,"Phraeksa Road, Phraeksa, Muang Samut Prakarn, Samut Prakan",13.568827018591438,100.645729273338,2010.0,3.0,2.0,150.0,Unfurnished,0,https://www.ddproperty.com/en/property/for-sale-the-gallery-sukhumvit-praksa-property-id-kh22156-line-id-347hjdfa-with-sign-for-sale-9780104,5200000.0,34666.666666666664,16.0
9976611,,Muang Samut Prakarn,"Praeksa Road, Phraeksa, Muang Samut Prakarn, Samut Prakan",13.568877,100.666432,2019.0,3.0,2.0,115.0,unknown,0,https://www.ddproperty.com/en/property/psh-01112-house-for-sale-the-trust-praksa-srinakarin-for-sale-9976611,3990000.0,34695.65217391304,7.0
9761484,,Muang Phuket,"23/13 Patak, Rawai, Muang Phuket, Phuket",12.910471,100.857173,2012.0,2.0,2.0,360.0,Fully Furnished,0,https://www.ddproperty.com/en/property/sell-ultimate-private-pool-villa-in-rawai-phuket-for-sale-9761484,12500000.0,34722.22222222222,14.0
9852371,,Pak Kret,"59 Ratchaphruek Road, Khlong Khoi, Pak Kret, Nonthaburi",13.94379637975091,100.45951560691472,2020.0,3.0,3.0,190.0,Unfurnished,0,https://www.ddproperty.com/en/property/11130-คาซ่าวิลล์-ราชพฤกษ์-แจ้งวัฒนะ-เพียง-12-นาทีถึงเซนทรัล-เวสเกต-for-sale-9852371,6600000.0,34736.84210526316,6.0
9656628,,Bang Plee,"Srinakarin Road, Bang Kaeo, Bang Plee, Samut Prakan",13.624664311327384,100.6623625863656,2018.0,3.0,2.0,135.0,Partially Furnished,0,https://www.ddproperty.com/en/property/ขายบ้านแฝด-ภัสสร-ไพร์ด-ศรีนครินทร์-หนามแดง-passorn-pride-for-sale-9656628,4690000.0,34740.74074074074,8.0
9598692,,Bang Plee,"Namdaeng Road, Bangphli Yai, Bang Plee, Samut Prakan",13.613911598525814,100.68788980696512,2011.0,3.0,2.0,135.0,unknown,0,https://www.ddproperty.com/en/property/ภัสสร49-อเวนิว-หนามแดง-บ้านสวยพร้อมอยู่-for-sale-9598692,4690000.0,34740.74074074074,15.0
9755047,,Bang Plee,"Srinakarin Road, Bang Kaeo, Bang Plee, Samut Prakan",13.624664311327384,100.6623625863656,2018.0,3.0,2.0,135.0,Partially Furnished,0,https://www.ddproperty.com/en/property/ขายบ้านแฝด-ภัสสรไพรด์-บางแก้ว-ศรีนครินทร์-หนามแดง-บ้านสวยแต่งครบ-for-sale-9755047,4690000.0,34740.74074074074,8.0
9969793,,Muang Nonthaburi,"Rattanathibet Road, Sai Ma, Muang Nonthaburi, Nonthaburi",13.877157,100.466281,2011.0,4.0,3.0,402.0,Partially Furnished,0,https://www.ddproperty.com/en/property/บ้านเดี่ยวหลังใหญ่-81-ตร-ว-เพอร์เฟค-มาสเตอร์พีช-รัตนาธิเบศร์-400-ตรม-3-ห้องนอน-โถงพักผ่อน-มุมอเนกประสงค์-3ห้องน้ำ-2-ที่จอดรถ-เฟอร์บิว-ครัวฝรั่ง-ครัวไทย-พื้นชั้นบนปาร์เกร์ไม้แดง-บันไดไม้แดง-ภายในโครงการมีสิ่งอำนวยความสะดวกครบครัน-for-sale-9969793,14030000.0,34900.49751243781,15.0
10071384,,Bang Lamung,"Muang Pattaya Road, Huai Yai, Bang Lamung, Chon Buri",12.8050147,100.938323,2014.0,4.0,2.0,166.0,Fully Furnished,0,https://www.ddproperty.com/en/property/for-sale-pool-villa-fully-furnished-with-shock-price-for-sale-10071384,5799000.0,34933.73493975904,12.0
10017168,,Muang Samut Prakarn,"Praeksa Road, Phraeksa, Muang Samut Prakarn, Samut Prakan",13.568877,100.666432,2019.0,3.0,3.0,160.0,unknown,0,https://www.ddproperty.com/en/property/sh-01123-หมู่บ้าน-เดอะทรัสต์-ศรีนครินทร์-แพรกษา-ใกล้จุดขึ้นลงทางด่วนบางพลีสุขสวัสดิ์-ถนนเทพารักษ์-เดินทางสะดวก-ใกล้สถานีรถไฟฟ้าแพรกษา-โรงเรียนสวนกุหลาบวิทยาลัย-สมุทรปราการ-และโรบินสัน-สมุทรปราการ-for-sale-10017168,5600000.0,35000.0,7.0
9975838,,Muang Samut Prakarn,"Phraeksa Road, Phraeksa, Muang Samut Prakarn, Samut Prakan",13.568827018591438,100.645729273338,2010.0,3.0,2.0,160.0,unknown,0,https://www.ddproperty.com/en/property/pbs389-house-for-sale-the-gallery-sukhumvit-praksa-for-sale-9975838,5600000.0,35000.0,16.0
10038744,,Muang Samut Prakarn,"Phraeksa Road, Phraeksa, Muang Samut Prakarn, Samut Prakan",13.568827018591438,100.645729273338,2010.0,3.0,2.0,160.0,unknown,0,https://www.ddproperty.com/en/property/ae65073-house-for-sale-special-price-the-gallery-sukhumvit-praksa-newly-renovated-ready-to-move-in-for-sale-10038744,5600000.0,35000.0,16.0
9992471,,Sai Mai,"Chatuchot Road, O-Ngoen, Sai Mai, Bangkok",13.898603261771123,100.68667665467652,2017.0,4.0,5.0,200.0,unknown,0,https://www.ddproperty.com/en/property/พิเศษต้อนรับสงกรานต์-หั่นราคาขาย-บ้านเดี่ยว-หมู่บ้าน-ดีไลท์-แอทซีน-จตุโชติ-วัชรพล-4-ห้องนอน-5-ห้องน้ำ-โปรนี้ถึง-สิ้นเดือนเมษายนนี้เท่านั้นน-ถ้าคุณมองหาบ้านต้องรีบซื้อแล้ววว-for-sale-9992471,7000000.0,35000.0,9.0
10051770,,Muang Samut Prakarn,"Phraeksa Road, Phraeksa, Muang Samut Prakarn, Samut Prakan",13.568827018591438,100.645729273338,2010.0,3.0,2.0,160.0,unknown,0,https://www.ddproperty.com/en/property/pbs389-house-for-sale-the-gallery-sukhumvit-praksa-for-sale-10051770,5600000.0,35000.0,16.0
9862240,,Muang Samut Sakhon,"Rama 2 Road, Bang Nam Chut, Muang Samut Sakhon, Samut Sakhon",13.598819,100.367149,2018.0,5.0,4.0,200.0,unknown,0,https://www.ddproperty.com/en/property/single-house-for-sale-with-tenants-the-grand-rama-2-project-phanthai-norasing-near-boonthavorn-central-rama-2-34-hh-64117-for-sale-9862240,7000000.0,35000.0,8.0
9065063,,Muang Samut Prakarn,"Soi Srisamit, Thepharak, Muang Samut Prakarn, Samut Prakan",13.615678747184688,100.6336108433537,2019.0,3.0,2.0,134.0,Unfurnished,0,https://www.ddproperty.com/en/property/kn-0293-ขายด่วน-the-plant-เทพารักษ์-บ้านใหม่-บ้านไม่โทรมเข้าไปทำความสะอาดทุกอาทิตย์-for-sale-9065063,4700000.0,35074.62686567164,7.0
8112754,,Sattahip,"2 นาจอมเทียน, Na Chom Thian, Sattahip, Chon Buri",12.7905696,100.9150822,2012.0,4.0,3.0,228.0,Fully Furnished,0,https://www.ddproperty.com/en/property/4-bed-3-bath-in-na-jomtien-bang-saray-for-8-000-000-thb-pc7964-for-sale-8112754,8000000.0,35087.71929824561,14.0
9806951,,Muang Pathum Thani,"Saphan Nonthaburi - Bang Bua Thong Road (Road 345), Bang Khu Wat, Muang Pathum Thani, Pathum Thani",13.95865750117877,100.48033893771964,2009.0,3.0,3.0,156.0,Partially Furnished,0,https://www.ddproperty.com/en/property/ขายบ้านเดี่ยว-2-ชั้น-หลังมุม-60-ตร-วา-3-ห้องนอน-ม-ฮาบิเทีย-ราชพฤกษ์-ติดถนน-345-ปทุมธานี-ใกล้รถไฟฟ้าสีชมพู-สถานีปากเกร็ด-for-sale-9806951,5500000.0,35256.41025641026,17.0
10076530,,Nong Khaem,"Liab Klong Phasi Charoen Nua Road, Nong Kham, Nong Khaem, Bangkok",13.685815394249644,100.35893264467288,2018.0,3.0,3.0,180.0,Partially Furnished,0,https://www.ddproperty.com/en/property/house-for-sale-quality-project-good-location-3-bedrooms-3-bathrooms-usable-area-180-sq-m-supalai-ville-petchkasem-69-near-the-mall-bang-khae-for-sale-10076530,6350000.0,35277.77777777778,8.0
8340216,,Muang Samut Sakhon,"Rama 2 Road, Bang Nam Chut, Muang Samut Sakhon, Samut Sakhon",13.598819,100.367149,2018.0,6.0,4.0,450.0,unknown,0,https://www.ddproperty.com/en/property/ถูกสุดในโครงการรีบคว้าด่วน-บ้านเดี่ยวหลังริม-เดอะแกรนด์พระราม2-เนื้อที่-106-ตรว-รหัสsj1382-for-sale-8340216,15900000.0,35333.333333333336,8.0
9012034,,Bang Plee,"66 Namdang-Bangplee Road, Bang Kaeo, Bang Plee, Samut Prakan",13.62209933706204,100.66132591210138,2017.0,3.0,2.0,164.0,unknown,0,https://www.ddproperty.com/en/property/the-plant-srinakarin-namdaeng-for-sale-9012034,5800000.0,35365.85365853659,9.0
10030166,,Phasi Charoen,"Soi Kamnun Maen, Kallaprapruk Road, Bang Wa, Phasi Charoen, Bangkok",13.699617,100.433803,2019.0,3.0,2.0,107.0,unknown,0,https://www.ddproperty.com/en/property/3-bedroom-house-for-sale-at-casa-city-kanlapaphruek-sathorn-u218075-for-sale-10030166,3790000.0,35420.56074766355,7.0
9802015,,Bang Plee,"Lat Krabang Road, Rachathewa, Bang Plee, Samut Prakan",13.714717,100.7251718,2018.0,3.0,3.0,175.0,unknown,0,https://www.ddproperty.com/en/property/ขายด่วน-บ้านเดี่ยว-เพอร์เฟค-เพลส-สุขุมวิท-77-เนื้อที่-56-ตรว-พื้นที่ใช้สอย-175-ตรม-พิเศษเพียง-6-2-ล้านบาทเท่านั้น-for-sale-9802015,6200000.0,35428.57142857143,8.0
8776223,,Muang Nonthaburi,"รัตนาธิเบศ รัตนาธิเบศร์, Bang Rak Noi, Muang Nonthaburi, Nonthaburi",13.8755625,100.4536814,2012.0,4.0,4.0,1580.0000000000002,Fully Furnished,0,https://www.ddproperty.com/en/property/sale-ladawan-rattanathibet-4-bedrooms-id-85757-h-103-1580-sqm-for-sale-8776223,56000000.0,35443.03797468354,14.0
9330752,,Bang Plee,"455 Bang Phli - King Kaew Road, Bangphli Yai, Bang Plee, Samut Prakan",13.628285881664404,100.71103688376552,2010.0,3.0,3.0,169.0,Unfurnished,0,https://www.ddproperty.com/en/property/บ้านเดี่ยว63-4ตร-ว-ภัสสร25-บางนา-3นอน-3น้ำ-5-99ลบ-for-sale-9330752,5990000.0,35443.78698224852,16.0
3646676,,Bang Lamung,"3 พัทยา, Nong Pru, Bang Lamung, Chon Buri",12.9518764,100.9067024,2012.0,5.0,9.0,450.0,Fully Furnished,0,https://www.ddproperty.com/en/property/5-bed-9-bath-in-jomtien-pc2035-for-sale-3646676,16000000.0,35555.555555555555,14.0
10032840,,Bang Khen,"Sukhaphiban 5 Road, Tha Rang, Bang Khen, Bangkok",13.875522592236196,100.65151012683518,2018.0,5.0,5.0,450.0,Fully Furnished,0,https://www.ddproperty.com/en/property/for-sale-5-bedroom-resort-style-house-at-noble-vana-watcharapol-for-sale-10032840,16000000.0,35555.555555555555,8.0
9790073,,Muang Samut Sakhon,"Rama 2 Road, Bang Nam Chut, Muang Samut Sakhon, Samut Sakhon",13.598819,100.367149,2018.0,4.0,4.0,250.0,unknown,0,https://www.ddproperty.com/en/property/single-house-for-sell-the-grand-rama-2-park-ville-zone-project-on-rama-road-2-34-hh-64153-for-sale-9790073,8900000.0,35600.0,8.0
8913796,,San Kamphaeng,"New Chiang Mai - Sankampang Road, Buak Sang, San Kamphaeng, Chiang Mai",18.730275,99.09599,2021.0,4.0,4.0,349.0,Unfurnished,0,https://www.ddproperty.com/en/property/4-bedroom-villa-for-sale-at-malada-grand-coulee-u221513-for-sale-8913796,12450329.0,35674.295128939826,5.0
8925895,,San Kamphaeng,"New Chiang Mai - Sankampang Road, Buak Sang, San Kamphaeng, Chiang Mai",18.730275,99.09599,2021.0,4.0,4.0,349.0,Unfurnished,0,https://www.ddproperty.com/en/property/4-bedroom-villa-for-sale-at-malada-grand-coulee-u221512-for-sale-8925895,12450329.0,35674.295128939826,5.0
9350257,,Bang Plee,"King Kaew Road, Rachathewa, Bang Plee, Samut Prakan",13.682176,100.709064,2016.0,4.0,3.0,213.00000000000003,Partially Furnished,0,https://www.ddproperty.com/en/property/ขายบ้านเดี่ยว-ศุภาลัย-ไพร์ด-บางนา-วงแหวน-ซ-กาญจนาภิเษก-39-กิ่งแก้ว-25-1-หลังริม-พร้อมสระว่ายน้ำ-ใกล้เมกา-บางนา-อิเกีย-เซ็นทรัล-บางนา-for-sale-9350257,7599000.0,35676.05633802817,10.0
9032982,,Bang Plee,"Soi Kingkaew 31, Rachathewa, Bang Plee, Samut Prakan",13.688721,100.722143,2018.0,3.0,3.0,140.0,unknown,0,https://www.ddproperty.com/en/property/ขายด่วน-หลังมุม-บ้านเดี่ยว-2-ชั้น-golden-neo-บางนา-กิ่งแก้ว-พื้นที่-37-1ตร-วา-3ห้องนอน-3ห้องน้ำ-for-sale-9032982,5000000.0,35714.28571428572,8.0
7602780,,Yan Nawa,"Ratchadaphisek Road, Chong Nonsi, Yan Nawa, Bangkok",13.699507,100.54023,2021.0,5.0,3.0,364.0,Fully Furnished,0,https://www.ddproperty.com/en/property/beautiful-villa-with-large-private-pool-within-400-meters-to-lamai-beach-husm25490-for-sale-7602780,13000000.0,35714.28571428572,5.0
8941416,,Khlong Sam Wa,"Sukhaphiban 5, Sam Wa Tawan Ok, Khlong Sam Wa, Bangkok",13.911869600835365,100.68635883296946,2014.0,3.0,3.0,148.0,unknown,0,https://www.ddproperty.com/en/property/for-sale-tararom-neighborhome-watcharaphon-trh-34-for-sale-8941416,5290000.0,35743.24324324324,12.0
10070136,,Bang Bua Thong,"Kanjaphisek Road, Bang Rak Pattana, Bang Bua Thong, Nonthaburi",13.889916943929164,100.40190622849413,2013.0,3.0,3.0,179.0,unknown,0,https://www.ddproperty.com/en/property/ขายด่วน-บ้านเดี่ยว-ราคาพิเศษ-ม-มัณฑนาบางใหญ่-ซอยคลองถนน-ต-บางรักพัฒนา-อ-บางบัวทอง-จ-นนทบุรี-for-sale-10070136,6400000.0,35754.18994413408,13.0
8345172,,Bang Plee,"Thephark Road, Bang Pla, Bang Plee, Samut Prakan",13.597675,100.729199,2022.0,3.0,4.0,215.0,unknown,0,https://www.ddproperty.com/en/property/ขายบ้านเดี่ยว-โครงการ-panara-precious-2-ชั้น-บางปลา-บางพลี-215-ตรม-3-ห้องนอน-โทร-02-512-5909-084-543-4833-086-397-4454-for-sale-8345172,7690000.0,35767.441860465115,4.0
8494381,,Bang Plee,"Soi Kingkaew 31, Rachathewa, Bang Plee, Samut Prakan",13.688721,100.722143,2018.0,3.0,2.0,120.0,unknown,0,https://www.ddproperty.com/en/property/โกลเด้น-วิลเลจ-บางนา-กิ่งแก้ว-for-sale-8494381,4300000.0,35833.333333333336,8.0
9409517,,Sam Phran,"Phutthamonthon Sai 4 Road, Krathum Lom, Sam Phran, Nakhon Pathom",13.743276885139526,100.32951779168882,2016.0,3.0,4.0,265.0,Partially Furnished,0,https://www.ddproperty.com/en/property/ขายขาดทุน-บ้านบิ้วอินทั้งหลัง-โครงการ-บางกอกบูเลอวาร์ด-ปิ่นเกล้าเพชรเกษม-s1161-for-sale-9409517,9500000.0,35849.056603773584,10.0
9864892,,Bang Kapi,"Soi Krungthep Kreetha 7, Hua Mak, Bang Kapi, Bangkok",13.751984376046398,100.65666944712098,2007.0,3.0,3.0,220.0,Fully Furnished,0,https://www.ddproperty.com/en/property/urgent-sale-detached-house-krongthong-villa-park-krungthep-kreetha-3-bedrooms-3-bathrooms-good-location-near-the-expressway-for-sale-9864892,7900000.0,35909.09090909091,19.0
9204634,,Bang Kapi,"Soi Krungthep Kreetha 7, Hua Mak, Bang Kapi, Bangkok",13.751984376046398,100.65666944712098,2007.0,3.0,3.0,220.0,Partially Furnished,0,https://www.ddproperty.com/en/property/บ้านเดี่ยว-กรองทอง-กรุงเทพกรีฑา-7-บางกะปิ-for-sale-9204634,7900000.0,35909.09090909091,19.0
9980432,,Muang Samut Sakhon,"Rama 2 Road, Khok Kham, Muang Samut Sakhon, Samut Sakhon",13.56274959162672,100.33572587747284,2013.0,4.0,6.0,668.0,Fully Furnished,0,https://www.ddproperty.com/en/property/sell-บ้านหรู-ริมทะเลสาบ-สาริน-ซิตี้-เดอะ-เลควิลล์-พระราม-2-sarin-city-the-lake-ville-rama-2-ขนาด-4ห้องนอน-6ห้องน้ำ-308-ตร-วา-ใกล้ทางด่วน-พระราม-2-er-hs031-for-sale-9980432,24000000.0,35928.14371257485,13.0
8612113,,Bang Plee,"Soi Kanchanaphisek 39, Kanchanaphisek Road, Rachathewa, Bang Plee, Samut Prakan",13.683994606075249,100.71235504662708,2020.0,3.0,3.0,150.0,unknown,0,https://www.ddproperty.com/en/property/บุราสิริ-วงแหวน-อ่อนนุช-for-sale-8612113,5390000.0,35933.333333333336,6.0
9947927,,Saphan Sung,"Kanchanaphisek Road, Saphan Sung, Saphan Sung, Bangkok",13.738084944461162,100.70370599738558,2014.0,4.0,3.0,175.0,Partially Furnished,0,https://www.ddproperty.com/en/property/ขายบ้านเดี่ยว-ไลฟ์-บางกอก-บูเลอวาร์ด-วงแหวน-พระราม-9-ใกล้-ถ-รามคำแหง-ถ-ศรีนครินทร์-มอเตอร์เวย์-สุวรรณภูมิ-แอร์พอร์ตลิงก์-for-sale-9947927,6299000.0,35994.28571428572,12.0
10057927,,Bang Lamung,"Thappraya Rd, Nong Pru, Bang Lamung, Chon Buri",12.907073,100.869523,2003.0,3.0,4.0,500.0,unknown,0,https://www.ddproperty.com/en/property/3-bedrooms-pool-villa-for-sale-for-sale-10057927,18000000.0,36000.0,23.0
9820953,,Muang Pathum Thani,"Saphan Nonthaburi-Bang Bua Thong Road (345), Bang Khu Wat, Muang Pathum Thani, Pathum Thani",13.954039,100.477416,2018.0,3.0,2.0,125.0,Unfurnished,0,https://www.ddproperty.com/en/property/11325-ฮาบิเทีย-บอนด์-ราชพฤกษ์-หลังมุม-20-นาทีถึงฟิวเจอร์ฯ-รังสิต-for-sale-9820953,4500000.0,36000.0,8.0
6462925,,Sai Mai,"Vacharaphol Road, Khlong Tanon, Sai Mai, Bangkok",13.893898,100.639518,2012.0,4.0,4.0,249.0,unknown,0,https://www.ddproperty.com/en/property/บ้านเดี่ยว-ม-ลัดดารมย์-วัชรพล-ใกล้สนามบินดอนเมือง-ทางด่วน-ศรีรัช-และ-เซ็นทรัลรามอินทรา-for-sale-6462925,8990000.0,36104.41767068273,14.0
6461787,,Sai Mai,"Vacharaphol Road, Khlong Tanon, Sai Mai, Bangkok",13.893898,100.639518,2012.0,4.0,4.0,249.0,unknown,0,https://www.ddproperty.com/en/property/บ้านเดี่ยว-ม-ลัดดารมย์-วัชรพล-บนทำเลเชื่อมต่อหลายเส้นทาง-ถ-รามอินทรา-ถ-สายไหม-และ-ถ-พหลโยธิน-for-sale-6461787,8990000.0,36104.41767068273,14.0
9994829,,Sai Mai,"Soi Karnchanapisek Expressway, O-Ngoen, Sai Mai, Bangkok",13.886284,100.681978,2019.0,4.0,3.0,215.0,Partially Furnished,0,https://www.ddproperty.com/en/property/pave-รามอินทรา-วงแหวน-บ้านเดี่ยวสไตล์โมเดิร์น-หลังมุม-for-sale-9994829,7790000.0,36232.558139534885,7.0
8424877,,Bang Plee,"Soi Kingkaew 31, Rachathewa, Bang Plee, Samut Prakan",13.688721,100.722143,2018.0,4.0,3.0,161.0,Unfurnished,0,https://www.ddproperty.com/en/property/b7261163-ขาย-บ้านแฝด-2-ชั้น-โกลเด้น-นีโอ-2-บางนา-กิ่งแก้ว-ตึก-2-ชั้น-ขนาดพื้นที่-40-3-ตร-ว-sell-golden-neo-2-bangna-kingkaew-for-sale-8424877,5850000.0,36335.40372670807,8.0
8936865,,San Kamphaeng,"New Chiang Mai - Sankampang Road, Buak Sang, San Kamphaeng, Chiang Mai",18.730275,99.09599,2021.0,4.0,4.0,349.0,Unfurnished,0,https://www.ddproperty.com/en/property/4-bedroom-villa-for-sale-at-malada-grand-coulee-u221505-for-sale-8936865,12718864.0,36443.73638968481,5.0
8899581,,San Kamphaeng,"New Chiang Mai - Sankampang Road, Buak Sang, San Kamphaeng, Chiang Mai",18.730275,99.09599,2021.0,4.0,4.0,349.0,Unfurnished,0,https://www.ddproperty.com/en/property/4-bedroom-villa-for-sale-at-malada-grand-coulee-u221514-for-sale-8899581,12718864.0,36443.73638968481,5.0
10008408,,Muang Samut Prakarn,"Praeksa Road, Phraeksa, Muang Samut Prakarn, Samut Prakan",13.568877,100.666432,2019.0,3.0,2.0,115.0,Unfurnished,0,https://www.ddproperty.com/en/property/เดอะทรัสต์-ศรีนครินทร์-แพรกษา-for-sale-10008408,4200000.0,36521.739130434784,7.0
9809087,,Muang Samut Prakarn,"Praeksa Road, Phraeksa, Muang Samut Prakarn, Samut Prakan",13.568877,100.666432,2019.0,3.0,2.0,115.0,unknown,0,https://www.ddproperty.com/en/property/sh-01112-ขาย-บ้านแฝดสไตล์บ้านเดี่ยว-หลังริม-หมู่บ้าน-the-trust-แพรกษา-เดอะ-ทรัสต์-ศรีนครินทร์-แพรกษา-บ้านหลังริม-for-sale-9809087,4200000.0,36521.739130434784,7.0
9950226,,Bueng Kum,"Ratchada-Ramintra Road, Khlong Kum, Bueng Kum, Bangkok",13.819080790301015,100.65609975628136,2011.0,5.0,5.0,350.0,unknown,0,https://www.ddproperty.com/en/property/r023-002-ขาย-บ้านเดี่ยว-เดอะ-ไพรมารี่-เพรสทีจ-รัชดา-รามอินทรา-the-primary-prestige-ratchada-ramintra-พื้นที่-52-ตร-ว-5-นอน-5-น้ำ-โทร-083-489-8889-for-sale-9950226,12800000.0,36571.42857142857,15.0
9959637,,Bueng Kum,"Ratchada-Ramintra Road, Khlong Kum, Bueng Kum, Bangkok",13.819080790301015,100.65609975628136,2011.0,5.0,5.0,350.0,unknown,0,https://www.ddproperty.com/en/property/r023-003-ขายด่วน-บ้านเดี่ยว-เดอะ-ไพรมารี่-เพรสทีจ-รัชดา-รามอินทรา-the-primary-prestige-ratchada-ramintra-พื้นที่-52-ตร-ว-5-นอน-5-น้ำ-โทร-083-489-8889-for-sale-9959637,12800000.0,36571.42857142857,15.0
8474695,,Bang Plee,"Soi Kingkaew 31, Rachathewa, Bang Plee, Samut Prakan",13.688721,100.722143,2018.0,3.0,2.0,120.0,Partially Furnished,0,https://www.ddproperty.com/en/property/ขายบ้านเดี่ยว-2-ชั้น-ถนนกิ่งแก้ว-41-3-ตารางวา-ทางด่วนสายบางนา-ชลบุรี-for-sale-8474695,4390000.0,36583.333333333336,8.0
9962779,,Muang Pathum Thani,"Na Wong Pattana Road, Lak Hok, Muang Pathum Thani, Pathum Thani",13.958774855339252,100.57570976884432,2005.0,4.0,2.0,150.0,unknown,0,https://www.ddproperty.com/en/property/ขายบ้านมือสองดอนเมือง-ม-พฤกษาวิลเลจ36โกสุมรวมใจ-43-เนื้อที่-64-ตรว-หลังมุม-for-sale-9962779,5490000.0,36600.0,21.0
9666168,,Bang Plee,"Namdaeng Road, Bangphli Yai, Bang Plee, Samut Prakan",13.621157,100.679146,2015.0,3.0,3.0,150.0,Fully Furnished,0,https://www.ddproperty.com/en/property/ขายด่วน-บ้านเดี่ยว-2-ชั้น-delight-ดีไลท์-บางนา-ศรีนครินทร์-พื้นที่่-54ตร-วา-3-ห้องนอน-3-ห้องน้ำ-for-sale-9666168,5500000.0,36666.666666666664,11.0
8345183,,Bang Plee,"Thephark Road, Bang Pla, Bang Plee, Samut Prakan",13.597675,100.729199,2022.0,3.0,3.0,182.0,unknown,0,https://www.ddproperty.com/en/property/ขายบ้านเดี่ยว-โครงการ-panara-prestige-3-ชั้น-บางปลา-บางพลี-367-ตรม-5-ห้องนอน-ลิฟท์ส่วนตัว-โทร-02-512-5909-084-543-4833-086-397-4454-for-sale-8345183,6680000.0,36703.296703296706,4.0
9856491,,Bang Kruai,"Nakhon In Road, Bang Khun Kong, Bang Kruai, Nonthaburi",13.824274372917882,100.453440728836,2009.0,3.0,3.0,207.0,Unfurnished,0,https://www.ddproperty.com/en/property/10047-เดอะซิตี้-พระราม5-ราชพฤกษ์2-เพียง-7-นาทีถึง-mrtแยกติวานนท์-for-sale-9856491,7600000.0,36714.97584541063,17.0
9549108,,Muang Samut Prakarn,"Thepharak Road, Thepharak, Muang Samut Prakarn, Samut Prakan",13.612720441633654,100.66565552194768,2014.0,4.0,4.0,324.0,unknown,0,https://www.ddproperty.com/en/property/บางกอก-บูเลอวาร์ด-เทพารักษ์-วงแหวน-for-sale-9549108,11900000.0,36728.39506172839,12.0
8579363,,Bang Plee,"Thephark Road, Bang Pla, Bang Plee, Samut Prakan",13.597675,100.729199,2022.0,5.0,4.0,215.0,unknown,0,https://www.ddproperty.com/en/property/พานารา-เทพารักษ์-บ้านสไตล์โมเดิร์น-for-sale-8579363,7900000.0,36744.186046511626,4.0
10052011,,Bueng Kum,"Ratchada-Ramintra Road, Khlong Kum, Bueng Kum, Bangkok",13.819080790301015,100.65609975628136,2011.0,5.0,5.0,350.0,unknown,0,https://www.ddproperty.com/en/property/pbs22-house-for-sale-the-primary-prestige-ratchada-ramintra-for-sale-10052011,12890000.0,36828.57142857143,15.0
9975945,,Bueng Kum,"Ratchada-Ramintra Road, Khlong Kum, Bueng Kum, Bangkok",13.819080790301015,100.65609975628136,2011.0,5.0,5.0,350.0,unknown,0,https://www.ddproperty.com/en/property/pbs22-house-for-sale-the-primary-prestige-ratchada-ramintra-for-sale-9975945,12890000.0,36828.57142857143,15.0
9921320,,Bueng Kum,"Ratchada-Ramintra Road, Khlong Kum, Bueng Kum, Bangkok",13.819080790301015,100.65609975628136,2011.0,5.0,5.0,350.0,Partially Furnished,0,https://www.ddproperty.com/en/property/ขายบ้านเดี่ยว-เดอะ-ไพรมารี่-เพรสทีจ-the-primary-prestige-เกษตร-นวมินทร์-รัชดา-รามอินทรา-พร้อมอยู่-ราคาดีที่สุด-for-sale-9921320,12890000.0,36828.57142857143,15.0
9971219,,Bueng Kum,"Ratchada-Ramintra Road, Khlong Kum, Bueng Kum, Bangkok",13.819080790301015,100.65609975628136,2011.0,5.0,5.0,350.0,unknown,0,https://www.ddproperty.com/en/property/ae65042-house-for-sale-special-price-primary-prestige-ratchada-ramintra-fully-furnished-for-sale-9971219,12890000.0,36828.57142857143,15.0
9117234,,Bang Yai,"Ban Kluai - Sai Noi Road, Bang Len, Bang Yai, Nonthaburi",13.862866786195443,100.43850069738644,2009.0,3.0,2.0,152.0,unknown,0,https://www.ddproperty.com/en/property/tu-0045-ขายบ้านเดี่ยว-2-ชั้น-the-centro-รัตนาธิเบศร์-ใกล้-เซ็นทรัล-mrt-บางพลู-for-sale-9117234,5600000.0,36842.10526315789,17.0
10035777,,Bang Plee,"Srinakarin Road, Bang Kaeo, Bang Plee, Samut Prakan",13.624664311327384,100.6623625863656,2018.0,3.0,2.0,135.0,Partially Furnished,0,https://www.ddproperty.com/en/property/ขายบ้าน-ภัสสร-ไพรด์-ศรีนครินทร์-หนามแดง-บ้านแปลงริม-ทำเลดีเดินทางสะดวก-ใกล้ทางด่วน-ใกล้รถไฟฟ้า-mrt-ศรีด่าน-for-sale-10035777,4990000.0,36962.96296296296,8.0
10065819,,Khlong Sam Wa,"Phraya Suren Road (Ramintra 109), Bang Chun, Khlong Sam Wa, Bangkok",13.814628,100.699254,2015.0,3.0,2.0,131.0,Partially Furnished,0,https://www.ddproperty.com/en/property/บ้านแฝด-2-ชั้น-โครงการ-อิคอนเนเจอร์-รามอินทรา-109-เนื้อที่-37-1-ตรว-มี-3-ห้องนอน-2-ห้องน้ำ-ถนนรามอินทรา-เขตคลองสามวา-for-sale-10065819,4850000.0,37022.900763358775,11.0
9773990,,Muang Samut Prakarn,"Thepharak Road, Thepharak, Muang Samut Prakarn, Samut Prakan",13.612720441633654,100.66565552194768,2014.0,4.0,4.0,270.0,Partially Furnished,0,https://www.ddproperty.com/en/property/ขายบ้านเดี่ยว-บางกอกบูเลอวาร์ด-เทพารักษ์-วงแหวน-4ห้องนอน-4ห้องน้ำ-หน้าบ้านหันทิศใต้-ติดถนนเทพารักษ์-ใกล้ทางด่วนกาญจนาภิเษก-ซอยมังกร-รพ-สินแพทย์-เมกาบางนา-for-sale-9773990,10000000.0,37037.03703703704,12.0
10068619,,Muang Samut Prakarn,"Soi Srisamit, Thepharak, Muang Samut Prakarn, Samut Prakan",13.615678747184688,100.6336108433537,2019.0,3.0,2.0,164.0,Fully Furnished,0,https://www.ddproperty.com/en/property/ขายบ้านเดี่ยว-2-ชั้น-โครงการ-เดอะ-แพลน-บางนา-พร้อมอยู่-for-sale-10068619,6080000.0,37073.170731707316,7.0
9807180,,Prawet,"Onnut Road, Prawet, Prawet, Bangkok",13.722290838190045,100.70575915308709,2012.0,3.0,4.0,240.0,unknown,0,https://www.ddproperty.com/en/property/บ้านเดี่ยว-2ชั้น-นันทวัน-พระรามเก้า-อ่อนนุช-สภาพดี-สวย-for-sale-9807180,8900000.0,37083.333333333336,14.0
10076677,,Prawet,"Sukhaphiban 2 Road, Prawet, Prawet, Bangkok",13.689908805573744,100.70451047631572,2008.0,4.0,3.0,175.0,Unfurnished,0,https://www.ddproperty.com/en/property/บ้านเดี่ยวมัณฑนา-อ่อนนุช-วงแหวน2-รีโนเวทใหม่พร้อมอยู่-4ห้องนอน-3ห้องน้ำ-เมกาบางนา-อ่อนนุช-ประเวศ-ลาดกระบัง-for-sale-10076677,6490000.0,37085.71428571428,18.0
9960690,,Bang Plee,"159 Wat Nam Daeng Road, Bang Kaeo, Bang Plee, Samut Prakan",13.623552580526855,100.64993997065017,2018.0,3.0,3.0,229.0,Partially Furnished,0,https://www.ddproperty.com/en/property/ขายบ้านเดี่ยวศรีนครินทร์-มัณฑนาศรีด่าน22-ใกล้ทางขึ้นลงทางด่วนวงแหวนกาญจนาภิเษก-for-sale-9960690,8500000.0,37117.903930131004,8.0
8289346,,Bang Khae,"The Plant Village Bang Khae Soi 7/1, Bang Khae, Bang Khae, Bangkok",13.706295942847808,100.41403850194612,2011.0,3.0,3.0,250.0,unknown,0,https://www.ddproperty.com/en/property/ขายด่วนบ้านเดี่ยวพร้อมสระว่ายน้ำ-เดอะแพลนท์-บางแค-mrt-หลักสอง-รหัสsh638-for-sale-8289346,9290000.0,37160.0,15.0
9959633,,Bang Plee,"Soi Kingkaew 31, Rachathewa, Bang Plee, Samut Prakan",13.688721,100.722143,2018.0,3.0,3.0,134.0,unknown,0,https://www.ddproperty.com/en/property/โกลเด้นนีโอ-บางนา-กิ่งแก้ว-รีโนเวทพร้อมเข้าอยู่-for-sale-9959633,4990000.0,37238.80597014925,8.0
9805051,,Sai Mai,"Phoemsin Road, Khlong Tanon, Sai Mai, Bangkok",13.900194330868018,100.6348961943462,2017.0,2.0,3.0,165.1,Fully Furnished,0,https://www.ddproperty.com/en/property/ขายบ้านแฝด-2-ชั้น-โครงการ-noble-gable-kanso-watcharapol-โนเบิล-เกเบิล-วัชรพล-ทำเลดี-ใกล้ทางด่วน-อยู่ต้นโครงการ-ตกแต่งสวย-เฟอร์นิเจอร์-built-in-ทั้งหลัง-พร้อมอยู่-for-sale-9805051,6150000.0,37250.15142337977,9.0
7613732,,Watthana,"9 Soi Ekkamai 12, Ekkamai Road, Khlong Tan Nua, Watthana, Bangkok",13.730775,100.58681,2017.0,3.0,3.0,488.00000000000006,Fully Furnished,0,https://www.ddproperty.com/en/property/beautiful-sea-view-pool-villa-in-a-quiet-area-of-laem-set-husm25358-for-sale-7613732,18200000.0,37295.08196721311,9.0
10069926,,Prawet,"Sukhaphiban 2 Road, Prawet, Prawet, Bangkok",13.689908805573744,100.70451047631572,2008.0,4.0,3.0,174.0,unknown,0,https://www.ddproperty.com/en/property/มัณฑนา-อ่อนนุช-วงแหวน-2-รีโนเวทพร้อมเข้าอยู่-for-sale-10069926,6490000.0,37298.85057471264,18.0
10063774,,Prawet,"Sukhaphiban 2 Road, Prawet, Prawet, Bangkok",13.689908805573744,100.70451047631572,2008.0,4.0,3.0,174.0,Unfurnished,0,https://www.ddproperty.com/en/property/r2773-ขายบ้านเดี่ยวมัณฑนา-อ่อนนุช-วงแหวน-2-for-sale-10063774,6490000.0,37298.85057471264,18.0
10015009,,Prawet,"Sukhaphiban 2 Road, Prawet, Prawet, Bangkok",13.689908805573744,100.70451047631572,2008.0,4.0,3.0,174.0,Unfurnished,0,https://www.ddproperty.com/en/property/urgent-for-sale-manthana-2-on-nut-wongwaen-newly-decorated-near-the-garden-for-sale-by-owner-for-sale-10015009,6490000.0,37298.85057471264,18.0
9856454,,Prawet,"Soi On Nut 65 Yak14, Prawet, Prawet, Bangkok",13.726331570402785,100.68812997313978,2017.0,3.0,3.0,134.0,unknown,0,https://www.ddproperty.com/en/property/บ้านเดี่ยว-โกลเด้น-วิลเลจ-อ่อนนุช-พัฒนาการ-3-ห้องนอน-ขาย-golden-village-onnut-pattanakarn-house-3-bedrooms-for-sale-tp207-for-sale-9856454,5000000.0,37313.432835820895,9.0
8579216,,Bang Plee,"Thephark Road, Bang Pla, Bang Plee, Samut Prakan",13.597675,100.729199,2022.0,3.0,3.0,182.0,unknown,0,https://www.ddproperty.com/en/property/พานารา-เทพารักษ์-บ้านใหม่-สไตล์โมเดิร์น-for-sale-8579216,6800000.0,37362.63736263736,4.0
9664433,,Muang Nonthaburi,"Rachapruk Road, Bang Rak Noi, Muang Nonthaburi, Nonthaburi",13.870367792379607,100.45210276575764,2015.0,4.0,6.0,425.0,Partially Furnished,0,https://www.ddproperty.com/en/property/ใครที่มองหาบ้านหรูย่านราชพฤกษ์-บ้านเดี่ยว-แกรนด์-บางกอก-บูเลอวาร์ด-ราชพฤกษ์-รัตนาธิเบศร์-บ้านหรู-ขนาดใหญ่-สไตล์-modern-luxury-ติดถนนราชพฤกษ์-ใกล้รถไฟฟ้า-มีพื้นที่สนามหญ้า-for-sale-9664433,15900000.0,37411.76470588235,11.0
9779362,,Muang Nonthaburi,"Ratchapruek Road, Bang Rak Noi, Muang Nonthaburi, Nonthaburi",13.859576,100.455613,2019.0,2.0,3.0,148.0,unknown,0,https://www.ddproperty.com/en/property/house-for-sale-in-perfect-place-ratchapruek-for-sale-9779362,5550000.0,37500.0,7.0
8815667,,Bang Plee,"Lat Krabang Road, Rachathewa, Bang Plee, Samut Prakan",13.714717,100.7251718,2018.0,3.0,3.0,200.0,unknown,0,https://www.ddproperty.com/en/property/ขายบ้านเดี่ยว-perfect-place-สุขุมวิท-77-สุวรรณภูมิ-เฟส-6-บ้านใหม่-for-sale-8815667,7500000.0,37500.0,8.0
9819987,,Bang Yai,"Bang Yai-Bang Khulad Road, Bang Yai, Bang Yai, Nonthaburi",13.843338174766592,100.37910503453016,2019.0,3.0,3.0,136.0,Unfurnished,0,https://www.ddproperty.com/en/property/11581-ชัยพฤกษ์-ปิ่นเกล้า-กาญจนา-บ้านเดี่ยวหลังใหญ่-ใกล้ทางด่วนเพียง-14-นาที-for-sale-9819987,5100000.0,37500.0,7.0
9952376,,Bang Plee,"Namdaeng Road, Bangphli Yai, Bang Plee, Samut Prakan",13.621157,100.679146,2015.0,3.0,3.0,160.0,Fully Furnished,0,https://www.ddproperty.com/en/property/r2657-ขายบ้านเดี่ยวดีไลท์-ศรีนครินทร์-บางนา-67-ตารางวา-for-sale-9952376,6000000.0,37500.0,11.0
9332356,,Prawet,"454 Kanchanaphisek Road, Dok Mai, Prawet, Bangkok",13.658792676278043,100.69182316945366,2013.0,3.0,3.0,200.0,unknown,0,https://www.ddproperty.com/en/property/บ้านเดี่ยว-เลค-วิว-พาร์ค-วงแหวน-บางนา-3-ห้องนอน-ขาย-lake-view-park-wongwaen-bangna-house-3-bedrooms-for-sale-tp121-for-sale-9332356,7500000.0,37500.0,13.0
8562429,,Muang Samut Prakarn,"Thepharak Road, Thepharak, Muang Samut Prakarn, Samut Prakan",13.612720441633654,100.66565552194768,2014.0,4.0,4.0,245.0,unknown,0,https://www.ddproperty.com/en/property/for-sale-bangkok-boulevard-teparak-wongwaen-listing-no-yt01-793-for-sale-8562429,9200000.0,37551.02040816326,12.0
9989215,,Sai Mai,"Chatuchot Road, O-Ngoen, Sai Mai, Bangkok",13.898603261771123,100.68667665467652,2017.0,3.0,3.0,165.0,Partially Furnished,0,https://www.ddproperty.com/en/property/บ้านเดี่ยว-ดีไลท์-แอทซีน-วัชรพล-จตุโชติ-ห้องมุม-โครงการพฤกษา-สายไหม-วัชรพล-สุขา5-delight-scene-watcharapol-jatuchot-for-sale-9989215,6200000.0,37575.757575757576,9.0
10028095,,Saphan Sung,"Kanchanaphisek Road, Saphan Sung, Saphan Sung, Bangkok",13.738084944461162,100.70370599738558,2014.0,3.0,3.0,146.0,unknown,0,https://www.ddproperty.com/en/property/ขาย-บ้านเดี่ยว-ไลฟ์-บางกอก-บูเลอวาร์ด-พระราม-5-146-ตรม-35-6-ตร-วา-for-sale-10028095,5500000.0,37671.232876712325,12.0
8906625,,Sai Mai,"Vacharaphol Road, Khlong Tanon, Sai Mai, Bangkok",13.893898,100.639518,2012.0,3.0,3.0,260.0,Fully Furnished,0,https://www.ddproperty.com/en/property/sale-rent-laddarom-village-watcharaphon-rattanakosin-nyg010-for-sale-8906625,9800000.0,37692.307692307695,14.0
3647201,,Bang Lamung,"3 พัทยา, Nong Pru, Bang Lamung, Chon Buri",12.9518764,100.9067024,2012.0,4.0,6.0,450.0,Fully Furnished,0,https://www.ddproperty.com/en/property/4-bed-6-bath-in-jomtien-pc1794-for-sale-3647201,17000000.0,37777.77777777778,14.0
7732652,,Kathu,"57/4 Kamala, Kammala, Kathu, Phuket",8.0348216,98.3377935,2012.0,3.0,4.0,450.0,Fully Furnished,0,https://www.ddproperty.com/en/property/modern-pool-villa-for-sale-in-phuket-close-to-kamala-beach-hhkt27280-for-sale-7732652,17000000.0,37777.77777777778,14.0
10028573,,Pak Kret,"Chaiyapruek Road, Khlong Phra Udom, Pak Kret, Nonthaburi",13.926237755982218,100.46455480807208,2010.0,3.0,3.0,230.0,unknown,0,https://www.ddproperty.com/en/property/ขาย-บ้านเดี่ยว-ลัดดารมย์-ชัยพฤกษ์-แจ้งวัฒนะ-230-ตรม-99-ตร-วา-for-sale-10028573,8700000.0,37826.086956521736,16.0
10056033,,Bang Kruai,"Bang Kruai-Krungnon Road, Mahasawat, Bang Kruai, Nonthaburi",13.807610192660515,100.43415749186312,2016.0,3.0,3.0,177.0,Partially Furnished,0,https://www.ddproperty.com/en/property/yog-pres0755-ขายบ้านเดี่ยว-โครงการ-ลฟ์-บางกอก-บูเลอวาร์ด-พระราม5-ราชพฤกษ์-for-sale-10056033,6700000.0,37853.10734463277,10.0
8682310,,San Kamphaeng,"New Chiang Mai - Sankampang Road, Buak Sang, San Kamphaeng, Chiang Mai",18.730275,99.09599,2021.0,4.0,4.0,257.0,Unfurnished,0,https://www.ddproperty.com/en/property/4-bedroom-villa-for-sale-at-malada-grand-coulee-u221924-for-sale-8682310,9752131.0,37946.03501945525,5.0
8686243,,San Kamphaeng,"New Chiang Mai - Sankampang Road, Buak Sang, San Kamphaeng, Chiang Mai",18.730275,99.09599,2021.0,4.0,4.0,257.0,Unfurnished,0,https://www.ddproperty.com/en/property/4-bedroom-villa-for-sale-at-malada-grand-coulee-u221927-for-sale-8686243,9752131.0,37946.03501945525,5.0
8661356,,San Kamphaeng,"New Chiang Mai - Sankampang Road, Buak Sang, San Kamphaeng, Chiang Mai",18.730275,99.09599,2021.0,4.0,4.0,257.0,Unfurnished,0,https://www.ddproperty.com/en/property/4-bedroom-villa-for-sale-at-malada-grand-coulee-u221922-for-sale-8661356,9752131.0,37946.03501945525,5.0
8680299,,San Kamphaeng,"New Chiang Mai - Sankampang Road, Buak Sang, San Kamphaeng, Chiang Mai",18.730275,99.09599,2021.0,4.0,4.0,257.0,Unfurnished,0,https://www.ddproperty.com/en/property/4-bedroom-villa-for-sale-at-malada-grand-coulee-u221923-for-sale-8680299,9752131.0,37946.03501945525,5.0
8692086,,San Kamphaeng,"New Chiang Mai - Sankampang Road, Buak Sang, San Kamphaeng, Chiang Mai",18.730275,99.09599,2021.0,4.0,4.0,257.0,Unfurnished,0,https://www.ddproperty.com/en/property/4-bedroom-villa-for-sale-at-malada-grand-coulee-u221929-for-sale-8692086,9752131.0,37946.03501945525,5.0
8681433,,San Kamphaeng,"New Chiang Mai - Sankampang Road, Buak Sang, San Kamphaeng, Chiang Mai",18.730275,99.09599,2021.0,4.0,4.0,257.0,Unfurnished,0,https://www.ddproperty.com/en/property/4-bedroom-villa-for-sale-at-malada-grand-coulee-u221928-for-sale-8681433,9752131.0,37946.03501945525,5.0
9648088,,Bang Plee,"159 Wat Nam Daeng Road, Bang Kaeo, Bang Plee, Samut Prakan",13.623552580526855,100.64993997065017,2018.0,4.0,4.0,250.0,unknown,0,https://www.ddproperty.com/en/property/มัณฑนา-ศรีนครินทร์-บางนา-for-sale-9648088,9500000.0,38000.0,8.0
9854259,,Hua Hin,"Hua-Hin 26 Alley, Phet Kasem Road, Nong Kae, Hua Hin, Prachuap Khiri Khan",12.47113790803544,99.96310145767212,2021.0,3.0,3.0,352.0,unknown,0,https://www.ddproperty.com/en/property/3-bed-villa-352-50sqm-sivana-hideaway-phase-1-for-sale-9854259,13500000.0,38352.27272727273,5.0
9309368,,Pak Kret,"54/317 Ratchapruek Road, Khlong Khoi, Pak Kret, Nonthaburi",13.947886,100.457968,2020.0,4.0,3.0,221.0,Partially Furnished,0,https://www.ddproperty.com/en/property/ขาย-บ้านเดี่ยว-บุราสิริ-ราชพฤกษ์-345-บนถนน-ราชพฤกษ์-ใกล้-ถนน-345-rtw-for-sale-9309368,8490000.0,38416.28959276018,6.0
6212776,,Muang Phuket,"ราไวย์ Wiset, Chalong, Muang Phuket, Phuket",7.789263,98.330707,2012.0,2.0,2.0,294.0,Fully Furnished,0,https://www.ddproperty.com/en/property/920081001-143-phuket-nai-harn-pool-villa-2-bedrooms-for-sale-for-sale-6212776,11295000.0,38418.36734693877,14.0
10079174,,Lat Krabang,"Rural Development 3 Road, Khlong Song Ton Nun, Lat Krabang, Bangkok",13.74055108275129,100.71621767753454,2019.0,4.0,3.0,200.0,Fully Furnished,0,https://www.ddproperty.com/en/property/beautiful-peaceful-private-house-near-romklao-road-along-the-motorway-very-convenient-for-sale-10079174,7690000.0,38450.0,7.0
8640285,,Bang Plee,"Namdaeng Road, Bangphli Yai, Bang Plee, Samut Prakan",13.613911598525814,100.68788980696512,2011.0,3.0,2.0,143.0,Partially Furnished,0,https://www.ddproperty.com/en/property/ขายบ้านเดี่ยว-2-ชั้น-หมู่บ้าน-ภัสสร-28-กิ่งแก้ว-หนามแดง-อยู่ถนนเมน-ตรงข้ามคลับเฮ้าส์-for-sale-8640285,5500000.0,38461.53846153846,15.0
9861036,,Thanyaburi,"Rangsit-Nakhon Nayok Road, Bang Yitho, Thanyaburi, Pathum Thani",14.005489710463175,100.69162980816768,2019.0,5.0,5.0,480.0,Fully Furnished,0,https://www.ddproperty.com/en/property/y1260122-for-sale-home-bangkok-boulevard-rangsit-for-sale-9861036,18500000.0,38541.666666666664,7.0
9452992,,Lat Phrao,"Sukhonthasawat Road, Lat Phrao, Lat Phrao, Bangkok",13.832597,100.620898,2019.0,3.0,3.0,145.0,Unfurnished,0,https://www.ddproperty.com/en/property/ขายทาว์นโฮม3ชั้น-บ้านกลางเมืองรามอินทรา-วัชรพล-ติดถ-สุขาภิบาล5-ใกล้ทางด่วนรามอินทรา-อาจณรงค์-2นาที-ขายถูกที่สุดในย่านนี้-หลังมุม-3น3น-คุณหมิว0986168829-for-sale-9452992,5590000.0,38551.724137931036,7.0
10024294,,Bang Bo,"Bang Na-Trat Frontage Road, Bang Bo, Bang Bo, Samut Prakan",13.638493,100.852305,2019.0,3.0,2.0,114.0,unknown,0,https://www.ddproperty.com/en/property/psh-01062-house-for-sale-village-villaggio-bangna-for-sale-10024294,4400000.0,38596.491228070176,7.0
8384930,,Bang Bo,"Bang Na-Trat Frontage Road, Bang Bo, Bang Bo, Samut Prakan",13.638493,100.852305,2019.0,3.0,2.0,114.0,unknown,0,https://www.ddproperty.com/en/property/sh-01062-บ้านเดี่ยว-หมู่บ้าน-วิลาจจิโอ-บางนา-กม-26-villaggio-บางนา-กม-26-บ้านเดี่ยว-ซอย-เอแบค-บางนา-ทาวน์เฮ้าส์-villaggio-บางบ่อ-for-sale-8384930,4400000.0,38596.491228070176,7.0
10068919,,Bang Bo,"Bang Na-Trat Frontage Road, Bang Bo, Bang Bo, Samut Prakan",13.638493,100.852305,2019.0,3.0,2.0,114.0,unknown,0,https://www.ddproperty.com/en/property/psh-01062-house-for-sale-village-villaggio-bangna-for-sale-10068919,4400000.0,38596.491228070176,7.0
9827942,,Bang Lamung,"จอมเทียน, Nong Pru, Bang Lamung, Chon Buri",12.876013638556756,100.89357273281648,1991.0,3.0,2.0,220.0,Fully Furnished,0,https://www.ddproperty.com/en/property/920471003-79-pattaya-jomtien-baan-suan-lalana-villa-3bed-2bath-for-sale-9827942,8500000.0,38636.36363636364,35.0
8515106,,Bang Plee,"Soi Kingkaew 31, Rachathewa, Bang Plee, Samut Prakan",13.688721,100.722143,2018.0,4.0,3.0,160.0,unknown,0,https://www.ddproperty.com/en/property/โกลเด้น-นีโอ-บางนา-กิ่งแก้ว-for-sale-8515106,6190000.0,38687.5,8.0
9965731,,Sai Mai,"Chatuchot Road, O-Ngoen, Sai Mai, Bangkok",13.898603261771123,100.68667665467652,2017.0,3.0,5.0,230.0,unknown,0,https://www.ddproperty.com/en/property/ขาย-บ้านเดี่ยว-ดีไลท์-แอทซีน-วัชรพล-จตุโชติ-หลังใหญ่-โดยพฤกษา-บนที่ดิน-แปลงมุม-70-9-ตร-วา-kwt-for-sale-9965731,8900000.0,38695.65217391304,9.0
9996476,,Saphan Sung,"Kanchanaphisek Road 23, Saphan Sung, Saphan Sung, Bangkok",13.751485,100.702039,2018.0,4.0,4.0,222.00000000000003,unknown,0,https://www.ddproperty.com/en/property/single-house-3-floors-the-edition-rama9-pattanakan-pattanakarn-onnut-pravet-al-ban-thap-chang-station-suvarnabhumi-airport-rama-9-expressway-bm11-39-for-sale-9996476,8600000.0,38738.738738738735,8.0
8163686,,Bang Bo,"Bang Na-Trat Frontage Road, Bang Bo, Bang Bo, Samut Prakan",13.638493,100.852305,2019.0,3.0,3.0,160.0,unknown,0,https://www.ddproperty.com/en/property/b131-ขายด่วนบ้านเดี่ยว-ขายขาดทุนถูกกว่าบ้านใหม่-villaggio-bangna-วิลเลจจิโอ-บางนา-บางนา-ตราด-กม-26-ซ-เอแบค-for-sale-8163686,6200000.0,38750.0,7.0
8742760,,Bang Plee,"ฺBuanakarin Road, Bang Kaeo, Bang Plee, Samut Prakan",13.648868,100.656696,2015.0,3.0,2.0,80.0,unknown,0,https://www.ddproperty.com/en/property/พฤกษาทาวน์-เน็กซ์-ลอฟท์-บางนา-กม-5-พร้อมอยู่-for-sale-8742760,3100000.0,38750.0,11.0
9438700,,Bang Plee,"Bang Phli-Tamru Road, Bangphli Yai, Bang Plee, Samut Prakan",13.587061,100.701899,2003.0,5.0,5.0,670.0,unknown,0,https://www.ddproperty.com/en/property/hh-630055-big-house-for-sale-behind-the-corner-detached-house-for-sale-wararom-lake-view-tamru-bang-phli-lake-view-315-2-sq-m-5-bedrooms-5-bathrooms-for-sale-9438700,26000000.0,38805.97014925373,23.0
9331307,,Bang Plee,"Bang Phli-Tamru Road, Bangphli Yai, Bang Plee, Samut Prakan",13.587061,100.701899,2003.0,5.0,5.0,670.0,unknown,0,https://www.ddproperty.com/en/property/ขายบ้านหลังใหญ่-หลังมุม-หน้าบ้านวิวทะเลสาบ-เนื้อที่-315-2-ตร-ว-พื้นที่ใช้สอย-670-ตร-ม-วรารมย์-เลควิว-ตำหรุ-บางพลี-จ-สมุทรปราการ-for-sale-9331307,26000000.0,38805.97014925373,23.0
8634474,,Bang Plee,"Namdaeng Road, Bangphli Yai, Bang Plee, Samut Prakan",13.613911598525814,100.68788980696512,2011.0,3.0,2.0,144.0,unknown,0,https://www.ddproperty.com/en/property/ภัสสร28-กิ่งแก้ว-หนามแดง-for-sale-8634474,5590000.0,38819.444444444445,15.0
10017196,,Bang Plee,"Namdaeng Road, Bangphli Yai, Bang Plee, Samut Prakan",13.613911598525814,100.68788980696512,2011.0,3.0,2.0,144.0,unknown,0,https://www.ddproperty.com/en/property/psh-01099-house-for-sale-passorn-kingkaew-namdang-for-sale-10017196,5590000.0,38819.444444444445,15.0
9198060,,Bang Plee,"Namdaeng Road, Bangphli Yai, Bang Plee, Samut Prakan",13.613911598525814,100.68788980696512,2011.0,3.0,2.0,144.0,unknown,0,https://www.ddproperty.com/en/property/bs315-ขายด่วน-บ้านเดี่ยว-ใกล้คลับเฮ้าส์-ม-ภัสสร28-กิ่งแก้ว-หนามแดง-ต-บางพลีใหญ่-อำเภอบางพลี-สมุทรปราการ-for-sale-9198060,5590000.0,38819.444444444445,15.0
9011876,,Bang Plee,"Namdaeng Road, Bangphli Yai, Bang Plee, Samut Prakan",13.613911598525814,100.68788980696512,2011.0,3.0,2.0,144.0,unknown,0,https://www.ddproperty.com/en/property/passorn-28-kingkaew-namdaeng-for-sale-9011876,5590000.0,38819.444444444445,15.0
9717944,,Bang Plee,"Namdaeng Road, Bangphli Yai, Bang Plee, Samut Prakan",13.613911598525814,100.68788980696512,2011.0,3.0,2.0,144.0,Fully Furnished,0,https://www.ddproperty.com/en/property/kn-0527-ขายด่วน-ภัสสร28-กิ่งแก้ว-หนามแดง-เฟอร์นิเจอร์และเครื่องใช้ไฟฟ้าครบ-ใกล้-สนามบินสุวรรณภูมิ-for-sale-9717944,5590000.0,38819.444444444445,15.0
10031142,,Thalang,"171/7 Cape Yamu, Pa Khlok, Thalang, Phuket",7.991829,98.414609,2012.0,3.0,4.0,282.0,Fully Furnished,0,https://www.ddproperty.com/en/property/3-bedroom-villa-for-sale-at-baan-yamu-residences-u1045910-for-sale-10031142,10950000.0,38829.78723404255,14.0
10031972,,Bang Lamung,"Muang Pattaya Road, Huai Yai, Bang Lamung, Chon Buri",12.8050147,100.938323,2014.0,2.0,2.0,154.0,unknown,0,https://www.ddproperty.com/en/property/2-bedroom-house-for-sale-at-executive-villa-with-pool-for-sale-u1059900-for-sale-10031972,5995000.0,38928.57142857143,12.0
8539131,,Bang Lamung,"319 ม.12 จอมเทียน, Bang Lamung, Chon Buri",12.902163936709,100.86598277092,1988.0,5.0,5.0,308.0,Fully Furnished,0,https://www.ddproperty.com/en/property/5-bed-5-bath-in-jomtien-for-12-000-000-thb-pc8218-for-sale-8539131,12000000.0,38961.03896103896,38.0
9075470,,Bang Plee,"Thepharak Road, Bangphli Yai, Bang Plee, Samut Prakan",13.600161329383493,100.71449809007795,2018.0,4.0,2.0,100.0,unknown,0,https://www.ddproperty.com/en/property/คาซ่า-วิลล์-บางนา-เทพารักษ์-for-sale-9075470,3900000.0,39000.0,8.0
9095169,,Lat Krabang,"Rural Development 3 Road, Khlong Song Ton Nun, Lat Krabang, Bangkok",13.74055108275129,100.71621767753454,2019.0,4.0,3.0,175.0,Partially Furnished,0,https://www.ddproperty.com/en/property/ma338-ขายบ้าน-centro-rama-9-krungthep-kreetha-บ้านสวยสองชั้น-for-sale-9095169,6850000.0,39142.857142857145,7.0
9216468,,Prawet,"Sukhaphiban 2 Road, Prawet, Prawet, Bangkok",13.689908805573744,100.70451047631572,2008.0,3.0,3.0,250.0,Fully Furnished,0,https://www.ddproperty.com/en/property/kn-0396-ขายด่วน-มัณฑนา-อ่อนนุช-วงแหวน-3-บ้านสวย-เฟอร์นิเจอร์และเครื่องใช้ไฟฟ้าครบ-พร้อมอยู่-ทำเลดีเยี่ยม-รายล้อมด้วยสิ่งอำนวยความสะดวกอย่างครบครัน-for-sale-9216468,9790000.0,39160.0,18.0
10050773,,Muang Nonthaburi,"Ratchaphruek Road, Bang Krang, Muang Nonthaburi, Nonthaburi",13.844063957078385,100.44861282209013,2016.0,3.0,3.0,209.0,unknown,0,https://www.ddproperty.com/en/property/ขายบ้านมือสองติดถนนราชพฤกษ์-ม-บางกอก-บูเลอวาร์ด-ราชพฤกษ์-พระราม5-หลังมุม-ติดถนนราชพฤกษ์-เข้าสีลม-สาทร-สะดวก-for-sale-10050773,8190000.0,39186.602870813396,10.0
9226181,,Bang Plee,"Soi Kanchanaphisek 39, Kanchanaphisek Road, Rachathewa, Bang Plee, Samut Prakan",13.683994606075249,100.71235504662708,2020.0,3.0,2.0,140.0,unknown,0,https://www.ddproperty.com/en/property/บุราสิริ-วงแหวน-อ่อนนุช-for-sale-9226181,5490000.0,39214.28571428572,6.0
10008008,,Muang Samut Prakarn,"Thepharak Road, Thepharak, Muang Samut Prakarn, Samut Prakan",13.612720441633654,100.66565552194768,2014.0,4.0,4.0,255.0,Unfurnished,0,https://www.ddproperty.com/en/property/บางกอกบูเลอวาร์ด-เทพารักษ์-วงแหวน-for-sale-10008008,10000000.0,39215.686274509804,12.0
9870070,,Muang Nonthaburi,"Rattanathibet Road, Sai Ma, Muang Nonthaburi, Nonthaburi",13.877157,100.466281,2011.0,3.0,4.0,354.0,unknown,0,https://www.ddproperty.com/en/property/ขายขาดทุน-ด่วน-ทำเลดีมีรถไฟฟ้าperfect-masterpiece-pm-409309-for-sale-9870070,13900000.0,39265.536723163845,15.0
8694761,,Lam Luk Ka,"Lam Luk Ka Road, Bung Kham Proi, Lam Luk Ka, Pathum Thani",13.949835,100.735969,2021.0,5.0,5.0,430.0,unknown,0,https://www.ddproperty.com/en/property/ขายบ้านเดี่ยวหลังมุม-118-ตรว-430-ตรม-บ้านเดี่ยว-2-ชั้น-5-ห้องนอน-บ้านฟ้าปิยรมย์-ลำลูกกา-คลอง6-for-sale-8694761,16900000.0,39302.32558139535,5.0
9988841,,Muang Samut Sakhon,"Rama 2 Road, Bang Nam Chut, Muang Samut Sakhon, Samut Sakhon",13.598819,100.367149,2018.0,3.0,4.0,201.0,unknown,0,https://www.ddproperty.com/en/property/ขายบ้านเดี่ยว-เดอะแกรนด์พระราม2-ทำเลดี-for-sale-9988841,7900000.0,39303.482587064675,8.0
6212775,,Muang Phuket,"ราไวย์ Wiset, Chalong, Muang Phuket, Phuket",7.789263,98.330707,2012.0,2.0,2.0,284.0,Fully Furnished,0,https://www.ddproperty.com/en/property/920081001-142-phuket-nai-harn-pool-villa-2-bedrooms-for-sale-for-sale-6212775,11165000.0,39313.380281690144,14.0
9325002,,Bang Plee,"Buanakarin Road, Bang Kaeo, Bang Plee, Samut Prakan",13.631638,100.664438,2021.0,2.0,3.0,89.0,Fully Furnished,0,https://www.ddproperty.com/en/property/kn-0434-ขายด่วน-วิลาจจิโอศรีนครินทร์-บางนา-เฟอร์นิเจอร์และเครื่องใช้ไฟฟ้าครบ-พร้อมอยู่-for-sale-9325002,3500000.0,39325.84269662921,5.0
8831745,,Prawet,"Sukhaphiban 2 Road, Prawet, Prawet, Bangkok",13.689908805573744,100.70451047631572,2008.0,4.0,4.0,356.0,unknown,0,https://www.ddproperty.com/en/property/ขายด่วน-หลังมุม-บ้านเดี่ยว-มัณฑนา-อ่อนนุช-วงแหวน-สุขาภิบาล-2-พื้นที่-89ตารางวา-4ห้องนอน-4ห้องน้ำ-for-sale-8831745,14000000.0,39325.84269662921,18.0
8547244,,Bang Plee,"King Kaew Road, Rachathewa, Bang Plee, Samut Prakan",13.696232,100.716367,2014.0,4.0,2.0,150.0,unknown,0,https://www.ddproperty.com/en/property/พฤกษาปูริ-แสนแก้ว-กิ่งแก้ว37-for-sale-8547244,5900000.0,39333.333333333336,12.0
9012082,,Saphan Sung,"Kanchanaphisek Road, Saphan Sung, Saphan Sung, Bangkok",13.738084944461162,100.70370599738558,2014.0,4.0,3.0,207.0,Unfurnished,0,https://www.ddproperty.com/en/property/k-4215-ขายด่วน-บ้านเดี่ยวไลฟ์-บางกอก-บลูเลอวาร์ด-วงแหวน-พระราม-9-ใกล้กับห้างสรรพสินค้าชื่อดังในย่านอ่อนนุช-for-sale-9012082,8150000.0,39371.9806763285,12.0
8824983,,Phra Pra Daeng,"Pu Chao Saming Prai Road, Sam Rong Tai, Phra Pra Daeng, Samut Prakan",13.659185539268796,100.58217269294433,2011.0,3.0,2.0,80.0,unknown,0,https://www.ddproperty.com/en/property/ไอริส-พาร์ค-สุขุมวิท76-ซอยวัดมหาวงษ์-for-sale-8824983,3150000.0,39375.0,15.0
8385049,,Bang Bo,"Bang Na-Trat Frontage Road, Bang Bo, Bang Bo, Samut Prakan",13.638493,100.852305,2019.0,3.0,2.0,114.0,unknown,0,https://www.ddproperty.com/en/property/sh-01061-บ้านเดี่ยว-สไตล์ยุโรป-ย่านabacบางนา-ใกล้ทางด่วนบูรพาวิถี-จาก-land-and-houses-วิลาจจิโอ-บางนา-กม-26-for-sale-8385049,4500000.0,39473.68421052631,7.0
9870596,,Min Buri,"103 Ramkhamhaeng Road, Min Buri, Min Buri, Bangkok",13.805766,100.726511,2012.0,3.0,2.0,138.0,Unfurnished,0,https://www.ddproperty.com/en/property/house-for-sale-parkway-chalet-ramkhamhaeng-190-1-for-sale-9870596,5450000.0,39492.75362318841,14.0
8915412,,Khlong Sam Wa,"521 Hathairat Road, Sam Wa Tawan Tok, Khlong Sam Wa, Bangkok",13.910714,100.7215,2014.0,3.0,2.0,106.0,Unfurnished,0,https://www.ddproperty.com/en/property/ขายบ้านเดี่ยว-พฤกษ์ลดา-วงแหวน-หทัยราษฎร์-for-sale-8915412,4200000.0,39622.64150943396,12.0
9982359,,Khlong Sam Wa,"521 Hathairat Road, Sam Wa Tawan Tok, Khlong Sam Wa, Bangkok",13.910714,100.7215,2014.0,3.0,2.0,106.0,unknown,0,https://www.ddproperty.com/en/property/ขาย-บ้านเดี่ยว-พฤกษ์ลดา-วงแหวน-หทัยราษฎร์-106-ตรม-52-ตร-วา-ถูกมาก-t039-for-sale-9982359,4200000.0,39622.64150943396,12.0
10051562,,Prawet,"454 Kanchanaphisek Road, Dok Mai, Prawet, Bangkok",13.658792676278043,100.69182316945366,2013.0,3.0,3.0,170.0,Partially Furnished,0,https://www.ddproperty.com/en/property/ขาย-บ้านเดี่ยว-ใกล้-megaบางนา-ราม2-โครงการ-เลควิว-พาร์ค-for-sale-10051562,6750000.0,39705.882352941175,13.0
10051943,,Prawet,"454 Kanchanaphisek Road, Dok Mai, Prawet, Bangkok",13.658792676278043,100.69182316945366,2013.0,3.0,2.0,170.0,Partially Furnished,0,https://www.ddproperty.com/en/property/sale-mega-bangna-lake-view-park-for-sale-10051943,6750000.0,39705.882352941175,13.0
10051576,,Prawet,"454 Kanchanaphisek Road, Dok Mai, Prawet, Bangkok",13.658792676278043,100.69182316945366,2013.0,3.0,3.0,170.0,Partially Furnished,0,https://www.ddproperty.com/en/property/ขาย-บ้านเดี่ยวใกล้-สาธิตราม-สนามบิน-โครงการ-เลค-วิว-พาร์ค-โครงสร้างแข็งแรง-for-sale-10051576,6750000.0,39705.882352941175,13.0
9609558,,Bueng Kum,"Ratchada-Ramintra Road, Khlong Kum, Bueng Kum, Bangkok",13.819080790301015,100.65609975628136,2011.0,5.0,5.0,350.0,Fully Furnished,0,https://www.ddproperty.com/en/property/ขายบ้าน-3-ชั้น-หมู่บ้านไพรมารี-เส้นเกษตรนวมินทร์-for-sale-9609558,13900000.0,39714.28571428572,15.0
10079940,,Muang Samut Prakarn,"Moobaan Le Nakarin Road, Bang Mueng, Muang Samut Prakarn, Samut Prakan",13.606929829149854,100.61724930886793,2009.0,6.0,7.0,360.0,unknown,0,https://www.ddproperty.com/en/property/bs467-บ้านเดี่ยว-หมู่บ้านเลอนครินทร์-3-ชั้น-ตัวบ้านห่างจากถนนใหญ่ถนนศรีนครินทร์เพียง-250-เมตร-ถึงสนามบินสุวรรณภูมิใน-30-นาที-ถึงเมกะบางนาใน-12-นาที-ถึงสถานี-bts-ศรีนครินทร์-5-นาที-for-sale-10079940,14300000.0,39722.22222222222,17.0
10065950,,Saphan Sung,"Krungthep Kreetha Road, Saphan Sung, Saphan Sung, Bangkok",13.743164,100.673497,2017.0,3.0,4.0,274.0,Unfurnished,0,https://www.ddproperty.com/en/property/3-bedroom-brand-new-detached-house-for-sale-in-bangkok-boulevard-rama-9-srinakarin-only-a-few-minutes-to-wellington-college-international-school-for-sale-10065950,10900000.0,39781.02189781022,9.0
10080292,,Bang Plee,"Soi Gingkaew 37, Rachathewa, Bang Plee, Samut Prakan",13.695164,100.716744,2021.0,4.0,5.0,163.0,Unfurnished,0,https://www.ddproperty.com/en/property/เซนโทร-อ่อนนุช-สุวรรณภูมิ-for-sale-10080292,6500000.0,39877.30061349693,5.0
6212778,,Muang Phuket,"ราไวย์ Wiset, Chalong, Muang Phuket, Phuket",7.789263,98.330707,2012.0,2.0,2.0,279.0,Fully Furnished,0,https://www.ddproperty.com/en/property/920081001-145-phuket-nai-harn-pool-villa-2-bedrooms-for-sale-for-sale-6212778,11135000.0,39910.39426523297,14.0
9754617,,Thanyaburi,"Rangsit-Nakhon Nayok Road, Prachathipat, Thanyaburi, Pathum Thani",13.98777367168743,100.62166993961786,2017.0,4.0,4.0,238.0,unknown,0,https://www.ddproperty.com/en/property/tu-0288-ขายด่วน-บ้านแต่งสวยปรับลดราคาลงอีก-1-4-ล้าน-ม-ชีวารมย์-รังสิต-ดอนเมือง-chewarom-rangsit-donmeang-ใกล้สนามบิน-for-sale-9754617,9500000.0,39915.966386554624,9.0
9063779,,Bang Yai,"Bang Yai-Bang Khulad Road, Bang Yai, Bang Yai, Nonthaburi",13.843338174766592,100.37910503453016,2019.0,3.0,3.0,185.0,unknown,0,https://www.ddproperty.com/en/property/ขายบ้านเดี่ยว-2-ชั้น-หมู่บ้านชัยพฤกษ์-ปิ่นเกล้า-กาญจนา-ใกล้คลับเฮ้าส์-for-sale-9063779,7390000.0,39945.94594594595,7.0
9852420,,Muang Samut Prakarn,"Thepharak Road, Phreak Sa Mai, Muang Samut Prakarn, Samut Prakan",13.59443160706271,100.65869199999992,2001.0,3.0,2.0,120.0,unknown,0,https://www.ddproperty.com/en/property/ลลิล-วงแหวนฯ-เทพารักษ์-ซอยมังกร-หลังมุม-for-sale-9852420,4800000.0,40000.0,25.0
10052882,,Pak Kret,"54/317 Ratchapruek Road, Khlong Khoi, Pak Kret, Nonthaburi",13.947886,100.457968,2020.0,3.0,3.0,160.0,Partially Furnished,0,https://www.ddproperty.com/en/property/ขายบ้านใหม่-บุราสิริ-ราชพฤกษ์-345-3-นอน-3-น้ำ-ขนาด-51-10-ตรว-พื้นที่ใช้สอย-160-ตรม-ตกแต่งพร้อมอยู่-for-sale-10052882,6400000.0,40000.0,6.0
9820125,,Muang Nonthaburi,"Ratchaphruek Road, Bang Krang, Muang Nonthaburi, Nonthaburi",13.844063957078385,100.44861282209013,2016.0,3.0,4.0,250.0,Partially Furnished,0,https://www.ddproperty.com/en/property/y1270821-ขาย-for-sale-bangkok-boulevard-ราชพฤกษ์-พระราม5-for-sale-9820125,10000000.0,40000.0,10.0
9145085,,Bang Plee,"Namdaeng Road, Bangphli Yai, Bang Plee, Samut Prakan",13.613911598525814,100.68788980696512,2011.0,3.0,2.0,144.0,Fully Furnished,0,https://www.ddproperty.com/en/property/kn-0353-ขายด่วน-ภัสสร28-กิ่งแก้ว-หนามแดง-บ้านสวย-เฟอร์นิเจอร์และเครื่องใช้ไฟฟ้าครบ-พร้อมอยู่-for-sale-9145085,5760000.0,40000.0,15.0
10014993,,Bang Yai,"Soi Bang Len, Bang Yai, Bang Yai, Nonthaburi",13.840725,100.432244,2018.0,4.0,3.0,190.0,Unfurnished,0,https://www.ddproperty.com/en/property/t9160365-ขาย-บ้านเดี่ยว-2-ชั้น-เซนโทร-ราชพฤกษ์-centro-ratchapruek-ขนาด-52-7-ตารางวา-for-sale-10014993,7620000.0,40105.26315789474,8.0
9946756,,Prawet,"Kanchanaphisek Parallel Road, Dok Mai, Prawet, Bangkok",13.65726121589002,100.69563967590716,2012.0,3.0,3.0,167.0,unknown,0,https://www.ddproperty.com/en/property/บ้านเดี่ยว-บุราสิริ-อ่อนนุช-บางนา-3-ห้องนอน-ขาย-burasiri-onnut-bangna-house-3-bedrooms-for-sale-tp273-for-sale-9946756,6700000.0,40119.760479041914,14.0
9848789,,Prawet,"Kanchanaphisek Parallel Road, Dok Mai, Prawet, Bangkok",13.65726121589002,100.69563967590716,2012.0,3.0,3.0,167.0,Unfurnished,0,https://www.ddproperty.com/en/property/ขายบ้านเดี่ยว-บุราสิริ-อ่อนนุช-บางนา-66-ตรว-พื้นที่ใช้สอย-167-ตรม-3-นอน-3น้ำ-ตกแต่งพร้อมอยู่-for-sale-9848789,6700000.0,40119.760479041914,14.0
9988641,,Prawet,"Kanchanaphisek Parallel Road, Dok Mai, Prawet, Bangkok",13.65726121589002,100.69563967590716,2012.0,3.0,1.0,167.0,unknown,0,https://www.ddproperty.com/en/property/ขาย-บ้านเดี่ยว-บุราสิริ-อ่อนนุช-บางนา-167-ตรม-50-ตร-วา-สภาพดีมาก-for-sale-9988641,6700000.0,40119.760479041914,14.0
9994004,,Sai Mai,"Phoemsin Road, Khlong Tanon, Sai Mai, Bangkok",13.900194330868018,100.6348961943462,2017.0,2.0,3.0,157.0,Fully Furnished,0,https://www.ddproperty.com/en/property/sell-ขาย-บ้านแฝด-noble-gable-watcharapol-โนเบิล-เกเบิล-วัชรพล-2ห้องนอน-3ห้องน้ำ-36-ตร-วา-ใกล้ทางด่วน-รามอินทรา-อาจณรงค์-และ-bts-สายสีชมพู-er-hs065-for-sale-9994004,6300000.0,40127.388535031845,9.0
9216368,,Bang Plee,"Soi Kanchanaphisek 39, Kanchanaphisek Road, Rachathewa, Bang Plee, Samut Prakan",13.683994606075249,100.71235504662708,2020.0,3.0,2.0,137.0,Fully Furnished,0,https://www.ddproperty.com/en/property/kn-0391-ขายด่วน-บุราสิริ-วงแหวน-อ่อนนุช-บ้านสวย-เฟอร์นิเจอร์และเครื่องใช้ไฟฟ้าครบ-พร้อมอยู่-for-sale-9216368,5500000.0,40145.98540145985,6.0
9826697,,Prawet,"Kanchanaphisek Road, Dok Mai, Prawet, Bangkok",13.696744709922807,100.70195127698436,2020.0,3.0,4.0,235.0,unknown,0,https://www.ddproperty.com/en/property/house-for-sale-casa-grand-on-nut-2-storey-ring-road-behind-the-corner-beautiful-for-sale-9826697,9450000.0,40212.765957446805,6.0
9970209,,Bang Yai,"Soi Bang Len, Bang Yai, Bang Yai, Nonthaburi",13.840725,100.432244,2018.0,4.0,3.0,190.0,Unfurnished,0,https://www.ddproperty.com/en/property/ขาย-บ้านเดี่ยว-เซนโทร-ราชพฤกษ์-190-ตรม-52-7-ตร-วา-4-ห้องนอน-3-ห้องน้ำ-สภาพใหม่-ไม่เคยอยู่อาศัย-for-sale-9970209,7650000.0,40263.15789473684,8.0
10076885,,Bang Yai,"Soi Bang Len, Bang Yai, Bang Yai, Nonthaburi",13.840725,100.432244,2018.0,4.0,3.0,190.0,Partially Furnished,0,https://www.ddproperty.com/en/property/vายด่วน-sาคาถูกมากๆ-centro-ราชพฤกษ์-บ้านสวย-ใหม่มาก-ทำเลดีสุดๆ-เจ้าของไม่เคยเข้าอยู่-sาคาเพียง-7-65-ล้านบาทเท่านั้น-for-sale-10076885,7650000.0,40263.15789473684,8.0
9982187,,Bang Yai,"Soi Bang Len, Bang Yai, Bang Yai, Nonthaburi",13.840725,100.432244,2018.0,4.0,3.0,190.0,Unfurnished,0,https://www.ddproperty.com/en/property/vายด่วน-sาคาถูกมากๆ-centro-ราชพฤกษ์-บ้านสวย-ใหม่มาก-ทำเลดีสุดๆ-เจ้าของไม่เคยเข้าอยู่-sาคาเพียง-7-65-ล้านบาทเท่านั้น-for-sale-9982187,7650000.0,40263.15789473684,8.0
10046646,,Muang Phuket,"22/1 Thepkrasatti, Ko Kaeo, Muang Phuket, Phuket",7.964698,98.385007,2012.0,3.0,3.0,370.0,Fully Furnished,0,https://www.ddproperty.com/en/property/3-bedroom-house-for-sale-at-boat-lagoon-u1067434-for-sale-10046646,14900000.0,40270.27027027027,14.0
10079600,,Prawet,"Soi On Nut 65 Yak14, Prawet, Prawet, Bangkok",13.726331570402785,100.68812997313978,2017.0,3.0,3.0,134.0,Unfurnished,0,https://www.ddproperty.com/en/property/p-1795-ขายเช่าด่วน-โกลเด้น-วิลเลจ-อ่อนนุช-พัฒนาการ-บ้านเปล่า-ราคาดีที่สุดในโครงการ-for-sale-10079600,5400000.0,40298.50746268657,9.0
9829788,,Saphan Sung,"Kanchanaphisek Road 23, Saphan Sung, Saphan Sung, Bangkok",13.751485,100.702039,2018.0,3.0,4.0,260.0,unknown,0,https://www.ddproperty.com/en/property/บ้านกลางเมือง-ดิเอ็ดดิชั่น-พระราม-9-กรุงเทพกรีฑา-บ้านเดี่ยว-ขาย-baan-klang-muang-the-edition-rama-9-krungthep-kreetha-house-for-sale-tp243-for-sale-9829788,10500000.0,40384.61538461538,8.0
10014887,,Muang Samut Prakarn,"Thepharak Road, Phreak Sa Mai, Muang Samut Prakarn, Samut Prakan",13.59443160706271,100.65869199999992,2001.0,3.0,2.0,120.0,Unfurnished,0,https://www.ddproperty.com/en/property/ลลิล-วงแหวนฯ-เทพารักษ์-ซอยมังกร-หลังมุม-for-sale-10014887,4850000.0,40416.666666666664,25.0
9613643,,Muang Nonthaburi,"Ratchapruek Road, Bang Rak Noi, Muang Nonthaburi, Nonthaburi",13.859576,100.455613,2019.0,4.0,4.0,210.0,Unfurnished,0,https://www.ddproperty.com/en/property/t14121064-ขาย-บ้านเดี่ยว-2ชั้น-เพอร์เฟค-เพลส-ราชพฤกษ์-เฟส-2-perfect-place-ratchaphruek-phase-2-4นอน-4-น้ำ-เนื้อที่-85-ตรว-for-sale-9613643,8490000.0,40428.57142857143,7.0
9960376,,Bang Yai,"Soi Bang Len, Bang Yai, Bang Yai, Nonthaburi",13.840725,100.432244,2018.0,4.0,3.0,190.0,unknown,0,https://www.ddproperty.com/en/property/r112-100-ขาย-บ้านเดี่ยว-2-ชั้น-ไม่เคยอยู่-4-ห้องนอน-3-ห้องน้ำ-เซนโทร-ราชพฤกษ์-52-ตร-ว-for-sale-9960376,7690000.0,40473.68421052631,8.0
9535092,,Saphan Sung,"Kanchanaphisek Road, Saphan Sung, Saphan Sung, Bangkok",13.738084944461162,100.70370599738558,2014.0,4.0,3.0,190.0,unknown,0,https://www.ddproperty.com/en/property/for-sale-house-life-bangkok-boulevard-wongwaen-rama-9-aol-f81-2109004710-for-sale-9535092,7700000.0,40526.31578947369,12.0
7602826,,Khlong Toei,"Sukhumvit 50 Road, Phra Kanong, Khlong Toei, Bangkok",13.707884,100.594796,2014.0,3.0,2.0,170.0,Fully Furnished,0,https://www.ddproperty.com/en/property/nice-3-bedrooms-pool-villa-located-in-kao-tao-hhhq25106-for-sale-7602826,6900000.0,40588.23529411765,12.0
10064837,,Bang Kruai,"Ratchaphruek Road, Mahasawat, Bang Kruai, Nonthaburi",13.81120416435241,100.44910407625358,2005.0,3.0,3.0,234.0,unknown,0,https://www.ddproperty.com/en/property/yog-pres0705-ขายบ้านเดี่ยว-สีวลี-ปิ่นเกล้า-สาทร-sivalee-pinklao-sathorn-for-sale-10064837,9500000.0,40598.2905982906,21.0
8251877,,Muang Samut Sakhon,"Rama 2 Road, Bang Nam Chut, Muang Samut Sakhon, Samut Sakhon",13.598819,100.367149,2018.0,3.0,3.0,160.0,Partially Furnished,0,https://www.ddproperty.com/en/property/single-house-for-sell-luxury-project-on-rama-2-road-the-grand-rama-2-infinia-zone-34-hh-63069-for-sale-8251877,6500000.0,40625.0,8.0
8252025,,Muang Samut Sakhon,"Rama 2 Road, Bang Nam Chut, Muang Samut Sakhon, Samut Sakhon",13.598819,100.367149,2018.0,3.0,2.0,160.0,Partially Furnished,0,https://www.ddproperty.com/en/property/for-sell-single-house-luxury-project-on-rama-2-road-the-grand-rama-2-infinia-zone-34-hh-63070-for-sale-8252025,6500000.0,40625.0,8.0
9161702,,Sam Phran,"Phutthamonthon Sai 4 Road, Krathum Lom, Sam Phran, Nakhon Pathom",13.719401671648072,100.32997567493815,2019.0,3.0,3.0,150.0,unknown,0,https://www.ddproperty.com/en/property/ขาย-บ้านเดี่ยว-ภัสสร-เพรสทีจ-ปิ่นเกล้า-เพชรเกษม-passorn-prestige-pinklao-phetkasem-for-sale-9161702,6100000.0,40666.666666666664,7.0
9995832,,Prawet,"Kanchanaphisek Road, Dok Mai, Prawet, Bangkok",13.696744709922807,100.70195127698436,2020.0,4.0,5.0,356.0,Unfurnished,0,https://www.ddproperty.com/en/property/ขายบ้านเดี่ยว-casa-grand-อ่อนนุช-วงแหวน-เนื้อที่-89-ตรว-4-ห้องนอน-5-ห้องน้ำ-ใกล้ทางด่วนกรุงเทพ-ชลบุรี-สายใหม่-มอเตอร์เวย์-for-sale-9995832,14500000.0,40730.33707865168,6.0
9996305,,Khlong Sam Wa,"Phraya Suren Road (Ramintra 109), Bang Chun, Khlong Sam Wa, Bangkok",13.814628,100.699254,2015.0,3.0,3.0,159.0,unknown,0,https://www.ddproperty.com/en/property/บ้านเดี่ยว-อิคอนเนเจอร์-รามอินทรา-3-ห้องนอน-ขาย-iconature-ramintra-house-3-bedrooms-for-sale-hl509-for-sale-9996305,6490000.0,40817.61006289308,11.0
9987822,,Khlong Sam Wa,"Phraya Suren Road (Ramintra 109), Bang Chun, Khlong Sam Wa, Bangkok",13.814628,100.699254,2015.0,3.0,3.0,159.0,Unfurnished,0,https://www.ddproperty.com/en/property/อิคอนเนเจอร์-รามอินทรา109-for-sale-9987822,6490000.0,40817.61006289308,11.0
8579652,,Bang Plee,"Thephark Road, Bang Pla, Bang Plee, Samut Prakan",13.597675,100.729199,2022.0,5.0,5.0,367.0,unknown,0,https://www.ddproperty.com/en/property/พานารา-เทพารักษ์-โฮมออฟฟิศใหม่-สไตล์โมเดิร์น-พร้อมลิฟต์-for-sale-8579652,15000000.0,40871.93460490463,4.0
10062162,,Prawet,"Soi On Nut 65 Yak14, Prawet, Prawet, Bangkok",13.726331570402785,100.68812997313978,2017.0,3.0,3.0,134.0,unknown,0,https://www.ddproperty.com/en/property/โกลเด้นวิลเลจ-อ่อนนุช65-บ้านดีไซน์สวย-for-sale-10062162,5490000.0,40970.149253731346,9.0
10064154,,Prawet,"Soi On Nut 65 Yak14, Prawet, Prawet, Bangkok",13.726331570402785,100.68812997313978,2017.0,3.0,3.0,134.0,Fully Furnished,0,https://www.ddproperty.com/en/property/urgent-sale-golden-village-onnut-pattanakan-fully-furnished-premium-location-for-sale-10064154,5490000.0,40970.149253731346,9.0
10002466,,Prawet,"Soi On Nut 65 Yak14, Prawet, Prawet, Bangkok",13.726331570402785,100.68812997313978,2017.0,3.0,3.0,134.0,Fully Furnished,0,https://www.ddproperty.com/en/property/l22110365-ขาย-บ้านเดี่ยว-โกลเด้น-วิลเลจ-อ่อนนุช-พัฒนาการ-ตึก-2-ชั้น-ขนาดพื้นที่-37-8-ตร-ว-sell-golden-village-onnut-pattanakarn-for-sale-10002466,5490000.0,40970.149253731346,9.0
9993749,,Muang Samut Sakhon,"Rama 2 Road, Khok Kham, Muang Samut Sakhon, Samut Sakhon",13.56274959162672,100.33572587747284,2013.0,3.0,4.0,217.0,Fully Furnished,0,https://www.ddproperty.com/en/property/ขายบ้านเดี่ยว-พระราม2-สารินเลควิลล์-ติดทะเลสาบ-for-sale-9993749,8900000.0,41013.82488479263,13.0
9664643,,Bang Khen,"Soi Ram Inthra 23, Anusaowari, Bang Khen, Bangkok",13.867082,100.621047,2015.0,4.0,3.0,207.0,unknown,0,https://www.ddproperty.com/en/property/tu-0261-ขายด่วน-บ้านใหม่-life-bangkok-boulevard-รามอินทรา-65-ใกล้-มอเตอร์เวย์-ทางด่วน-วัชรพล-for-sale-9664643,8490000.0,41014.49275362319,11.0
10028161,,Bang Khen,"50 Ramintra Road, Tha Rang, Bang Khen, Bangkok",13.851845290282569,100.65612379738695,2017.0,4.0,3.0,207.0,unknown,0,https://www.ddproperty.com/en/property/ขาย-บ้านเดี่ยว-ไลฟ์-บางกอก-บูเลอวาร์ด-รามอินทรา-65-207-ตรม-60-ตร-วา-for-sale-10028161,8490000.0,41014.49275362319,9.0
8246993,,Muang Samut Sakhon,"Rama 2 Road, Bang Nam Chut, Muang Samut Sakhon, Samut Sakhon",13.598819,100.367149,2018.0,4.0,4.0,290.0,Partially Furnished,0,https://www.ddproperty.com/en/property/selling-a-single-house-luxury-project-on-rama-2-road-the-grand-rama-2-grandio-zone-34-hh-63067-for-sale-8246993,11900000.0,41034.48275862069,8.0
9974714,,Thanyaburi,"Rangsit-Nakhon Nayok Road, Bang Yitho, Thanyaburi, Pathum Thani",14.005489710463175,100.69162980816768,2019.0,5.0,3.0,248.0,unknown,0,https://www.ddproperty.com/en/property/ขายด่วนบ้านเดี่ยวสุดหรู-2-ชั้น-หมู่บ้านบางกอก-บูเลอวาร์ด-รังสิต-โครงการระดับ-premium-ย่าน-ปทุมธานี-ธัญบุรี-for-sale-9974714,10200000.0,41129.032258064515,7.0
8151582,,Bang Bo,"Bang Na-Trat Frontage Road, Bang Bo, Bang Bo, Samut Prakan",13.638493,100.852305,2019.0,3.0,2.0,114.0,Partially Furnished,0,https://www.ddproperty.com/en/property/sales-villaggio-bangna-for-sale-8151582,4690000.0,41140.350877192985,7.0
8384986,,Bang Bo,"Bang Na-Trat Frontage Road, Bang Bo, Bang Bo, Samut Prakan",13.638493,100.852305,2019.0,3.0,3.0,114.0,unknown,0,https://www.ddproperty.com/en/property/sh-01043-ขาย-บ้านเดี่ยว-หมู่บ้าน-วิลาจจิโอ-บางนา-กม-26-สไตล์ยุโรป-ย่าน-abac-บางนา-ใกล้ทางด่วนบูรพาวิถี-จาก-land-and-houses-for-sale-8384986,4690000.0,41140.350877192985,7.0
9947088,,Bang Bo,"Bang Na-Trat Frontage Road, Bang Bo, Bang Bo, Samut Prakan",13.638493,100.852305,2019.0,3.0,3.0,175.0,Partially Furnished,0,https://www.ddproperty.com/en/property/house-for-sale-villaggio-bangna-corner-house-near-abac-suvarnabhumi-airport-for-sale-9947088,7200000.0,41142.857142857145,7.0
10074831,,Bang Plee,"Lat Krabang Road, Rachathewa, Bang Plee, Samut Prakan",13.714717,100.7251718,2018.0,3.0,3.0,165.0,unknown,0,https://www.ddproperty.com/en/property/bh-01137-ขาย-บ้านเดี่ยว-หมู่บ้าน-เพอร์เฟค-เพลส-ลาดกระบัง-เฟส-3-เพอร์เฟค-เพลส-สุขุมวิท77-สุวรรณภูมิ-perfect-place-sukhumvit-77-suvannabhumi-for-sale-10074831,6800000.0,41212.121212121216,8.0
10019758,,Bang Plee,"Lat Krabang Road, Rachathewa, Bang Plee, Samut Prakan",13.714717,100.7251718,2018.0,3.0,3.0,165.0,unknown,0,https://www.ddproperty.com/en/property/pbh-01137-house-for-sale-perfect-place-sukhumvit-77-suvannabhumi-for-sale-10019758,6800000.0,41212.121212121216,8.0
9962879,,Bang Bon,"Kanchanaphisek Road, Bang Bon, Bang Bon, Bangkok",13.668532156214493,100.40733608380538,2008.0,4.0,3.0,160.0,Partially Furnished,0,https://www.ddproperty.com/en/property/detached-house-for-sale-size-59-5-sq-wa-prinsiri-project-next-to-makro-bang-bon-at-the-best-price-in-the-project-bjp-a-003-for-sale-9962879,6600000.0,41250.0,18.0
9958929,,Bang Plee,"Lat Krabang Road, Rachathewa, Bang Plee, Samut Prakan",13.714717,100.7251718,2018.0,3.0,3.0,200.0,Partially Furnished,0,https://www.ddproperty.com/en/property/ขายบ้านเดี่ยว-รีโนเวทใหม่-เพอร์เฟค-เพลส-สุขุมวิท-77-สุวรรณภูมิ-3-นอน-3-นํ้า-72-ตรว-จอดรถ2-คัน-for-sale-9958929,8250000.0,41250.0,8.0
9783514,,Bang Plee,"Soi Kanchanaphisek 39, Kanchanaphisek Road, Rachathewa, Bang Plee, Samut Prakan",13.683994606075249,100.71235504662708,2020.0,3.0,3.0,167.0,unknown,0,https://www.ddproperty.com/en/property/บุราสิริ-อ่อนนุช-บางนา-หลังมุม-for-sale-9783514,6900000.0,41317.36526946108,6.0
9699717,,Muang Samut Sakhon,"Rama 2 Road, Bang Nam Chut, Muang Samut Sakhon, Samut Sakhon",13.598819,100.367149,2018.0,4.0,5.0,290.0,unknown,0,https://www.ddproperty.com/en/property/k-sh-0529-ขายบ้านเดี่ยว-ม-เดอะแกรนด์-พระราม2-โซน-grandio-โซนหน้าโครงการ-for-sale-9699717,12000000.0,41379.31034482759,8.0
9837992,,Muang Samut Prakarn,"Sukhumvit Road, Tai Ban Mai, Muang Samut Prakarn, Samut Prakan",13.584939,100.608824,2020.0,3.0,2.0,150.0,unknown,0,https://www.ddproperty.com/en/property/ae65016-house-for-sale-area-50-2-sqw-3beds-2-baths-located-on-the-chao-for-sale-9837992,6210000.0,41400.0,6.0
9814845,,Lat Krabang,"Rural Development 3 Road, Khlong Song Ton Nun, Lat Krabang, Bangkok",13.74055108275129,100.71621767753454,2019.0,4.0,4.0,164.0,Partially Furnished,0,https://www.ddproperty.com/en/property/2-storey-detached-house-for-sale-main-road-centro-village-rama-9-motorway-rural-development-3-lat-krabang-near-suvarnabhumi-airport-for-sale-9814845,6790000.0,41402.439024390245,7.0
6212777,,Muang Phuket,"ราไวย์ Wiset, Chalong, Muang Phuket, Phuket",7.789263,98.330707,2012.0,2.0,2.0,263.0,Fully Furnished,0,https://www.ddproperty.com/en/property/920081001-144-phuket-nai-harn-pool-villa-2-bedrooms-for-sale-for-sale-6212777,10900000.0,41444.86692015209,14.0
9969390,,Bang Bua Thong,"Lam Pho Rroad, Lam Pho, Bang Bua Thong, Nonthaburi",13.943812,100.442105,2021.0,3.0,3.0,240.0,unknown,0,https://www.ddproperty.com/en/property/ขาย-บ้านเดี่ยว-สัมมากร-ชัยพฤกษ์-240-ตรม-1-6-ตร-วา-for-sale-9969390,9950000.0,41458.333333333336,5.0
10070258,,Khlong Sam Wa,"Phraya Suren Road (Ramintra 109), Bang Chun, Khlong Sam Wa, Bangkok",13.814628,100.699254,2015.0,3.0,3.0,200.0,unknown,0,https://www.ddproperty.com/en/property/please-inform-the-code-nbk65-013-single-house-icon-nature-ramintra-109-project-type-3-bedrooms-3-bathrooms-size-200-sq-m-2-floors-sell-for-8-300-000-baht-if-you-don-t-answer-the-call-add-line-0962215326-khun-khai-omeat-for-sale-10070258,8300000.0,41500.0,11.0
9800284,,Pak Kret,"Chaiya Phruk Road, Khlong Khoi, Pak Kret, Nonthaburi",13.945414,100.476854,2007.0,3.0,3.0,197.0,Fully Furnished,0,https://www.ddproperty.com/en/property/sk03416-ขายบ้านเดี่ยว-สราญสิริ-ราชพฤกษ์-แจ้งวัฒนะ-3-ห้องนอน-แปลงใหญ่-ติดถนนราชพฤกษ์-for-sale-9800284,8190000.0,41573.604060913705,19.0
9979349,,Bang Yai,"Ban Kluai - Sai Noi Road, Bang Len, Bang Yai, Nonthaburi",13.862866786195443,100.43850069738644,2009.0,3.0,3.0,180.0,Fully Furnished,0,https://www.ddproperty.com/en/property/t4020365-ขาย-บ้านเดี่ยว-2-ชั้น-เดอะ-เซ็นโทร-รัตนาธิเบศร์-the-centro-rattanathibet-ขนาดพื้นที่บ้าน-56-ตร-ว-for-sale-9979349,7490000.0,41611.11111111111,17.0
9129644,,Ko Samui,"Chaweng Road, Bo Put, Ko Samui, Surat Thani",9.521616,100.033602,2021.0,3.0,3.0,540.0,Fully Furnished,0,https://www.ddproperty.com/en/property/stunning-seaview-villa-for-sale-in-koh-samui-husm28072-for-sale-9129644,22500000.0,41666.666666666664,5.0
8776578,,Watthana,"2077 Sukhumvit Road, Phra Kanong Nua, Watthana, Bangkok",13.706225334654627,100.60126311045076,2011.0,3.0,3.0,839.9999999999999,Fully Furnished,0,https://www.ddproperty.com/en/property/sale-house-onnut-with-garden-3-bedrooms-id-39869-h-015-840-sqm-for-sale-8776578,35000000.0,41666.66666666667,15.0
9992987,,Prawet,"Kanchanaphisek Road, Dok Mai, Prawet, Bangkok",13.690834,100.698748,2017.0,4.0,3.0,175.0,unknown,0,https://www.ddproperty.com/en/property/บ้านเดี่ยว-คาซ่า-พรีเมี่ยม-อ่อนนุช-วงแหวน-4-ห้องนอน-ขาย-casa-premium-on-nut-wongwaen-house-4-bedrooms-for-sale-tp290-for-sale-9992987,7300000.0,41714.28571428572,9.0
10010253,,Pak Kret,"Chaiyapruek Road, Khlong Phra Udom, Pak Kret, Nonthaburi",13.926237755982218,100.46455480807208,2010.0,3.0,3.0,194.0,unknown,0,https://www.ddproperty.com/en/property/ขายบ้านเดี่ยว-2-ชั้น-ลัดดารมย์-ชัยพฤกษ์-แจ้งวัฒนะ-for-sale-10010253,8100000.0,41752.57731958763,16.0
9789976,,Nong Khaem,"Petchkasem Road, Nong Kham, Nong Khaem, Bangkok",13.68379,100.340226,2018.0,3.0,2.0,160.0,unknown,0,https://www.ddproperty.com/en/property/house-for-sale-with-swimming-pool-pruksa-town-serenity-2-petchkasem-project-81-38-hh-64152-for-sale-9789976,6690000.0,41812.5,8.0
8370593,,Bang Yai,"Rural Road Nonthaburi 1009, Bang Mae Nang, Bang Yai, Nonthaburi",13.893998,100.378215,2019.0,5.0,4.0,165.0,Fully Furnished,0,https://www.ddproperty.com/en/property/r059-186-house-for-sale-casa-ville-bangyai-corner-house-near-the-parking-building-khlong-for-sale-8370593,6900000.0,41818.181818181816,7.0
9921650,,Thung Khru,"Soi Puttabucha 32, Puttabucha Road, Bangmot, Thung Khru, Bangkok",13.644268,100.474128,2021.0,4.0,5.0,227.0,unknown,0,https://www.ddproperty.com/en/property/sell-rent-single-house-centro-rama-2-phutthabucha-soi-phutthabucha-32-near-chalerm-mahanakorn-expressway-34-hh-65016-for-sale-9921650,9500000.0,41850.220264317184,5.0
8489078,,Muang Samut Prakarn,"Thepharak Road, Thepharak, Muang Samut Prakarn, Samut Prakan",13.612720441633654,100.66565552194768,2014.0,3.0,4.0,219.0,unknown,0,https://www.ddproperty.com/en/property/บางกอกบูเลอวาร์ด-เทพารักษ์-วงแหวน-หน้าบ้านไม่ติดกับใคร-for-sale-8489078,9200000.0,42009.13242009132,12.0
9414008,,Khlong Sam Wa,"521 Hathairat Road, Sam Wa Tawan Tok, Khlong Sam Wa, Bangkok",13.910714,100.7215,2014.0,3.0,3.0,164.0,Unfurnished,0,https://www.ddproperty.com/en/property/ขายบ้านเดี่ยว-พฤกษ์ลดา-วงแหวน-หทัยราษฎร์-pruklada-wongwaen-hathairat-for-sale-9414008,6890000.0,42012.19512195122,12.0
9666195,,Muang Samut Sakhon,"Rama 2 Road, Bang Nam Chut, Muang Samut Sakhon, Samut Sakhon",13.598819,100.367149,2018.0,4.0,3.0,204.7,unknown,0,https://www.ddproperty.com/en/property/detached-house-for-sale-the-grand-rama-2-size-79-square-wah-property-code-01-02-12218-for-sale-9666195,8625000.0,42134.83146067416,8.0
9833010,,Muang Samut Sakhon,"Rama 2 Road, Khok Kham, Muang Samut Sakhon, Samut Sakhon",13.56274959162672,100.33572587747284,2013.0,4.0,6.0,664.0,Partially Furnished,0,https://www.ddproperty.com/en/property/jx-ขาย-บ้านหรู-2-ชั้น-สารินซิตี้-ติดทะเลสาบ-มีตึกรับรอง-2-ตึก-พระราม-2-ทำเลเยี่ยม-for-sale-9833010,28000000.0,42168.67469879518,13.0
9970235,,Pak Kret,"Chaiyapruek Road, Khlong Phra Udom, Pak Kret, Nonthaburi",13.926237755982218,100.46455480807208,2010.0,4.0,4.0,275.0,unknown,0,https://www.ddproperty.com/en/property/บ้านเดี่ยว-ลัดดารมย์-ชัยพฤกษ์-แจ้งวัฒนะ-4-ห้องนอน-ขาย-laddarom-chaiyaphruk-chaengwattana-house-4-bedrooms-for-sale-stone051-for-sale-9970235,11600000.0,42181.818181818184,16.0
9964713,,Bang Yai,"Ban Kluai - Sai Noi Road, Bang Len, Bang Yai, Nonthaburi",13.862866786195443,100.43850069738644,2009.0,3.0,3.0,165.0,Fully Furnished,0,https://www.ddproperty.com/en/property/ขาย-บ้านเดี่ยว-เดอะ-เซ็นโทร-รัตนาธิเบศร์-165-ตรม-70-ตร-วา-สภาพดี-หลังมุม-พร้อมเฟอร์นิเจอร์-เข้าอยู่ได้เลย-ใกล้-mrt-สถานีบางพลู-for-sale-9964713,6990000.0,42363.63636363636,17.0
9846813,,Muang Nonthaburi,"Ratchapruek Road, Bang Rak Noi, Muang Nonthaburi, Nonthaburi",13.859576,100.455613,2019.0,4.0,3.0,200.0,unknown,0,https://www.ddproperty.com/en/property/ขายด่วนบ้านเดี่ยว-2-ชั้น-หมู่บ้าน-perfect-place-ราชพฤกษ์-หลังมุม-ไซส์ใหญ่-ย่านชัยพฤกษ์-รัตนาธิเบศร์-นนทบุรี-for-sale-9846813,8490000.0,42450.0,7.0
9228074,,Muang Nonthaburi,"Ratchapruek Road, Bang Rak Noi, Muang Nonthaburi, Nonthaburi",13.859576,100.455613,2019.0,4.0,4.0,200.0,Fully Furnished,0,https://www.ddproperty.com/en/property/beautiful-house-for-sale-86-sq-m-location-perfect-place-ratchaphruek-for-sale-9228074,8490000.0,42450.0,7.0
9731248,,Pak Kret,"59 Ratchaphruek Road, Khlong Khoi, Pak Kret, Nonthaburi",13.94379637975091,100.45951560691472,2020.0,3.0,3.0,154.5,unknown,0,https://www.ddproperty.com/en/property/detached-house-for-sale-casa-premium-ratchapruek-chaengwattana-size-99-6-square-wah-3-bedrooms-property-code-01-02-11071-for-sale-9731248,6560000.0,42459.54692556634,6.0
9964872,,Sam Phran,"Phutthamonthon Sai 4 Road, Krathum Lom, Sam Phran, Nakhon Pathom",13.743276885139526,100.32951779168882,2016.0,4.0,4.0,325.0,Fully Furnished,0,https://www.ddproperty.com/en/property/for-sale-4-bed-house-in-bangkok-boulevard-pinklao-petchkasem-ขายบ้านเดี่ยว4ห้องนอนบางกอกบูเลอวาร์ดปิ่นเกล้า-เพชรเกษม-for-sale-9964872,13800000.0,42461.53846153846,10.0
10007514,,Muang Samut Prakarn,"Soi Suppattana, Srinakarin Road, Bang Mueng, Muang Samut Prakarn, Samut Prakan",13.591388983352166,100.62934581517284,2018.0,3.0,2.0,120.0,Unfurnished,0,https://www.ddproperty.com/en/property/ภัสสร-ไพรด์-ศรีนครินทร์-เทพารักษ์-ซอยทรัพย์บุญชัย28-for-sale-10007514,5100000.0,42500.0,8.0
8831535,,Khan Na Yao,"18 Kanchanaphisek Rd., Khan Na Yao, Khan Na Yao, Bangkok",13.837882,100.673703,2014.0,3.0,3.0,195.0,unknown,0,https://www.ddproperty.com/en/property/r116-026s-บ้านสวย-พร้อมอยู่-เสนาพาร์คแกรนด์-รามอินทรา-พื้นที่-65-ตรว-บิ้วอิน-ทั้งหลัง-8-3-ลบ-for-sale-8831535,8300000.0,42564.10256410256,12.0
8265186,,Bang Bon,"Kanchanaphisek Road, Bang Bon, Bang Bon, Bangkok",13.645613418756904,100.40815606994056,2020.0,4.0,5.0,350.0,unknown,0,https://www.ddproperty.com/en/property/ขายด่วน-บ้านเดี่ยวบีมอตโต-กาญจนาภิเษก-พระราม2-รหัสsh284-for-sale-8265186,14900000.0,42571.42857142857,6.0
8345162,,Bang Plee,"Thephark Road, Bang Pla, Bang Plee, Samut Prakan",13.597675,100.729199,2022.0,5.0,5.0,367.0,unknown,0,https://www.ddproperty.com/en/property/ขายบ้านเดี่ยว-โครงการ-panara-prestige-3-ชั้น-บางปลา-บางพลี-367-ตรม-5-ห้องนอน-ลิฟท์ส่วนตัว-โทร-02-512-5909-084-543-4833-086-397-4454-for-sale-8345162,15650000.0,42643.05177111716,4.0
9872245,,Prawet,"Kanchanaphisek Road, Dok Mai, Prawet, Bangkok",13.696744709922807,100.70195127698436,2020.0,4.0,4.0,199.0,Partially Furnished,0,https://www.ddproperty.com/en/property/ลดราคา-บ้านเดี่ยว-คาซ่า-แกรนด์-อ่อนนุช-วงแหวน-casa-grand-onnuch-wongwhean-for-sale-9872245,8490000.0,42663.31658291457,6.0
9665580,,Sai Mai,"Phoemsin Road, Khlong Tanon, Sai Mai, Bangkok",13.900194330868018,100.6348961943462,2017.0,6.0,7.0,232.0,Partially Furnished,0,https://www.ddproperty.com/en/property/ขายบ้านเดี่ยว-3-ชั้น-หมู่บ้านโกลเด้นเพลสทีจ-ถนนสุขาภิบาล-5-for-sale-9665580,9900000.0,42672.41379310345,9.0
9975640,,Prawet,"Kanchanaphisek Road, Dok Mai, Prawet, Bangkok",13.690834,100.698748,2017.0,4.0,3.0,175.0,unknown,0,https://www.ddproperty.com/en/property/ขายบ้านเดี่ยว-2-ชั้น-คาซ่า-พรีเมี่ยม-อ่อนนุช-วงแหวน-ถนนเลียบวงแหวนกาญจนาภิเษก-ใกล้สวนพักผ่อน-for-sale-9975640,7500000.0,42857.142857142855,9.0
10080835,,Prawet,"Kanchanaphisek Road, Dok Mai, Prawet, Bangkok",13.690834,100.698748,2017.0,4.0,3.0,175.0,Fully Furnished,0,https://www.ddproperty.com/en/property/4-bedrooms-single-house-for-sale-casa-premium-on-nut-wongwaen-close-to-mega-bangna-for-sale-10080835,7500000.0,42857.142857142855,9.0
8946497,,Muang Samut Prakarn,"Thepharak Road, Thepharak, Muang Samut Prakarn, Samut Prakan",13.612720441633654,100.66565552194768,2014.0,4.0,4.0,245.0,unknown,0,https://www.ddproperty.com/en/property/for-sale-bangkok-boulevard-teparak-wongwaen-listing-no-yt01-869-for-sale-8946497,10500000.0,42857.142857142855,12.0
9019872,,Bang Plee,"Bang Na-Trat Road, Bangphli Yai, Bang Plee, Samut Prakan",13.6234820224434,100.68654282705302,2019.0,1.0,1.0,161.0,Fully Furnished,0,https://www.ddproperty.com/en/property/kn-0270-ขายด่วน-areeya-como-บ้านสวย-เฟอร์นิเจอร์ครบ-พร้อมอยู่-ใกล้-mega-บางนา-for-sale-9019872,6900000.0,42857.142857142855,7.0
9945998,,Prawet,"Kanchanaphisek Road, Dok Mai, Prawet, Bangkok",13.690834,100.698748,2017.0,4.0,3.0,175.0,unknown,0,https://www.ddproperty.com/en/property/ขาย-บ้านเดี่ยว-มบ-casa-premium-อ่อนนุช-วงแหวน-4-นอน-3-น้ำ-for-sale-9945998,7500000.0,42857.142857142855,9.0
9950221,,Prawet,"Kanchanaphisek Road, Dok Mai, Prawet, Bangkok",13.690834,100.698748,2017.0,4.0,3.0,175.0,unknown,0,https://www.ddproperty.com/en/property/r112-94-ขาย-บ้านเดี่ยว-2-ชั้น-หมู่บ้าน-casa-premium-อ่อนนุช-วงแหวน-4-นอน-3-น้ำ-for-sale-9950221,7500000.0,42857.142857142855,9.0
9945178,,Prawet,"Kanchanaphisek Road, Dok Mai, Prawet, Bangkok",13.690834,100.698748,2017.0,4.0,3.0,175.0,Partially Furnished,0,https://www.ddproperty.com/en/property/ขายบ้านเดี่ยว-คาซ่าพรีเมี่ยม-อ่อนนุช-วงแหวน-4ห้องนอน-หน้าบ้านหันทิศใต้-นิคมอุตสาหกรรมอัญธานี-เจมโมโปลิส-for-sale-9945178,7500000.0,42857.142857142855,9.0
9937937,,Prawet,"Kanchanaphisek Road, Dok Mai, Prawet, Bangkok",13.690834,100.698748,2017.0,4.0,3.0,175.0,unknown,0,https://www.ddproperty.com/en/property/บ้านเดี่ยว-คาซ่า-พรีเมี่ยม-อ่อนนุช-วงแหวน-4-ห้องนอน-ขาย-casa-premium-on-nut-wongwaen-house-4-bedrooms-for-sale-tp285-for-sale-9937937,7500000.0,42857.142857142855,9.0
9996749,,Bang Plee,"Tamru-Bang Phli Road, Bangphli Yai, Bang Plee, Samut Prakan",13.593864043056827,100.69361124178604,2020.0,3.0,2.0,128.0,Unfurnished,0,https://www.ddproperty.com/en/property/ขาย-บ้านเดี่ยว-วิลล่า-โนวา-เทพารักษ์-คลองขุด-บางพลี-เนื้อที่-50-4-ตร-ว-ต้นโครงการ-for-sale-9996749,5490000.0,42890.625,6.0
9994677,,Bang Plee,"Tamru-Bang Phli Road, Bangphli Yai, Bang Plee, Samut Prakan",13.593864043056827,100.69361124178604,2020.0,3.0,2.0,128.0,Partially Furnished,0,https://www.ddproperty.com/en/property/n-ขาย-บ้านเดี่ยว-วิลล่า-โนวา-เทพารักษ์-คลองขุด-บางพลี-เนื้อที่-50-4-ตร-ว-ต้นโครงการ-for-sale-9994677,5490000.0,42890.625,6.0
9960393,,Bang Khen,"50 Ramintra Road, Tha Rang, Bang Khen, Bangkok",13.851845290282569,100.65612379738695,2017.0,4.0,3.0,191.00000000000003,unknown,0,https://www.ddproperty.com/en/property/for-sale-single-house-life-bangkok-boulevard-ramintra-65-trh-260-for-sale-9960393,8200000.0,42931.937172774866,9.0
9451443,,Bang Plee,"Lat Krabang Road, Rachathewa, Bang Plee, Samut Prakan",13.714717,100.7251718,2018.0,3.0,3.0,170.0,unknown,0,https://www.ddproperty.com/en/property/bs332-บ้านเดี่ยว-2-ชั้น-ในโครงการเพอร์เฟค-เพลส-สุขุมวิท-77-ติดโรบินสันลาดกระบัง-for-sale-9451443,7300000.0,42941.17647058824,8.0
8914314,,Suan Luang,"Soi Pattanakarn 38, Suan Luang, Suan Luang, Bangkok",13.721266,100.627845,2013.0,3.0,2.0,135.0,Fully Furnished,0,https://www.ddproperty.com/en/property/3-bedroom-house-for-sale-at-pruksa-ville-57-pattanakarn-u884984-for-sale-8914314,5800000.0,42962.96296296296,13.0
8687583,,San Kamphaeng,"New Chiang Mai - Sankampang Road, Buak Sang, San Kamphaeng, Chiang Mai",18.730275,99.09599,2021.0,4.0,4.0,257.0,Unfurnished,0,https://www.ddproperty.com/en/property/4-bedroom-villa-for-sale-at-malada-grand-coulee-u221925-for-sale-8687583,11049864.0,42995.57976653697,5.0
8925349,,San Kamphaeng,"New Chiang Mai - Sankampang Road, Buak Sang, San Kamphaeng, Chiang Mai",18.730275,99.09599,2021.0,4.0,4.0,257.0,Unfurnished,0,https://www.ddproperty.com/en/property/4-bedroom-villa-for-sale-at-malada-grand-coulee-u221926-for-sale-8925349,11049864.0,42995.57976653697,5.0
9971601,,Bang Plee,"Lat Krabang Road, Rachathewa, Bang Plee, Samut Prakan",13.714717,100.7251718,2018.0,3.0,3.0,150.0,unknown,0,https://www.ddproperty.com/en/property/ขายบ้านเดี่ยว-เพอร์เฟค-เพลส-สุขุมวิท77-สุวรรณภูมิ-เฟส-6-perfect-place-sukhumvit-77-suvannabhumi-for-sale-9971601,6450000.0,43000.0,8.0
7613803,,Bang Rak,"Silom, Silom, Bang Rak, Bangkok",13.727075,100.53459,2014.0,3.0,3.0,300.0,Fully Furnished,0,https://www.ddproperty.com/en/property/beautiful-3-bedroom-pool-villa-in-choeng-mon-husm25237-for-sale-7613803,12900000.0,43000.0,12.0
8754271,,Bang Plee,"Lat Krabang Road, Rachathewa, Bang Plee, Samut Prakan",13.714717,100.7251718,2018.0,3.0,3.0,150.0,unknown,0,https://www.ddproperty.com/en/property/b-ขายบ้านเดี่ยว-เพอร์เฟค-เพลส-สุขุมวิท77-สุวรรณภูมิ-เฟส-6-perfect-place-sukhumvit-77-suvannabhumi-for-sale-8754271,6450000.0,43000.0,8.0
8754299,,Bang Plee,"Lat Krabang Road, Rachathewa, Bang Plee, Samut Prakan",13.714717,100.7251718,2018.0,3.0,3.0,150.0,unknown,0,https://www.ddproperty.com/en/property/b-ขายบ้านเดี่ยว-เพอร์เฟค-เพลส-สุขุมวิท77-สุวรรณภูมิ-เฟส-6-perfect-place-sukhumvit-77-suvannabhumi-for-sale-8754299,6450000.0,43000.0,8.0
8754302,,Bang Plee,"Lat Krabang Road, Rachathewa, Bang Plee, Samut Prakan",13.714717,100.7251718,2018.0,3.0,3.0,150.0,unknown,0,https://www.ddproperty.com/en/property/b-ขายบ้านเดี่ยว-เพอร์เฟค-เพลส-สุขุมวิท77-สุวรรณภูมิ-เฟส-6-perfect-place-sukhumvit-77-suvannabhumi-for-sale-8754302,6450000.0,43000.0,8.0
8754300,,Bang Plee,"Lat Krabang Road, Rachathewa, Bang Plee, Samut Prakan",13.714717,100.7251718,2018.0,3.0,3.0,150.0,unknown,0,https://www.ddproperty.com/en/property/b-ขายบ้านเดี่ยว-เพอร์เฟค-เพลส-สุขุมวิท77-สุวรรณภูมิ-เฟส-6-perfect-place-sukhumvit-77-suvannabhumi-for-sale-8754300,6450000.0,43000.0,8.0
8718723,,Bang Plee,"159 Wat Nam Daeng Road, Bang Kaeo, Bang Plee, Samut Prakan",13.623552580526855,100.64993997065017,2018.0,3.0,3.0,180.0,Unfurnished,0,https://www.ddproperty.com/en/property/detached-family-home-bang-na-for-sale-8718723,7750000.0,43055.555555555555,8.0
10069689,,Bang Plee,"159 Wat Nam Daeng Road, Bang Kaeo, Bang Plee, Samut Prakan",13.623552580526855,100.64993997065017,2018.0,3.0,3.0,180.0,Unfurnished,0,https://www.ddproperty.com/en/property/mantana-bangna-srinakarin-detached-family-hom-for-sale-10069689,7750000.0,43055.555555555555,8.0
9416795,,Phasi Charoen,"Soi Mooban Nanthawan, Bang Waek, Phasi Charoen, Bangkok",13.732161441743862,100.4478087679379,2006.0,3.0,3.0,276.0,Partially Furnished,0,https://www.ddproperty.com/en/property/ขายบ้านเดี่ยว-2ชั้น-หมู่บ้านนันทวัน-สาทร-ราชพฤกษ์-nantawan-sathorn-ratchaphruk-ขนาด-68-8-ตารางวา-3ห้องนอน-3ห้องน้ำ-ใกล้-bts-บางหว้า-for-sale-9416795,11900000.0,43115.942028985504,20.0
9830145,,Bang Plee,"Bang Na-Chonburi Expressway, Bangphli Yai, Bang Plee, Samut Prakan",13.61476157264031,100.713172,2020.0,3.0,3.0,160.0,unknown,0,https://www.ddproperty.com/en/property/บ้านเดี่ยว-บริทาเนีย-บางนา-กม-12-3-ห้องนอน-ขาย-britania-bangna-km-12-3-bedrooms-for-sale-tp244-for-sale-9830145,6900000.0,43125.0,6.0
8894107,,Bang Khen,"Soi Ram Inthra 23, Anusaowari, Bang Khen, Bangkok",13.867082,100.621047,2015.0,3.0,3.0,220.0,Partially Furnished,0,https://www.ddproperty.com/en/property/sale-renovated-house-life-bangkok-boulevard-ramintra-23-bts-ladplakao-for-sale-8894107,9500000.0,43181.818181818184,11.0
9941075,,Bang Plee,"Lat Krabang Road, Rachathewa, Bang Plee, Samut Prakan",13.714717,100.7251718,2018.0,3.0,2.0,134.0,Partially Furnished,0,https://www.ddproperty.com/en/property/k-4692-ขายด่วน-เพอร์เฟคเพลส-สุขุมวิท-77-สุวรรณภูมิ-เฟส-4-บ้านสวย-ใกล้สนามบินสุวรรณภูมิ-for-sale-9941075,5790000.0,43208.9552238806,8.0
9214335,,Phasi Charoen,"Soi Mooban Nanthawan, Bang Waek, Phasi Charoen, Bangkok",13.732161441743862,100.4478087679379,2006.0,3.0,2.0,275.2,Fully Furnished,0,https://www.ddproperty.com/en/property/nantawan-sathorn-ratchaphruk-for-sale-9214335,11900000.0,43241.27906976744,20.0
9971258,,Phasi Charoen,"Soi Mooban Nanthawan, Bang Waek, Phasi Charoen, Bangkok",13.732161441743862,100.4478087679379,2006.0,3.0,3.0,275.2,Fully Furnished,0,https://www.ddproperty.com/en/property/sell-ขาย-บ้านเดี่ยว-นันทวัน-สาทร-ราชพฤกษ์-nantawan-sathorn-ratchaphruk-3ห้องนอน-3ห้องน้ำ-68-8-ตร-วา-ใกล้ทางด่วน-และ-bts-บางหว้า-er-hs022-for-sale-9971258,11900000.0,43241.27906976744,20.0
8889733,,Bang Plee,"66 Namdang-Bangplee Road, Bang Kaeo, Bang Plee, Samut Prakan",13.62209933706204,100.66132591210138,2017.0,3.0,2.0,185.0,unknown,0,https://www.ddproperty.com/en/property/the-plant-srinakarin-namdaeng-for-sale-8889733,8000000.0,43243.24324324324,9.0
9983453,,Prawet,"288 Kanchanaphisek Road, Dok Mai, Prawet, Bangkok",13.68129,100.698818,2018.0,4.0,3.0,212.00000000000003,Fully Furnished,0,https://www.ddproperty.com/en/property/ขาย-บ้านเดี่ยว-เดอะแกรนด์-บางนา-วงแหวน-เลียบวงแหวนกาญจนาภิเษก-โซนหน้าหมู่บ้าน-for-sale-9983453,9200000.0,43396.22641509434,8.0
9921816,,Khlong Sam Wa,"Phraya Suren Road (Ramintra 109), Bang Chun, Khlong Sam Wa, Bangkok",13.814628,100.699254,2015.0,3.0,3.0,159.0,Partially Furnished,0,https://www.ddproperty.com/en/property/ขายบ้าน-เดี่ยว-โครงการ-the-iconnature-ปากซอย-รามอินทรา109-ห่างจากรถไฟฟ้าสายสีชมพู-200-เมตร-for-sale-9921816,6900000.0,43396.22641509434,11.0
10064429,,Sai Mai,"47/8 Saimai Road, Sai Mai, Sai Mai, Bangkok",13.927323631019732,100.64636743591043,2015.0,3.0,3.0,190.0,Partially Furnished,0,https://www.ddproperty.com/en/property/ขายถูกสุด8-25ล้าน-บ้านเดี่ยว57-8ตรว-ม-เดอะซิตี้-พหลโยธิน-สายไหม-หลังมุม-สวย-บิ้วท์อิน-for-sale-10064429,8250000.0,43421.05263157895,11.0
10037426,,Min Buri,"103 Ramkhamhaeng Road, Min Buri, Min Buri, Bangkok",13.805766,100.726511,2012.0,3.0,3.0,195.623,Partially Furnished,0,https://www.ddproperty.com/en/property/ขายบ้านเดี่ยว-for-sale-10037426,8500000.0,43450.923459920356,14.0
10065468,,Bang Khen,"50 Ramintra Road, Tha Rang, Bang Khen, Bangkok",13.851845290282569,100.65612379738695,2017.0,4.0,3.0,191.00000000000003,Unfurnished,0,https://www.ddproperty.com/en/property/ขายด่วนบ้านเดี่ยว-2-ชั้น-หมู่บ้านไลฟ์-บางกอก-บูเลอวาร์ด-รามอินทรา-65-ถูกสุดในโครงการ-ย่านเลียบทางด่วนรามอินทรา-เอกมัย-เกษตร-นวมินทร์-for-sale-10065468,8300000.0,43455.49738219895,9.0
8931736,,Bang Plee,"66 Namdang-Bangplee Road, Bang Kaeo, Bang Plee, Samut Prakan",13.62209933706204,100.66132591210138,2017.0,3.0,2.0,170.0,unknown,0,https://www.ddproperty.com/en/property/ขายด่วน-บ้านเดี่ยว-2-ชั้น-the-plant-ศรีนครินทร์-หนามแดง-พื้นที่่-53ตร-วา-3ห้องนอน-2ห้องน้ำ-for-sale-8931736,7400000.0,43529.41176470588,9.0
9307247,,Phasi Charoen,"Soi Mooban Nanthawan, Bang Waek, Phasi Charoen, Bangkok",13.732161441743862,100.4478087679379,2006.0,3.0,3.0,275.2,Fully Furnished,0,https://www.ddproperty.com/en/property/hh-3021-house-for-sale-nantawan-sathorn-ratchapruek-near-bts-bang-wa-68-8-sq-m-275-sq-m-3-bedrooms-for-sale-9307247,11990000.0,43568.313953488374,20.0
9320720,,Bang Plee,"159 Wat Nam Daeng Road, Bang Kaeo, Bang Plee, Samut Prakan",13.623552580526855,100.64993997065017,2018.0,3.0,3.0,165.0,Unfurnished,0,https://www.ddproperty.com/en/property/มัณฑนา-ศรีนครินทร์-บางนา-วัดหนามแดง-บ้านเดี่ยวบางพลี-58ตารางวา3ห้องนอน-for-sale-9320720,7190000.0,43575.757575757576,8.0
9730264,,Bang Plee,"159 Wat Nam Daeng Road, Bang Kaeo, Bang Plee, Samut Prakan",13.623552580526855,100.64993997065017,2018.0,3.0,3.0,165.0,unknown,0,https://www.ddproperty.com/en/property/ขายบ้านเดี่ยว-โครงการ-มัณฑณา-ศรีนครินทร์-บางนา-หนามแดง-ใกล้ถนนศรีนคร-for-sale-9730264,7190000.0,43575.757575757576,8.0
10014589,,Prawet,"Kanchanaphisek Road, Dok Mai, Prawet, Bangkok",13.696744709922807,100.70195127698436,2020.0,4.0,5.0,257.0,unknown,0,https://www.ddproperty.com/en/property/ถูกมาก-73ตร-วา-บ้านเดี่ยว-casa-grand-คาซ่า-แกรนด์-อ่อนนุช-วงแหวน-4ห้องนอน-5ห้องน้ำ-3จอดรถ-for-sale-10014589,11200000.0,43579.766536964984,6.0
10022092,,Prawet,"Kanchanaphisek Road, Dok Mai, Prawet, Bangkok",13.696744709922807,100.70195127698436,2020.0,4.0,5.0,257.0,unknown,0,https://www.ddproperty.com/en/property/pp020-ขาย-บ้านเดี่ยว-คาซ่า-แกรนด์-อ่อนนุช-วงแหวน-casa-grand-onnuch-wongwaen-หมู่บ้าน-casa-grand-สุขาภิบาล-2-คู่ขนานกาญจนา-for-sale-10022092,11200000.0,43579.766536964984,6.0
10014929,,Prawet,"Kanchanaphisek Road, Dok Mai, Prawet, Bangkok",13.696744709922807,100.70195127698436,2020.0,4.0,5.0,257.0,unknown,0,https://www.ddproperty.com/en/property/w6-บ้านเดี่ยว-คาซ่าแกรนด์อ่อนนุชวงแหวน-บ้านเดี่ยวสไตล์ยุโรป-พร้อมออฟฟิศ-1-หลังข้างบ้าน-for-sale-10014929,11200000.0,43579.766536964984,6.0
9808704,,Pak Kret,"Chaiyapruek Road, Khlong Phra Udom, Pak Kret, Nonthaburi",13.926237755982218,100.46455480807208,2010.0,4.0,3.0,250.0,Unfurnished,0,https://www.ddproperty.com/en/property/ขาย-บ้านเดี่ยว-ม-ลัดดารมย์-ชัยพฤกษ์-แจ้งวัฒนะ-เฟส2-ซื้อมาไม่เคยอยู่-สภาพใหม่และดี-da-128-for-sale-9808704,10900000.0,43600.0,16.0
8570112,,Muang Phuket,"ซอยสวนวัด ตำบลราไวย์ อำเภอเมือง ภูเก็ต, Rawai, Muang Phuket, Phuket",7.779959,98.314715,2015.0,3.0,3.0,458.0,Fully Furnished,0,https://www.ddproperty.com/en/property/3-bedroom-villa-for-sale-at-nai-harn-baan-bua-u643824-for-sale-8570112,20000000.0,43668.12227074236,11.0
9993801,,Sam Phran,"Phutthamonthon Sai 4 Road, Krathum Lom, Sam Phran, Nakhon Pathom",13.743276885139526,100.32951779168882,2016.0,3.0,3.0,114.0,Unfurnished,0,https://www.ddproperty.com/en/property/บ้านเดี่ยว-สาย-4-โครงการไลฟ์-บางกอกบูเลอวาร์ด-for-sale-9993801,4980000.0,43684.21052631579,10.0
9306835,,Don Mueang,"69/4 Soi Pracha-u-tit 4, Pracha-u-tit Road, Si Khan, Don Mueang, Bangkok",13.92481947792836,100.58118504662708,2020.0,3.0,3.0,192.00000000000003,Partially Furnished,0,https://www.ddproperty.com/en/property/ขาย-บ้านเดี่ยว-สกาย-ดอนเมือง-สรงประภา-sky-donmueang-songprapa-rtw-for-sale-9306835,8390000.0,43697.91666666666,6.0
9968840,,Pak Kret,"Chaiyapruek Road, Khlong Phra Udom, Pak Kret, Nonthaburi",13.926237755982218,100.46455480807208,2010.0,3.0,3.0,240.0,unknown,0,https://www.ddproperty.com/en/property/ขาย-บ้านเดี่ยว-ลัดดารมย์-ชัยพฤกษ์-แจ้งวัฒนะ-240-ตรม-123-ตร-วา-for-sale-9968840,10500000.0,43750.0,16.0
9729118,,Bueng Kum,"Ratchada-Ramintra Road, Khlong Kum, Bueng Kum, Bangkok",13.819080790301015,100.65609975628136,2011.0,4.0,4.0,297.0,unknown,0,https://www.ddproperty.com/en/property/for-sale-the-primary-prestige-trh-153-for-sale-9729118,13000000.0,43771.04377104377,15.0
8495649,,Bang Plee,"Soi Kanchanaphisek 39, Kanchanaphisek Road, Rachathewa, Bang Plee, Samut Prakan",13.683994606075249,100.71235504662708,2020.0,3.0,3.0,137.0,Partially Furnished,0,https://www.ddproperty.com/en/property/selling-cheaply-quickly-burasiri-ring-road-on-nut-prawet-bangna-rachathewa-bang-phli-samut-prakan-mespace-id-3449-for-sale-8495649,6000000.0,43795.620437956204,6.0
10075372,,Prawet,"Kanchanaphisek Road, Dok Mai, Prawet, Bangkok",13.690834,100.698748,2017.0,4.0,4.0,212.00000000000003,Fully Furnished,0,https://www.ddproperty.com/en/property/house-for-sale-casa-premium-onnut-wongwaen-for-sale-10075372,9300000.0,43867.92452830188,9.0
10051763,,Prawet,"Kanchanaphisek Parallel Road, Dok Mai, Prawet, Bangkok",13.65726121589002,100.69563967590716,2012.0,3.0,3.0,157.0,unknown,0,https://www.ddproperty.com/en/property/pbs390-house-for-sale-burasiri-onnut-bangna-for-sale-10051763,6900000.0,43949.04458598726,14.0
9975831,,Prawet,"Kanchanaphisek Parallel Road, Dok Mai, Prawet, Bangkok",13.65726121589002,100.69563967590716,2012.0,3.0,3.0,157.0,unknown,0,https://www.ddproperty.com/en/property/pbs390-house-for-sale-burasiri-onnut-bangna-for-sale-9975831,6900000.0,43949.04458598726,14.0
9837993,,Bang Khen,"50 Ramintra Road, Tha Rang, Bang Khen, Bangkok",13.851845290282569,100.65612379738695,2017.0,4.0,3.0,250.0,unknown,0,https://www.ddproperty.com/en/property/ae65015-house-for-sale-best-price-behind-the-corner-of-life-bangkok-bo-for-sale-9837993,11000000.0,44000.0,9.0
10037430,,Prawet,"Soi On Nut 65 Yak14, Prawet, Prawet, Bangkok",13.726331570402785,100.68812997313978,2017.0,3.0,3.0,134.0,Fully Furnished,0,https://www.ddproperty.com/en/property/p-1796-ขายด่วน-โกลเด้น-วิลเลจ-อ่อนนุช-พัฒนาการ-บ้านสวย-เฟอร์นิเจอร์และเครื่องใช้ไฟฟ้าครบ-พร้อมอยู่-for-sale-10037430,5900000.0,44029.850746268654,9.0
8698274,,Khan Na Yao,"18 Kanchanaphisek Rd., Khan Na Yao, Khan Na Yao, Bangkok",13.837882,100.673703,2014.0,3.0,3.0,195.0,Fully Furnished,0,https://www.ddproperty.com/en/property/h0023-detached-house-for-sale-sena-park-grand-ramindra-3-bedrooms-3-bathrooms-land-size-65-sq-wa-usable-area-195-sqm-close-to-clubhouse-and-playground-for-sale-8698274,8590000.0,44051.282051282054,12.0
10025030,,Khan Na Yao,"18 Kanchanaphisek Rd., Khan Na Yao, Khan Na Yao, Bangkok",13.837882,100.673703,2014.0,3.0,3.0,195.0,unknown,0,https://www.ddproperty.com/en/property/pb00852-ขาย-บ้านเดี่ยว-หมู่บ้าน-เสนา-พาร์ค-แกรนด์-รามอินทรา-sena-park-grand-ramindra-บ้านเดี่ยว-เสนา-รามอินทรา-บ้านเดี่ยว-รามอินทรา-for-sale-10025030,8590000.0,44051.282051282054,12.0
9691785,,Khan Na Yao,"18 Kanchanaphisek Rd., Khan Na Yao, Khan Na Yao, Bangkok",13.837882,100.673703,2014.0,3.0,3.0,195.0,unknown,0,https://www.ddproperty.com/en/property/for-sale-sena-park-grand-ramindra-trh-136-for-sale-9691785,8590000.0,44051.282051282054,12.0
10069172,,Khan Na Yao,"18 Kanchanaphisek Rd., Khan Na Yao, Khan Na Yao, Bangkok",13.837882,100.673703,2014.0,3.0,3.0,195.0,unknown,0,https://www.ddproperty.com/en/property/pb00852-ขาย-บ้านเดี่ยว-หมู่บ้าน-เสนา-พาร์ค-แกรนด์-รามอินทรา-for-sale-10069172,8590000.0,44051.282051282054,12.0
9700161,,Pak Kret,"54/317 Ratchapruek Road, Khlong Khoi, Pak Kret, Nonthaburi",13.947886,100.457968,2020.0,4.0,5.0,340.0,unknown,0,https://www.ddproperty.com/en/property/บ้านเดี่ยว-บุราสิริ-ราชพฤกษ์-345-4-ห้องนอน-for-sale-burasiri-ratchaphruek-345-4-bedrooms-for-sale-hl409-for-sale-9700161,15000000.0,44117.64705882353,6.0
9981408,,Bang Lamung,"Soi Kasetsin 7, Nong Pru, Bang Lamung, Chon Buri",12.920265,100.860655,2019.0,4.0,2.0,612.0,Fully Furnished,0,https://www.ddproperty.com/en/property/sale-4-bedrooms-pratumnak-house-for-sale-4-bedrooms-ref-5918s-659-2-sqm-for-sale-9981408,27000000.0,44117.64705882353,7.0
9838596,,Bang Bo,"Bang Na-Trat Frontage Road, Bang Bo, Bang Bo, Samut Prakan",13.638493,100.852305,2019.0,3.0,3.0,136.0,unknown,0,https://www.ddproperty.com/en/property/ขาย-บ้านเดี่ยว-villaggio-วีลาจีโอ-บางนา-for-sale-9838596,6000000.0,44117.64705882353,7.0
9478502,,Bang Plee,"159 Wat Nam Daeng Road, Bang Kaeo, Bang Plee, Samut Prakan",13.623552580526855,100.64993997065017,2018.0,3.0,3.0,165.0,unknown,0,https://www.ddproperty.com/en/property/ขายบ้านเดี่ยว-มัณฑนา-ศรีนครินทร์-บางนา-ขนาด-50-ตรว-3-นอน-3-น้ำ-2-จอด-แอร์-4-เครื่อง-บ้านใหม่ไม่เคยอยู่-หลังมุม-ขาย-7-29-ล-สนใจนัดดูบ้านที่-0922802873-for-sale-9478502,7290000.0,44181.818181818184,8.0
9855563,,Bang Plee,"Lat Krabang Road, Rachathewa, Bang Plee, Samut Prakan",13.714717,100.7251718,2018.0,3.0,2.0,131.0,Fully Furnished,0,https://www.ddproperty.com/en/property/knt-akn-01-for-sale-9855563,5790000.0,44198.47328244275,8.0
10032860,,Bueng Kum,"Soi Nawamin 42, Yak 7, Khlong Kum, Bueng Kum, Bangkok",13.796861903546487,100.66396324167567,2018.0,4.0,3.0,150.0,unknown,0,https://www.ddproperty.com/en/property/ขาย-บ้านเดี่ยว-2-ชั้น-golden-neo-ลาดพร้าว-เกษตรนวมินทร์-พื้นที่-37-1ตร-วา-4ห้องนอน-3ห้องน้ำ-for-sale-10032860,6630000.0,44200.0,8.0
9977025,,Bang Khen,"50 Ramintra Road, Tha Rang, Bang Khen, Bangkok",13.851845290282569,100.65612379738695,2017.0,4.0,3.0,260.0,unknown,0,https://www.ddproperty.com/en/property/selling-detached-house-life-bangkok-boulevard-ramintra-ah051-for-sale-9977025,11500000.0,44230.769230769234,9.0
9821667,,Bang Plee,"Lat Krabang Road, Rachathewa, Bang Plee, Samut Prakan",13.714717,100.7251718,2018.0,3.0,2.0,156.0,Unfurnished,0,https://www.ddproperty.com/en/property/ขายบ้านเดี่ยวหลังมุม-64ตร-ว-ทิศใต้-มีเนื้อที่เปล่าเยอะมาก-หมู่บ้านเพอร์เฟคเพลส-สุขุมวิท77-โรบินสันลาดกระบัง-สุวรรณภูมิ-for-sale-9821667,6900000.0,44230.769230769234,8.0
9542542,,Phasi Charoen,"Soi Mooban Nanthawan, Bang Waek, Phasi Charoen, Bangkok",13.732161441743862,100.4478087679379,2006.0,3.0,3.0,275.0,unknown,0,https://www.ddproperty.com/en/property/6409-228-house-for-sale-bang-waek-phasi-charoen-bts-bang-wa-nantaw-for-sale-9542542,12200000.0,44363.63636363636,20.0
9556369,,Sattahip,"Soi Na Jomtien 8, Sukhumvit Road, Na Chom Thian, Sattahip, Chon Buri",12.852168,100.906602,2000.0,3.0,4.0,200.0,Fully Furnished,0,https://www.ddproperty.com/en/property/3-bedroom-house-for-sale-at-jomtien-yacht-club-3-u1034072-for-sale-9556369,8900000.0,44500.0,26.0
9830425,,Saphan Sung,"Kanchanaphisek Road, Saphan Sung, Saphan Sung, Bangkok",13.738084944461162,100.70370599738558,2014.0,4.0,3.0,191.00000000000003,unknown,0,https://www.ddproperty.com/en/property/บ้านเดี่ยว-ไลฟ์-บางกอก-บูเลอวาร์ด-วงแหวน-พระราม-9-ขาย-life-bangkok-boulevard-wongwaen-rama-9-for-sale-tp248-for-sale-9830425,8500000.0,44502.61780104711,12.0
9761014,,Bang Kruai,"Ratchaphruek Road, Mahasawat, Bang Kruai, Nonthaburi",13.81120416435241,100.44910407625358,2005.0,3.0,3.0,164.0,Partially Furnished,0,https://www.ddproperty.com/en/property/b6261164-ขาย-บ้านเดี่ยว-สีวลี-ปิ่นเกล้า-สาทร-ตึก-2-ชั้น-ขนาดพื้นที่-62-6-ตร-ว-sell-sivalee-pinklao-sathorn-for-sale-9761014,7300000.0,44512.19512195122,21.0
8448059,,Bang Plee,"Soi Kingkaew 31, Rachathewa, Bang Plee, Samut Prakan",13.688721,100.722143,2018.0,4.0,3.0,146.0,unknown,0,https://www.ddproperty.com/en/property/โกลเด้น-นีโอ-บางนา-กิ่งแก้ว-พร้อมอยู่-for-sale-8448059,6500000.0,44520.54794520548,8.0
9868690,,Bang Plee,"Soi Kingkaew 31, Rachathewa, Bang Plee, Samut Prakan",13.688721,100.722143,2018.0,3.0,3.0,137.0,Unfurnished,0,https://www.ddproperty.com/en/property/kn-0560-ขายด่วน-บ้านโกลเด้นนีโอ-บางนา-กิ่งแก้ว-บ้านใหม่-ยังไม่เคยเข้าอยู่-สะดวกที่จอดรถเยอะ-ใกล้-mega-บางนา-for-sale-9868690,6100000.0,44525.54744525548,8.0
10039016,,Pak Kret,"Chaiya Phruk Road, Khlong Khoi, Pak Kret, Nonthaburi",13.945414,100.476854,2007.0,3.0,3.0,197.0,unknown,0,https://www.ddproperty.com/en/property/tu-0340-ขายด่วน-บ้านเดี่ยวม-สราญสิริ-ราชพฤกษ์-แจ้งวัฒนะ-หลังใหญ่-โครงการ-ของ-sansiri-ใกล้ทางด่วนใหม่-ถนนราชพฤกษ์-ปากเกร็ด-จอดรถ5-6-คัน-ราคาต่อรองได้-for-sale-10039016,8790000.0,44619.289340101524,19.0
9149031,,Saphan Sung,"Kanchanaphisek Road, Saphan Sung, Saphan Sung, Bangkok",13.738084944461162,100.70370599738558,2014.0,3.0,3.0,177.0,unknown,0,https://www.ddproperty.com/en/property/ขายไลฟ์-บางกอก-บูเลอวาร์ด-วงแหวน-พระราม-9-3-ห้องนอน-life-bangkok-boulevard-wongwaen-rama-9-tp048-for-sale-9149031,7900000.0,44632.76836158192,12.0
9838843,,Phasi Charoen,"Bang Waek Road, Bang Waek, Phasi Charoen, Bangkok",13.73710559775776,100.43998304320056,2012.0,3.0,3.0,280.0,Partially Furnished,0,https://www.ddproperty.com/en/property/ขาย-บ้านเดี่ยว-ไลฟ์-บางกอก-บูเลอวาร์ด-ราชพฤกษ์-จรัญฯ-for-sale-9838843,12500000.0,44642.857142857145,14.0
9994217,,Phasi Charoen,"Soi Mooban Nanthawan, Bang Waek, Phasi Charoen, Bangkok",13.732161441743862,100.4478087679379,2006.0,3.0,3.0,275.2,Partially Furnished,0,https://www.ddproperty.com/en/property/for-sale-2-storeys-detached-house-nantawan-sathorn-ratchaphruek-near-bts-bang-wa-for-sale-9994217,12290000.0,44658.430232558145,20.0
10064823,,Phasi Charoen,"Soi Mooban Nanthawan, Bang Waek, Phasi Charoen, Bangkok",13.732161441743862,100.4478087679379,2006.0,3.0,3.0,275.0,unknown,0,https://www.ddproperty.com/en/property/yog-pres0712-ขายบ้านเดี่ยว-โครงการ-นันทวัน-สาทร-ราชพฤกษ์-for-sale-10064823,12300000.0,44727.27272727273,20.0
9828416,,Sai Mai,"47/8 Saimai Road, Sai Mai, Sai Mai, Bangkok",13.927323631019732,100.64636743591043,2015.0,4.0,3.0,190.0,Unfurnished,0,https://www.ddproperty.com/en/property/r2518-ขายบ้าน-ที่-หมู่บ้าน-the-city-พหลโยธิน-สายไหม-4-ห้องนอน-for-sale-9828416,8500000.0,44736.84210526316,11.0
10014217,,Muang Nonthaburi,"Rattanathibet Road, Sai Ma, Muang Nonthaburi, Nonthaburi",13.877157,100.466281,2011.0,3.0,4.0,310.0,unknown,0,https://www.ddproperty.com/en/property/ขาย-ขาดทุน-บ้านเดี่ยว-2-ชั้น-perfect-masterpiece-รัตนาธิเบศร์-88-5-ตรว-ติด-รถไฟฟ้า-ไทรม้า-นนทบุรี-for-sale-10014217,13900000.0,44838.709677419356,15.0
10077872,,Muang Nonthaburi,"Rattanathibet Road, Sai Ma, Muang Nonthaburi, Nonthaburi",13.877157,100.466281,2011.0,3.0,4.0,310.0,unknown,0,https://www.ddproperty.com/en/property/ขาย-ขาดทุน-บ้านเดี่ยว-2-ชั้น-perfect-masterpiece-รัตนาธิเบศร์-88-5-ตรว-ติด-รถไฟฟ้า-ไทรม้า-นนทบุรี-for-sale-10077872,13900000.0,44838.709677419356,15.0
9592676,,Sai Mai,"Soi Karnchanapisek Expressway, O-Ngoen, Sai Mai, Bangkok",13.886284,100.681978,2019.0,3.0,3.0,160.0,Fully Furnished,0,https://www.ddproperty.com/en/property/r027-6-ขายบ้านเดี่ยว-หลังมุม-58วา-บิ้วอินจัดเต็ม-pave-รามอินทรา-วงแหวน-ทำเลดี-เดินทางสะดวก-for-sale-9592676,7200000.0,45000.0,7.0
9994195,,Bang Plee,"Bang Phli-Tamru Road, Bangphli Yai, Bang Plee, Samut Prakan",13.587061,100.701899,2003.0,3.0,3.0,253.00000000000003,Fully Furnished,0,https://www.ddproperty.com/en/property/ขาย-บ้านเดี่ยว-โซนหน้าหมู่บ้าน-วรารมย์-เลควิว-ตำหรุ-บางพลี-เทพารักษ์-บางนา-สมุทรปราการ-เนื้อที่-128-ตรว-for-sale-9994195,11400000.0,45059.2885375494,23.0
9676073,,Bang Plee,"Bang Phli-Tamru Road, Bangphli Yai, Bang Plee, Samut Prakan",13.587061,100.701899,2003.0,3.0,3.0,253.00000000000003,unknown,0,https://www.ddproperty.com/en/property/ขายบ้านเดี่ยว-เจ้าของไม่เคยอยู่-พื้นที่หลังบ้านกว้างขวาง-วรารมย์-เลควิว-ตำหรุ-บางพลี-สมุทรปราการ-เนื้อที่-128-ตร-ว-for-sale-9676073,11400000.0,45059.2885375494,23.0
9820276,,Pak Kret,"Chaiya Phruk Road, Khlong Khoi, Pak Kret, Nonthaburi",13.945414,100.476854,2007.0,3.0,3.0,197.0,unknown,0,https://www.ddproperty.com/en/property/yog-aas080-ขายบ้านหมู่บ้านสราญสิริ-ราชพฤกษ์-แจ้งวัฒนะ-90-ตรว-8-9-ลบ-for-sale-9820276,8900000.0,45177.66497461929,19.0
7613728,,Watthana,"9 Soi Ekkamai 12, Ekkamai Road, Khlong Tan Nua, Watthana, Bangkok",13.730775,100.58681,2017.0,3.0,3.0,210.0,Fully Furnished,0,https://www.ddproperty.com/en/property/3-bedroom-pool-villa-close-to-lamai-beach-husm25354-for-sale-7613728,9500000.0,45238.09523809524,9.0
8707498,,Bang Lamung,"414  ม. 12 ทัพพระยา, Bang Lamung, Chon Buri",12.900396534789,100.86791396141,1995.0,3.0,3.0,285.0,unknown,0,https://www.ddproperty.com/en/property/jomtien-beach-modern-3-bedroom-house-for-sale-in-jomtien-condotel-village-for-sale-8707498,12900000.0,45263.15789473684,31.0
9163948,,Muang Samut Sakhon,"Rama 2 Road, Bang Nam Chut, Muang Samut Sakhon, Samut Sakhon",13.598819,100.367149,2018.0,5.0,5.0,240.0,unknown,0,https://www.ddproperty.com/en/property/76727-ขาย-บ้านเดี่ยว-หมู่บ้าน-เดอะแกรนด์-พระราม-2-โซน-แกรนด์ดิโอ-พร้อมบิ้วอิน-ราคาถูกสุดในโครงการ-for-sale-9163948,10900000.0,45416.666666666664,8.0
10058680,,Muang Nonthaburi,"Ratchaphruek Road, Bang Krang, Muang Nonthaburi, Nonthaburi",13.844063957078385,100.44861282209013,2016.0,4.0,4.0,305.0,Partially Furnished,0,https://www.ddproperty.com/en/property/ขายบ้านเดี่ยวบางกอก-บูเลอวาร์ด-ราชพฤกษ์-พระราม-5-โครงการ-2-เนื้อที่-75-ตรว-4-ห้องนอน-4-ห้องน้ำ-ราคาขาย-13-9-ลบ-โครงการติดถนนราชพฤกษ์-ห่างจาก-mrt-ไทรม้า-เพียง-3-54-กม-for-sale-10058680,13900000.0,45573.770491803276,10.0
10054195,,Khan Na Yao,"Kanchanaphisek Road, Ram Inthra, Khan Na Yao, Bangkok",13.824668705058128,100.6730238067086,2013.0,4.0,4.0,305.0,Fully Furnished,0,https://www.ddproperty.com/en/property/บ้านเดี่ยว-2-ชั้นหลังริม-ราคาถูกสุดๆ-บางกอกบูเลอวาร์ด-3-หลังใหญ่-75-ตร-วา-for-sale-10054195,13900000.0,45573.770491803276,13.0
9735043,,Prawet,"Kanchanaphisek Road, Dok Mai, Prawet, Bangkok",13.690834,100.698748,2017.0,4.0,3.0,182.0,Fully Furnished,0,https://www.ddproperty.com/en/property/ด่วน-ขายบ้านเดี่ยว-คาซ่าพรีเมี่ยม-อ่อนนุช-วงแหวน-ถนน-กาญจนาภิเษก-ราคา-8-3ล้านบาท-เท่านั้น-for-sale-9735043,8300000.0,45604.395604395606,9.0
8817827,,Muang Samut Prakarn,"Soi Srisamit, Thepharak, Muang Samut Prakarn, Samut Prakan",13.615678747184688,100.6336108433537,2019.0,3.0,3.0,142.0,unknown,0,https://www.ddproperty.com/en/property/ขาย-บ้านเดี่ยว-หลังมุม-the-plant-เดอะ-แพลนท์-เทพารักษ์-พร้อมเฟอร์-for-sale-8817827,6490000.0,45704.22535211268,7.0
8600910,,Muang Nonthaburi,"Ratchaphruek Road, Bang Krang, Muang Nonthaburi, Nonthaburi",13.844063957078385,100.44861282209013,2016.0,4.0,4.0,328.0,unknown,0,https://www.ddproperty.com/en/property/vายบ้านเดี่ยวหรู-bangkok-boulevard-ราชพฤกษ์-พระราม-5-โครงการ2-บ้านสวย-สภาพใหม่-หลังใหญ่ที่สุดในโครงการ-เจ้าของไม่เคยเข้าอยู่-for-sale-8600910,15000000.0,45731.70731707317,10.0
9118931,,Muang Nonthaburi,"Ratchaphruek Road, Bang Krang, Muang Nonthaburi, Nonthaburi",13.844063957078385,100.44861282209013,2016.0,4.0,4.0,328.0,unknown,0,https://www.ddproperty.com/en/property/tu-0088-ขายด่วน-บ้านเดี่ยว-ม-บางกอก-บูเลอวาร์ด-ราชพฤกษ์พระราม5-2-หลังใหญ่-โครงการ-ของ-sc-asset-ใกล้ทางด่วนใหม่-ถนนราชพฤกษ์-วงเวียนพระราม-5-the-walk-for-sale-9118931,15000000.0,45731.70731707317,10.0
10057845,,Sattahip,"Soi Na Jomtien 8, Sukhumvit Road, Na Chom Thian, Sattahip, Chon Buri",12.852168,100.906602,2000.0,5.0,5.0,240.0,Fully Furnished,0,https://www.ddproperty.com/en/property/5-bedrooms-house-for-sale-in-jomtien-with-pontoon-for-private-boat-hpyx28435-for-sale-10057845,11000000.0,45833.333333333336,26.0
9977058,,Bang Khen,"50 Ramintra Road, Tha Rang, Bang Khen, Bangkok",13.851845290282569,100.65612379738695,2017.0,4.0,3.0,250.0,unknown,0,https://www.ddproperty.com/en/property/selling-twin-houses-life-bangkok-boulevard-ramintra-life-bangkok-boulevard-ramintra-ah051-for-sale-9977058,11500000.0,46000.0,9.0
8828395,,Sai Mai,"47/8 Saimai Road, Sai Mai, Sai Mai, Bangkok",13.927323631019732,100.64636743591043,2015.0,3.0,3.0,190.0,Fully Furnished,0,https://www.ddproperty.com/en/property/r1805ขาย-บ้านเดี่ยว-2-ชั้น-เดอะซิตี้-the-city-พหลโยธิน-สายไหม-17-for-sale-8828395,8750000.0,46052.63157894737,11.0
10068402,,Muang Nonthaburi,"Ratchaphruek Road, Bang Krang, Muang Nonthaburi, Nonthaburi",13.844063957078385,100.44861282209013,2016.0,4.0,4.0,300.0,Fully Furnished,0,https://www.ddproperty.com/en/property/ขายบ้านเดี่ยว-บางกอก-บูเลอวาร์ด-ราชพฤกษ์-พระราม-5-for-sale-10068402,13900000.0,46333.333333333336,10.0
8781239,,Watthana,"199 Soi Sukhumvit 63, Sukhumvit Road, Khlong Tan Nua, Watthana, Bangkok",13.730933750078632,100.58638469080734,2008.0,3.0,3.0,300.0,Fully Furnished,0,https://www.ddproperty.com/en/property/sale-house-ekamai-video-3-bedrooms-id-59010-h-170-300-sqm-for-sale-8781239,13900000.0,46333.333333333336,18.0
10016266,,Min Buri,"Kheha Rom Klao Road, Min Buri, Min Buri, Bangkok",13.77616450043354,100.73479655628084,2017.0,4.0,4.0,286.8,unknown,0,https://www.ddproperty.com/en/property/for-sale-บ้านเดี่ยว-หมู่บ้าน-มัณฑนา-ศรีนนครินทร์-ร่มเกล้า-เนื้อที่-71-7-ตร-ว-อยู่ซอยร่มเกล้า-24-ใกล้ตลาดบวรร่มเกล้า-for-sale-10016266,13300000.0,46373.779637377964,9.0
10031286,,Bang Plee,"Lat Krabang Road, Rachathewa, Bang Plee, Samut Prakan",13.714717,100.7251718,2018.0,3.0,4.0,237.0,unknown,0,https://www.ddproperty.com/en/property/3-bedroom-house-for-sale-at-perfect-place-sukhumvit-77-suvarnabhumi-u1050212-for-sale-10031286,11000000.0,46413.50210970464,8.0
9728509,,Bang Kapi,"Krungthep Kreetha Road, Hua Mak, Bang Kapi, Bangkok",13.744209164720049,100.67220223333982,2020.0,3.0,4.0,247.0,Unfurnished,0,https://www.ddproperty.com/en/property/r2473-บ้านเดี่ยวบางกอกบลูเลอวาร์ดพระราม-9-บ้านไทป์นาวิก-สไคล์สแกนดิเนเวีย-for-sale-9728509,11500000.0,46558.70445344129,6.0
10054638,,Bang Kapi,"Krungthep Kreetha Road, Hua Mak, Bang Kapi, Bangkok",13.744209164720049,100.67220223333982,2020.0,3.0,4.0,247.0,unknown,0,https://www.ddproperty.com/en/property/h813hh-house-for-sale-2-storey-detached-house-bangkok-boulevard-rama-9-for-sale-10054638,11500000.0,46558.70445344129,6.0
9750558,,Saphan Sung,"Kanchanaphisek Road, Saphan Sung, Saphan Sung, Bangkok",13.738084944461162,100.70370599738558,2014.0,4.0,3.0,191.00000000000003,Fully Furnished,0,https://www.ddproperty.com/en/property/ขายบ้านเดี่ยว-ไลฟ์-บางกอก-บูเลอวาร์ด-วงแหวน-พระราม-9-life-bangkok-boulevard-wongwaen-rama-9-for-sale-9750558,8900000.0,46596.85863874345,12.0
9936071,,Bang Yai,"Ban Kluai - Sai Noi Road, Bang Len, Bang Yai, Nonthaburi",13.862866786195443,100.43850069738644,2009.0,3.0,3.0,150.0,unknown,0,https://www.ddproperty.com/en/property/r112-84-ขาย-บ้านเดี่ยว-2-ชั้น-เซนโทร-รัตนาธิเบศร์-70-ตรว-for-sale-9936071,6990000.0,46600.0,17.0
8650137,,Muang Phuket,"ราไวย์ Wiset, Chalong, Muang Phuket, Phuket",7.789263,98.330707,2012.0,2.0,2.0,150.0,Fully Furnished,0,https://www.ddproperty.com/en/property/920081001-1017-phuket-raway-pool-villa-saiyuan-9-for-sale-8650137,7000000.0,46666.666666666664,14.0
9969031,,Bang Lamung,"Chaiyapruek 2 Road, Bang Lamung, Bang Lamung, Chon Buri",12.883683558165322,100.91548712539844,2012.0,3.0,3.0,150.0,Fully Furnished,0,https://www.ddproperty.com/en/property/fully-furnished-house-for-sale-only-7m-baht-silk-road-place-for-sale-9969031,7000000.0,46666.666666666664,14.0
10017180,,Bang Plee,"Srinakarin Road, Bang Kaeo, Bang Plee, Samut Prakan",13.635384742249451,100.6519654480226,2011.0,5.0,7.0,450.0,unknown,0,https://www.ddproperty.com/en/property/psh-01100-house-for-sale-de-ville-srinakarin-for-sale-10017180,21000000.0,46666.666666666664,15.0
9556628,,Bang Plee,"Srinakarin Road, Bang Kaeo, Bang Plee, Samut Prakan",13.635384742249451,100.6519654480226,2011.0,5.0,7.0,450.0,unknown,0,https://www.ddproperty.com/en/property/hh-630060-quick-sale-special-discount-de-ville-srinakarin-village-5-bedrooms-7-bathrooms-area-280-sq-m-for-sale-9556628,21000000.0,46666.666666666664,15.0
10054783,,Bang Plee,"Srinakarin Road, Bang Kaeo, Bang Plee, Samut Prakan",13.635384742249451,100.6519654480226,2011.0,5.0,7.0,450.0,unknown,0,https://www.ddproperty.com/en/property/psh-01100-house-for-sale-de-ville-srinakarin-for-sale-10054783,21000000.0,46666.666666666664,15.0
9084884,,Prawet,"Kanchanaphisek Road, Dok Mai, Prawet, Bangkok",13.690834,100.698748,2017.0,4.0,3.0,182.0,unknown,0,https://www.ddproperty.com/en/property/casa-premium-อ่อนนุช-วงแหวน-ขาย-8-5-ล้าน-listing-no-yt01-736-for-sale-9084884,8500000.0,46703.296703296706,9.0
9022011,,Prawet,"Kanchanaphisek Road, Dok Mai, Prawet, Bangkok",13.690834,100.698748,2017.0,4.0,4.0,182.0,unknown,0,https://www.ddproperty.com/en/property/คาซ่าพรีเมี่ยม-อ่อนนุช-วงแหวน-พร้อมอยู่-for-sale-9022011,8500000.0,46703.296703296706,9.0
9113074,,Prawet,"Kanchanaphisek Road, Dok Mai, Prawet, Bangkok",13.690834,100.698748,2017.0,4.0,3.0,182.0,Fully Furnished,0,https://www.ddproperty.com/en/property/kn-0337-ขายด่วน-casa-premium-บ้านสวย-เฟอร์นิเจอร์และเครื่องใช้ไฟฟ้าครบ-พร้อมอยู่-for-sale-9113074,8500000.0,46703.296703296706,9.0
9224511,,Phasi Charoen,"Soi Mooban Nanthawan, Bang Waek, Phasi Charoen, Bangkok",13.732161441743862,100.4478087679379,2006.0,3.0,3.0,267.6,Fully Furnished,0,https://www.ddproperty.com/en/property/sk03437-ขายบ้านเดี่ยว-หมู่บ้านนันทวัน-สาทร-ราชพฤกษ์-ใกล้-bts-บางหว้า-for-sale-9224511,12500000.0,46711.50971599402,20.0
9584154,,Phasi Charoen,"Soi Mooban Nanthawan, Bang Waek, Phasi Charoen, Bangkok",13.732161441743862,100.4478087679379,2006.0,3.0,3.0,267.6,unknown,0,https://www.ddproperty.com/en/property/bh-01173-หมู่บ้าน-นันทวัน-สาทร-ราชพฤกษ์-บ้านเดี่ยวถนนราชพฤกษ์-บ้านเดี่ยวเขตตลิ่งชั่น-for-sale-9584154,12500000.0,46711.50971599402,20.0
10054780,,Phasi Charoen,"Soi Mooban Nanthawan, Bang Waek, Phasi Charoen, Bangkok",13.732161441743862,100.4478087679379,2006.0,3.0,3.0,267.6,unknown,0,https://www.ddproperty.com/en/property/pbh-01173-house-for-sale-nantawan-sathorn-ratchaphruk-bts-bangwa-for-sale-10054780,12500000.0,46711.50971599402,20.0
10017176,,Phasi Charoen,"Soi Mooban Nanthawan, Bang Waek, Phasi Charoen, Bangkok",13.732161441743862,100.4478087679379,2006.0,3.0,3.0,267.6,unknown,0,https://www.ddproperty.com/en/property/pbh-01173-house-for-sale-nantawan-sathorn-ratchaphruk-bts-bangwa-for-sale-10017176,12500000.0,46711.50971599402,20.0
10036211,,Khan Na Yao,"Kanchanaphisek Road, Ram Inthra, Khan Na Yao, Bangkok",13.824668705058128,100.6730238067086,2013.0,4.0,4.0,235.0,Partially Furnished,0,https://www.ddproperty.com/en/property/ขาย-บ้านเดี่ยว-บางกอก-บูเลอวาร์ด-รามอินทรา-3-แต่งสวยหรู-ราคาน่าจับจอง-for-sale-10036211,10990000.0,46765.95744680851,13.0
10076879,,Phasi Charoen,"Bang Waek Road, Bang Waek, Phasi Charoen, Bangkok",13.73710559775776,100.43998304320056,2012.0,3.0,3.0,190.0,Partially Furnished,0,https://www.ddproperty.com/en/property/ลดเพิ่ม-5-แสน-vายด่วน-sาคาถูกที่สุดในตลาด-ไลฟ์-บางกอก-บูเลอวาร์ด-ราชพฤกษ์-จรัญฯ-ทำเลดีมากๆ-บ้านสวย-ใหม่-ใกล้รถไฟฟ้าเพียง-5-นาที-sาคาเหลือเพียง-8-95-ล้านบาทเท่านั้น-จากราคาเต็ม-9-5-ล้านบาท-for-sale-10076879,8900000.0,46842.10526315789,14.0
9716925,,Prawet,"288 Kanchanaphisek Road, Dok Mai, Prawet, Bangkok",13.68129,100.698818,2018.0,4.0,4.0,320.0,unknown,0,https://www.ddproperty.com/en/property/ขาย-the-grand-บางนา-วงแหวน-the-grand-bangna-wongwean-for-sale-9716925,15000000.0,46875.0,8.0
9592856,,Muang Nonthaburi,"Rachapruk Road, Bang Rak Noi, Muang Nonthaburi, Nonthaburi",13.870367792379607,100.45210276575764,2015.0,4.0,4.0,345.0,unknown,0,https://www.ddproperty.com/en/property/บ้านเดี่ยว-แกรนด์-บางกอก-บูเลอวาร์ด-ราชพฤกษ์-รัตนาธิเบศร์-4-ห้องนอน-ขายพร้อมผู้เช่า-grand-bangkok-boulevard-ratchapruek-rattanathibate-house-4-bedrooms-sale-w-tenant-stone170-for-sale-9592856,16200000.0,46956.52173913043,11.0
9994345,,Prawet,"Soi On Nut 65 Yak14, Prawet, Prawet, Bangkok",13.726331570402785,100.68812997313978,2017.0,4.0,3.0,168.0,Partially Furnished,0,https://www.ddproperty.com/en/property/golden-village-onnut-pattanakarn-ความคุ้มค่า-ที่ยากจะปฏิเสธ-for-sale-9994345,7890000.0,46964.28571428572,9.0
8989639,,Wang Thonglang,"Soi Ladprao 126, Lat Phrao Road, Phlapphla, Wang Thonglang, Bangkok",13.768810507465384,100.6275977496681,2016.0,3.0,3.0,170.0,Fully Furnished,0,https://www.ddproperty.com/en/property/ขายด่วน-หลังมุม-ทาวน์โฮม-3-ชั้น-the-connect-ลาดพร้าว-126-พื้นที่-32-8ตร-วา-3ห้องนอน-3ห้องน้ำ-for-sale-8989639,7990000.0,47000.0,10.0
9985608,,Prawet,"Soi On Nut 65 Yak14, Prawet, Prawet, Bangkok",13.726331570402785,100.68812997313978,2017.0,4.0,3.0,168.0,unknown,0,https://www.ddproperty.com/en/property/โกลเด้น-วิลเลจ-อ่อนนุช-พัฒนาการ-พร้อมอยู่-for-sale-9985608,7900000.0,47023.80952380953,9.0
8776224,,Muang Nonthaburi,"Bang Krang, Muang Nonthaburi, Nonthaburi",13.993005,100.319882,2012.0,4.0,4.0,350.0,Fully Furnished,0,https://www.ddproperty.com/en/property/sale-kuun-ratchaphruek-4-bedrooms-id-129225-h-028-350-sqm-for-sale-8776224,16500000.0,47142.857142857145,14.0
9916827,,Khlong Sam Wa,"Phraya Suren Road (Ramintra 109), Bang Chun, Khlong Sam Wa, Bangkok",13.814628,100.699254,2015.0,3.0,3.0,159.0,unknown,0,https://www.ddproperty.com/en/property/for-sale-iconature-ramintra-trh-248-for-sale-9916827,7500000.0,47169.811320754714,11.0
7613873,,Bang Rak,"Silom, Silom, Bang Rak, Bangkok",13.727075,100.53459,2014.0,5.0,5.0,570.0,Fully Furnished,0,https://www.ddproperty.com/en/property/unique-5-bedroom-property-with-its-private-slide-husm23639-for-sale-7613873,27000000.0,47368.42105263158,12.0
9273275,,Phasi Charoen,"Soi Mooban Nanthawan, Bang Waek, Phasi Charoen, Bangkok",13.732161441743862,100.4478087679379,2006.0,3.0,3.0,267.6,Partially Furnished,0,https://www.ddproperty.com/en/property/nantawan-sathorn-ratchaphruk-2-storeys-for-sale-3-bedroom-2-living-room-easy-access-to-silom-sathorn-road-close-to-bts-bang-wa-ref-id-056413-for-sale-9273275,12680000.0,47384.15545590433,20.0
9989648,,Bang Khae,"- Phutthamonthon Sai 2 Road, Bang Kae Nua, Bang Khae, Bangkok",13.710867500000008,100.3962291970888,2013.0,4.0,4.0,179.0,unknown,0,https://www.ddproperty.com/en/property/houses-for-sell-around-the-corner-size-108-sq-wa-4-bedrooms-4-bathrooms-phiman-pinklao-village-adjacent-to-kanchanaphisek-road-near-the-mall-bang-khae-for-sale-9989648,8500000.0,47486.03351955307,13.0
9522859,,Min Buri,"Kheha Rom Klao Road, Min Buri, Min Buri, Bangkok",13.77616450043354,100.73479655628084,2017.0,3.0,3.0,142.0,unknown,0,https://www.ddproperty.com/en/property/ขายบ้านมือสอง-มัณฑนา-ศรีนครินทร์-ร่มเกล้า-สภาพดี-มีห้องนอนชั้นล่าง-for-sale-9522859,6750000.0,47535.211267605635,9.0
8708241,,Bang Plee,"Bang Na-Trat Road, Bangphli Yai, Bang Plee, Samut Prakan",13.6234820224434,100.68654282705302,2019.0,3.0,3.0,168.0,unknown,0,https://www.ddproperty.com/en/property/3-bed-3-bath-168-sqm-areeya-como-primo-bangna-wongwaen-3-for-sale-8708241,7990000.0,47559.52380952381,7.0
8708235,,Bang Plee,"Bang Na-Trat Road, Bangphli Yai, Bang Plee, Samut Prakan",13.6234820224434,100.68654282705302,2019.0,3.0,3.0,168.0,unknown,0,https://www.ddproperty.com/en/property/2-bed-168sqm-areeya-como-primo-bangna-wongwaen-3-for-sale-8708235,7990000.0,47559.52380952381,7.0
9535067,,Muang Nonthaburi,"Ratchapruek Road, Bang Rak Noi, Muang Nonthaburi, Nonthaburi",13.859576,100.455613,2019.0,3.0,3.0,145.0,Partially Furnished,0,https://www.ddproperty.com/en/property/for-sale-baan-perfect-place-ratchapruek-aol-f82-2109004708-for-sale-9535067,6900000.0,47586.206896551725,7.0
9805616,,Prawet,"Kanchanaphisek Road, Dok Mai, Prawet, Bangkok",13.696744709922807,100.70195127698436,2020.0,4.0,5.0,250.0,unknown,0,https://www.ddproperty.com/en/property/ลดหลักล้าน-บ้านเดี่ยว-คาซ่า-แกรนด์-อ่อนนุช-วงแหวน-4-ห้องนอน-ขาย-casa-grand-onnuch-wongwhean-4-bedrooms-for-sale-tp234-for-sale-9805616,11900000.0,47600.0,6.0
9048201,,Bang Plee,"Buanakarin Road, Bang Kaeo, Bang Plee, Samut Prakan",13.635187,100.667482,2018.0,4.0,3.0,195.0,Fully Furnished,0,https://www.ddproperty.com/en/property/sale-with-tenant-centro-bangna-km-7-village-near-mega-bangna-for-sale-9048201,9290000.0,47641.02564102564,8.0
9408687,,Bang Yai,"Bang Kruai - Sai Noi Road, Bang Len, Bang Yai, Nonthaburi",13.857033681983047,100.43648903296732,2018.0,3.0,2.0,136.0,Unfurnished,0,https://www.ddproperty.com/en/property/r2291-grande-pleno-rattanathibet-for-sale-9408687,6490000.0,47720.58823529412,8.0
9408689,,Bang Yai,"Bang Kruai - Sai Noi Road, Bang Len, Bang Yai, Nonthaburi",13.857033681983047,100.43648903296732,2018.0,3.0,2.0,136.0,Partially Furnished,0,https://www.ddproperty.com/en/property/r2291-grande-pleno-rattanathibet-for-sale-9408689,6490000.0,47720.58823529412,8.0
9585335,,Saphan Sung,"Kanchanaphisek Road, Saphan Sung, Saphan Sung, Bangkok",13.738084944461162,100.70370599738558,2014.0,4.0,3.0,207.0,unknown,0,https://www.ddproperty.com/en/property/sale-with-tenants-single-house-life-bangkok-boulevard-wongwaen-rama-9-adjacent-to-kanchanaphisek-road-parallel-road-48-hh-64125-for-sale-9585335,9900000.0,47826.086956521736,12.0
9583437,,Min Buri,"Kheha Rom Klao Road, Min Buri, Min Buri, Bangkok",13.77616450043354,100.73479655628084,2017.0,3.0,3.0,142.0,unknown,0,https://www.ddproperty.com/en/property/bs346-มัณฑนา-ศรีนครินทร์-ร่มเกล้า-บ้านเดี่ยว-โซน-มีนบุรี-ลาดกระบัง-for-sale-9583437,6800000.0,47887.32394366197,9.0
10031899,,Sattahip,"Soi Na Jomtien 8, Sukhumvit Road, Na Chom Thian, Sattahip, Chon Buri",12.852168,100.906602,2000.0,6.0,7.0,616.0,unknown,0,https://www.ddproperty.com/en/property/6-bedroom-house-for-sale-at-very-unique-property-in-jomtien-yacht-club-3-u1059434-for-sale-10031899,29500000.0,47889.61038961039,26.0
9870887,,Don Mueang,"69/4 Soi Pracha-u-tit 4, Pracha-u-tit Road, Si Khan, Don Mueang, Bangkok",13.92481947792836,100.58118504662708,2020.0,3.0,3.0,150.0,unknown,0,https://www.ddproperty.com/en/property/bbs386-sky-ดอนเมือง-สรงประภา-บ้านใหญ่-ใกล้รถไฟฟ้า-ราคาดีม๊ากกกกก-for-sale-9870887,7190000.0,47933.333333333336,6.0
9616577,,Bang Plee,"159 Wat Nam Daeng Road, Bang Kaeo, Bang Plee, Samut Prakan",13.623552580526855,100.64993997065017,2018.0,3.0,3.0,150.0,unknown,0,https://www.ddproperty.com/en/property/มัณฑนา-ศรีนครินทร์-บางนา-for-sale-9616577,7190000.0,47933.333333333336,8.0
9320258,,Bang Bo,"Bang Na-Trat Frontage Road, Bang Bo, Bang Bo, Samut Prakan",13.638493,100.852305,2019.0,3.0,2.0,114.0,unknown,0,https://www.ddproperty.com/en/property/single-house-villaggio-bangna-for-sale-9320258,5490000.0,48157.89473684211,7.0
10038531,,Watthana,"Sukhumvit, Khlongtoei Nua, Watthana, Bangkok",13.738992,100.579118,2014.0,3.0,4.0,560.0,Partially Furnished,0,https://www.ddproperty.com/en/property/บ้านเดี่ยวปลูกสร้างเองถนนบางนาตราด-for-sale-10038531,27000000.0,48214.28571428572,12.0
9667576,,Bang Khen,"Soi Ramintra 14, Tha Rang, Bang Khen, Bangkok",13.848969541342376,100.62453306793954,2017.0,4.0,4.0,350.0,Partially Furnished,0,https://www.ddproperty.com/en/property/ขาย-บ้านเดี่ยว-casa-legend-คาซ่า-เลเจนด์-เกษตร-นวมินทร์-ซอยมัยลาภ-4ห้องนอน-4ห้องน้ำ-ใกล้central-east-ville-for-sale-9667576,16900000.0,48285.71428571428,9.0
9767248,,Bang Khen,"50 Ramintra Road, Tha Rang, Bang Khen, Bangkok",13.851845290282569,100.65612379738695,2017.0,3.0,3.0,183.0,Partially Furnished,0,https://www.ddproperty.com/en/property/ขายด่วนบ้านเดี่ยว-2-ชั้น-หมู่บ้านไลฟ์-บางกอก-บูเลอวาร์ด-รามอินทรา-65-บ้านสวยมาก-สภาพดี-ใกล้รถไฟฟ้า-bts-for-sale-9767248,8850000.0,48360.65573770492,9.0
9968677,,Bang Khen,"50 Ramintra Road, Tha Rang, Bang Khen, Bangkok",13.851845290282569,100.65612379738695,2017.0,3.0,3.0,183.0,unknown,0,https://www.ddproperty.com/en/property/ขาย-บ้านเดี่ยว-ไลฟ์-บางกอก-บูเลอวาร์ด-รามอินทรา-65-183-ตรม-50-3-ตร-วา-for-sale-9968677,8850000.0,48360.65573770492,9.0
9736157,,Bang Khen,"50 Ramintra Road, Tha Rang, Bang Khen, Bangkok",13.851845290282569,100.65612379738695,2017.0,3.0,3.0,183.0,unknown,0,https://www.ddproperty.com/en/property/ae64214-house-for-sale-life-bangkok-boulevard-ramintra-area-built-in-for-sale-9736157,8850000.0,48360.65573770492,9.0
9061163,,Bang Plee,"159 Wat Nam Daeng Road, Bang Kaeo, Bang Plee, Samut Prakan",13.623552580526855,100.64993997065017,2018.0,4.0,3.0,184.0,unknown,0,https://www.ddproperty.com/en/property/house-for-sale-at-mantana-srinakarin-bangna-village-listing-no-yt01-754-for-sale-9061163,8900000.0,48369.565217391304,8.0
10048530,,Sai Mai,"Vacharaphol Road, Khlong Tanon, Sai Mai, Bangkok",13.893898,100.639518,2012.0,4.0,5.0,248.0,Fully Furnished,0,https://www.ddproperty.com/en/property/ลัดดารมย์-วัชรพล-รัตนโกสินทร์-บ้านหรูสไตล์ทิวดอร์-ความสมบูรณ์แบบที่จะเปลี่ยนทุกไลฟ์สไตล์ของคุณให้กลับคืนสู่สมดุลของการใช้ชีวิต-for-sale-10048530,12000000.0,48387.096774193546,14.0
10076614,,Sai Mai,"Vacharaphol Road, Khlong Tanon, Sai Mai, Bangkok",13.893898,100.639518,2012.0,4.0,5.0,248.0,Unfurnished,0,https://www.ddproperty.com/en/property/single-house-for-sale-large-house-4-bedrooms-5-bathrooms-usable-area-248-sq-m-laddarom-village-watcharaphon-rattanakosin-near-fashion-island-for-sale-10076614,12000000.0,48387.096774193546,14.0
9815397,,Bang Khun Thian,"Rama II Rd., Tha Kham, Bang Khun Thian, Bangkok",13.615959,100.43711,2013.0,3.0,3.0,129.0,unknown,0,https://www.ddproperty.com/en/property/3-นอน-3-น้ำ-บ้านเดี่ยว-หมู่บ้านคาซ่า-เพรสโต้-พระราม-2-ขายบ้านมือสองหลุดจำนอง-ขายตามสภาพ-for-sale-9815397,6250000.0,48449.61240310078,13.0
8721496,,Khlong Sam Wa,"521 Hathairat Road, Sam Wa Tawan Tok, Khlong Sam Wa, Bangkok",13.910714,100.7215,2014.0,3.0,3.0,164.0,unknown,0,https://www.ddproperty.com/en/property/ขายบ้านเดี่ยว-2-ชั้น-หมู่บ้านพฤกษ์ลดา-วงแหวน-หทัยราษฎร์-หลังมุม-ใกล้ทางด่วนรามอินทรา-ด่านจตุโชติ-for-sale-8721496,7950000.0,48475.60975609756,12.0
9728530,,Bang Plee,"Soi Kanchanaphisek 39, Kanchanaphisek Road, Rachathewa, Bang Plee, Samut Prakan",13.683994606075249,100.71235504662708,2020.0,3.0,3.0,134.0,Fully Furnished,0,https://www.ddproperty.com/en/property/r2474-ขายบ้านเดี่ยวบุราสิริ-วงแหวนอ่อนนุชแบบ-oval-เนื้อที่-54-ตรว-for-sale-9728530,6500000.0,48507.46268656717,6.0
9728537,,Bang Plee,"Soi Kanchanaphisek 39, Kanchanaphisek Road, Rachathewa, Bang Plee, Samut Prakan",13.683994606075249,100.71235504662708,2020.0,3.0,3.0,134.0,Fully Furnished,0,https://www.ddproperty.com/en/property/r2474-ขายบ้านเดี่ยวบุราสิริ-วงแหวนอ่อนนุชบ้านใหม่-แบบ-oval-for-sale-9728537,6500000.0,48507.46268656717,6.0
9691695,,Khlong Sam Wa,"Phraya Suren Road (Ramintra 109), Bang Chun, Khlong Sam Wa, Bangkok",13.814628,100.699254,2015.0,4.0,4.0,204.0,unknown,0,https://www.ddproperty.com/en/property/for-sale-อิคอนเนเจอร์รามอินทรา-iconature-ramintra-trh-139-for-sale-9691695,9900000.0,48529.41176470588,11.0
9734865,,Khlong Sam Wa,"Phraya Suren Road (Ramintra 109), Bang Chun, Khlong Sam Wa, Bangkok",13.814628,100.699254,2015.0,4.0,4.0,204.0,unknown,0,https://www.ddproperty.com/en/property/ขายบ้านเดี่ยว-2-ชั้น-หมู่บ้าน-อิคอนเนเจอร์-รามอินทรา-109-for-sale-9734865,9900000.0,48529.41176470588,11.0
10060984,,Phasi Charoen,"Bang Waek Road, Bang Waek, Phasi Charoen, Bangkok",13.73710559775776,100.43998304320056,2012.0,4.0,3.0,245.0,Fully Furnished,0,https://www.ddproperty.com/en/property/ขาย-บ้านเดี่ยว-ไลฟ์-บางกอก-บูเลอวาร์ด-ราชพฤกษ์-จรัญฯ-for-sale-10060984,11900000.0,48571.42857142857,14.0
10078929,,Phasi Charoen,"Bang Waek Road, Bang Waek, Phasi Charoen, Bangkok",13.73710559775776,100.43998304320056,2012.0,4.0,3.0,245.0,Fully Furnished,0,https://www.ddproperty.com/en/property/ขายถูกมาก-บ้านเดี่ยว-ไลฟ์-บางกอก-บูเลอวาร์ด-ราชพฤกษ์-จรัญฯ-for-sale-10078929,11900000.0,48571.42857142857,14.0
9857642,,Prawet,"Kanchanaphisek Road, Dok Mai, Prawet, Bangkok",13.696744709922807,100.70195127698436,2020.0,4.0,5.0,280.0,unknown,0,https://www.ddproperty.com/en/property/บ้านเดี่ยว-คาซ่า-แกรนด์-อ่อนนุช-วงแหวน-4-ห้องนอน-ขาย-casa-grand-onnuch-wongwhean-house-4-bedrooms-for-sale-tp253-for-sale-9857642,13600000.0,48571.42857142857,6.0
9968899,,Bang Khen,"50 Ramintra Road, Tha Rang, Bang Khen, Bangkok",13.851845290282569,100.65612379738695,2017.0,3.0,3.0,183.0,unknown,0,https://www.ddproperty.com/en/property/ขาย-บ้านเดี่ยว-ไลฟ์-บางกอก-บูเลอวาร์ด-รามอินทรา-65-183-ตรม-50-3-ตร-วา-for-sale-9968899,8900000.0,48633.879781420765,9.0
9993369,,Bang Khen,"50 Ramintra Road, Tha Rang, Bang Khen, Bangkok",13.851845290282569,100.65612379738695,2017.0,3.0,3.0,183.0,Partially Furnished,0,https://www.ddproperty.com/en/property/life-bangkok-boulevard-คุณภาพชีวิตที่คุณเลือกได้-for-sale-9993369,8900000.0,48633.879781420765,9.0
9862865,,Bang Khen,"50 Ramintra Road, Tha Rang, Bang Khen, Bangkok",13.851845290282569,100.65612379738695,2017.0,3.0,3.0,183.0,unknown,0,https://www.ddproperty.com/en/property/r112-67-ขาย-บ้านเดี่ยว-2-ชั้น-183-ตรม-โครงการ-ไลฟ์-บางกอก-บูเลอวาร์ด-รามอินทรา-65-for-sale-9862865,8900000.0,48633.879781420765,9.0
9816200,,Bang Khen,"50 Ramintra Road, Tha Rang, Bang Khen, Bangkok",13.851845290282569,100.65612379738695,2017.0,3.0,3.0,183.0,Fully Furnished,0,https://www.ddproperty.com/en/property/for-sale-best-price-life-bangkok-boulevard-ramintra-65-for-sale-9816200,8900000.0,48633.879781420765,9.0
10014826,,Bang Khen,"50 Ramintra Road, Tha Rang, Bang Khen, Bangkok",13.851845290282569,100.65612379738695,2017.0,3.0,3.0,183.0,Partially Furnished,0,https://www.ddproperty.com/en/property/ขาย-บ้านเดี่ยว-life-bangkok-boulevard-รามอินทรา65-3-นอน-3-น้ำ-พื้นที่ใช้สอย-183-ตรม-for-sale-10014826,8900000.0,48633.879781420765,9.0
9863148,,Bang Khen,"50 Ramintra Road, Tha Rang, Bang Khen, Bangkok",13.851845290282569,100.65612379738695,2017.0,3.0,3.0,183.0,Fully Furnished,0,https://www.ddproperty.com/en/property/ขายด่วน-บ้าน-ไลฟ์-บางกอก-บูเลอวาร์ด-รามอินทรา-65-life-bangkok-boulevard-ramintra-65-for-sale-9863148,8900000.0,48633.879781420765,9.0
10029944,,Bang Plee,"Lat Krabang Road, Rachathewa, Bang Plee, Samut Prakan",13.714717,100.7251718,2018.0,3.0,3.0,195.0,Fully Furnished,0,https://www.ddproperty.com/en/property/3-bedroom-house-for-sale-at-perfect-place-sukhumvit-77-suvarnabhumi-u150503-for-sale-10029944,9500000.0,48717.94871794872,8.0
7613904,,Muang Phuket,"ซอยสวนวัด ตำบลราไวย์ อำเภอเมือง ภูเก็ต, Rawai, Muang Phuket, Phuket",7.779959,98.314715,2015.0,6.0,7.0,780.0,Fully Furnished,0,https://www.ddproperty.com/en/property/rawai-sea-view-villa-for-sale-hhkt26276-for-sale-7613904,38000000.0,48717.94871794872,11.0
10080202,,Saphan Sung,"Kanchanaphisek Road, Saphan Sung, Saphan Sung, Bangkok",13.757965316772973,100.7028652883606,2020.0,3.0,3.0,163.0,unknown,0,https://www.ddproperty.com/en/property/house-for-sale-in-venue-rama-9-project-east-kanchanaphisek-road-saphan-sung-thap-chang-52-hh-65045-for-sale-10080202,7950000.0,48773.00613496933,6.0
9860671,,Don Mueang,"69/4 Soi Pracha-u-tit 4, Pracha-u-tit Road, Si Khan, Don Mueang, Bangkok",13.92481947792836,100.58118504662708,2020.0,3.0,3.0,172.0,Fully Furnished,0,https://www.ddproperty.com/en/property/tel-098-1399959-บ้านเดี่ยว-2-ชั้น-หมู่บ้านสกาย-ดอนเมือง-ถนนสรงประภา-ใกล้สนามบินดอนเมือง-52-ตร-วา-3-ห้องนอน-3-ห้องน้ำ-ตกแต่งครบ-for-sale-9860671,8390000.0,48779.06976744186,6.0
8162181,,Bang Kapi,"Soi Krungthep Kreetha 7, Hua Mak, Bang Kapi, Bangkok",13.751984376046398,100.65666944712098,2007.0,6.0,6.0,450.0,Fully Furnished,0,https://www.ddproperty.com/en/property/ลดหลายล้าน-บ้านเดี่ยวกรองทอง-สวนหลวง-เนื้อที่-193-ใกล้สวนหลวง-ร9-รหัสss0263-for-sale-8162181,22000000.0,48888.88888888889,19.0
7613819,,Bang Rak,"Silom, Silom, Bang Rak, Bangkok",13.727075,100.53459,2014.0,3.0,3.0,190.0,Fully Furnished,0,https://www.ddproperty.com/en/property/new-3-bedroom-pool-villa-with-sea-view-in-maenam-husm25266-for-sale-7613819,9300000.0,48947.36842105263,12.0
9982365,,Nong Khaem,"Machareon Road, Nong Kang Plu, Nong Khaem, Bangkok",13.702222,100.341833,2020.0,4.0,4.0,208.0,unknown,0,https://www.ddproperty.com/en/property/ขาย-บ้านเดี่ยว-แกรนดิโอ-เพชรเกษม-81-208-ตรม-61-ตร-วา-for-sale-9982365,10200000.0,49038.46153846154,6.0
9974486,,Muang Nonthaburi,"Bang Kruai-Sai Noi Road, Bang Krang, Muang Nonthaburi, Nonthaburi",13.843736088137362,100.44131831517724,2020.0,3.0,5.0,175.0,unknown,0,https://www.ddproperty.com/en/property/ขายบ้านเดี่ยว-3-ชั้นหลังริม-คาซ่า-พรีเมี่ยม-ราชพฤกษ์-พระราม-5-ถนนบางกรวย-ไทรน้อย-for-sale-9974486,8600000.0,49142.857142857145,6.0
9254942,,Phasi Charoen,"Soi Mooban Nanthawan, Bang Waek, Phasi Charoen, Bangkok",13.732161441743862,100.4478087679379,2006.0,3.0,3.0,250.0,Partially Furnished,0,https://www.ddproperty.com/en/property/house-for-sale-nantawan-sathorn-ratchapruek-from-land-house-project-on-the-main-road-near-bts-bang-wa-48-hh-64091-for-sale-9254942,12300000.0,49200.0,20.0
10056458,,Khan Na Yao,"Ramintra Road, Khan Na Yao, Khan Na Yao, Bangkok",13.813243,100.692297,2016.0,3.0,3.0,140.0,unknown,0,https://www.ddproperty.com/en/property/ขายบ้านแฝด-2-ชั้น-สไตล์บ้านเดี่ยว-หมู่บ้าน-ไลฟ์-บางกอก-บูเลอวาร์ด-รามอินทรา-ถนนรามอินทรา-หลังมุม-for-sale-10056458,6900000.0,49285.71428571428,10.0
10031641,,Muang Phuket,"22/1 Thepkrasatti, Ko Kaeo, Muang Phuket, Phuket",7.964698,98.385007,2012.0,3.0,2.0,284.0,Partially Furnished,0,https://www.ddproperty.com/en/property/3-bedroom-house-for-sale-at-boat-lagoon-u1056212-for-sale-10031641,14000000.0,49295.77464788732,14.0
9072170,,Bang Plee,"Buanakarin Road, Bang Kaeo, Bang Plee, Samut Prakan",13.635187,100.667482,2018.0,4.0,3.0,175.0,Partially Furnished,0,https://www.ddproperty.com/en/property/ขายด่วน-centro-บางนา-กม-7-บ้านเดี่ยว-2-ชั้น-ในซอยราชวินิตบางแก้ว-for-sale-9072170,8650000.0,49428.57142857143,8.0
9977020,,Khlong Sam Wa,"Phraya Suren Road (Ramintra 109), Bang Chun, Khlong Sam Wa, Bangkok",13.814628,100.699254,2015.0,3.0,2.0,180.0,unknown,0,https://www.ddproperty.com/en/property/pbs367-house-for-sale-iconature-ramintra-for-sale-9977020,8900000.0,49444.444444444445,11.0
9044946,,Khlong Sam Wa,"Phraya Suren Road (Ramintra 109), Bang Chun, Khlong Sam Wa, Bangkok",13.814628,100.699254,2015.0,4.0,3.0,180.0,unknown,0,https://www.ddproperty.com/en/property/ขายด่วนบ้านเดี่ยว-2-ชั้น-หมู่บ้านปริญสิริ-อิคอนเนเจอร์-รามอินทรา-หลังมุม-สภาพสวยมากพร้อมเข้าอยู่-for-sale-9044946,8900000.0,49444.444444444445,11.0
10053559,,Khlong Sam Wa,"Phraya Suren Road (Ramintra 109), Bang Chun, Khlong Sam Wa, Bangkok",13.814628,100.699254,2015.0,3.0,2.0,180.0,unknown,0,https://www.ddproperty.com/en/property/pbs367-house-for-sale-iconature-ramintra-for-sale-10053559,8900000.0,49444.444444444445,11.0
9787365,,Khlong Sam Wa,"Phraya Suren Road (Ramintra 109), Bang Chun, Khlong Sam Wa, Bangkok",13.814628,100.699254,2015.0,3.0,2.0,180.0,unknown,0,https://www.ddproperty.com/en/property/bs367-อิคอน-เนเจอร์-รามอินทรา-ถนนพระยาสุเรนทร์-ถนนรามอินทรา-109-เขตคลองสามวา-กรุงเทพ-for-sale-9787365,8900000.0,49444.444444444445,11.0
9691533,,Khlong Sam Wa,"Phraya Suren Road (Ramintra 109), Bang Chun, Khlong Sam Wa, Bangkok",13.814628,100.699254,2015.0,3.0,2.0,180.0,unknown,0,https://www.ddproperty.com/en/property/for-sale-iconature-ramintra-trh-135-for-sale-9691533,8900000.0,49444.444444444445,11.0
9685026,,Bang Plee,"Buanakarin Road, Bang Kaeo, Bang Plee, Samut Prakan",13.635187,100.667482,2018.0,4.0,3.0,200.0,unknown,0,https://www.ddproperty.com/en/property/ขาย-บ้านเดี่ยว-2-ชั้น-centro-บางนา-กม7-พื้นที่-52ตรวา-4ห้องนอน-3ห้องน้ำ-for-sale-9685026,9900000.0,49500.0,8.0
9668051,,Nong Khaem,"101 Phutthamonthon Sai 3 Road, Nong Kang Plu, Nong Khaem, Bangkok",13.712050099947929,100.36418054209692,2016.0,4.0,3.0,226.0,Unfurnished,0,https://www.ddproperty.com/en/property/house-for-sale-behind-the-corner-serene-petchkasem-village-zerene-petchkasem-near-sarasas-thonburi-school-assumption-thonburi-denla-for-sale-9668051,11200000.0,49557.5221238938,10.0
9646434,,Bang Plee,"Lat Krabang Road, Rachathewa, Bang Plee, Samut Prakan",13.714717,100.7251718,2018.0,3.0,3.0,151.0,Partially Furnished,0,https://www.ddproperty.com/en/property/ขายบ้านเดี่ยว-เพอร์เฟค-เพลส-สุขุมวิท-77-perfect-place-sukhumvit-77-for-sale-9646434,7490000.0,49602.649006622516,8.0
9840899,,Bang Lamung,"1 หาดจอมเทียน, Nong Pru, Bang Lamung, Chon Buri",12.8802412,100.8826325,2012.0,3.0,3.0,300.0,Fully Furnished,0,https://www.ddproperty.com/en/property/sale-jomtien-house-with-private-pool-for-sale-3-bedrooms-ref-5777s-428-sqm-for-sale-9840899,14900000.0,49666.666666666664,14.0
10053678,,Bang Plee,"Lat Krabang Road, Rachathewa, Bang Plee, Samut Prakan",13.714717,100.7251718,2018.0,3.0,3.0,151.0,unknown,0,https://www.ddproperty.com/en/property/pbs358-house-for-sale-perfect-place-sukhumvit-77-suvannabhumi-for-sale-10053678,7500000.0,49668.87417218543,8.0
9992187,,Bang Plee,"Lat Krabang Road, Rachathewa, Bang Plee, Samut Prakan",13.714717,100.7251718,2018.0,3.0,3.0,151.0,unknown,0,https://www.ddproperty.com/en/property/pbs358-house-for-sale-perfect-place-sukhumvit-77-suvannabhumi-for-sale-9992187,7500000.0,49668.87417218543,8.0
9780236,,Bang Plee,"Lat Krabang Road, Rachathewa, Bang Plee, Samut Prakan",13.714717,100.7251718,2018.0,3.0,3.0,151.0,unknown,0,https://www.ddproperty.com/en/property/ด่วน-แถมฟรี-4-รายการ-ขายบ้านเดี่ยว-2-ชั้น-เพอร์เฟค-เพลส-สุขุมวิท-77-perfect-place-sukhumvit-77-for-sale-9780236,7500000.0,49668.87417218543,8.0
9553013,,Bang Khen,"Sukhaphiban 5 Road, Tha Rang, Bang Khen, Bangkok",13.875522592236196,100.65151012683518,2018.0,8.0,6.0,400.0,Fully Furnished,0,https://www.ddproperty.com/en/property/บ้านเดี่ยวหลังใหญ่-บ้านหลังเล็ก-ในพื้นที่เดียวกัน-วัชรพล-ติดทางด่วน-for-sale-9553013,19900000.0,49750.0,8.0
8792615,,Sai Mai,"Vacharaphol Road, Khlong Tanon, Sai Mai, Bangkok",13.893898,100.639518,2012.0,4.0,4.0,330.0,Partially Furnished,0,https://www.ddproperty.com/en/property/house-for-sale-laddarom-watcharaphon-rattanakosin-aol-f81-2105003886-for-sale-8792615,16490000.0,49969.69696969697,14.0
9407329,,Muang Nonthaburi,"Ratchaphruek Road, Bang Krang, Muang Nonthaburi, Nonthaburi",13.844063957078385,100.44861282209013,2016.0,3.0,4.0,200.0,Partially Furnished,0,https://www.ddproperty.com/en/property/ขาย-บ้านเดี่ยว-bangkok-boulevard-ราชพฤกษ์-พระราม5-ขนาด-94-ตรว-3-นอน-4-น้ำ-1-เรือนรับรอง-หลังมุม-ตกแต่งพร้อมเข้าอยู่-for-sale-9407329,10000000.0,50000.0,10.0
10002536,,Muang Phuket,"Thai Highway-4030 Road, Rawai, Muang Phuket, Phuket",7.769664,98.308717,2021.0,3.0,3.0,200.0,Fully Furnished,0,https://www.ddproperty.com/en/property/3-1-bedrooms-pool-villa-for-sale-in-phuket-hhkt28360-for-sale-10002536,10000000.0,50000.0,5.0
8480848,,Muang Nonthaburi,"Rachapruk Road, Bang Rak Noi, Muang Nonthaburi, Nonthaburi",13.870367792379607,100.45210276575764,2015.0,3.0,4.0,200.0,unknown,0,https://www.ddproperty.com/en/property/ขายบ้านเดี่ยว-grand-bangkok-boulevard-ratchapruek-rama5-รหัสtn0005-for-sale-8480848,10000000.0,50000.0,11.0
9983019,,Saphan Sung,"Kanchanaphisek Road 23, Saphan Sung, Saphan Sung, Bangkok",13.751485,100.702039,2018.0,4.0,4.0,218.0,unknown,0,https://www.ddproperty.com/en/property/ให้แจ้งรหัส-xm65-710-ทาวน์โฮม-บ้านกลางเมือง-เดอะ-อิดิชัน-พระราม-9-กรุงเทพกรีฑา-แบบ-4ห้องนอน-4ห้องน้ำ-218-ตร-ม-3ชั้น-ขาย-10-900-000-บาท-หากไม่รับสาย-ให้แอดไลน์-0962215326-คุณ-ไข่เจียว-for-sale-9983019,10900000.0,50000.0,8.0
9615441,,Bang Plee,"Buanakarin Road, Bang Kaeo, Bang Plee, Samut Prakan",13.635187,100.667482,2018.0,3.0,3.0,250.0,Partially Furnished,0,https://www.ddproperty.com/en/property/for-sale-detached-house-centro-bangna-km7-pst-eve333-for-sale-9615441,12500000.0,50000.0,8.0
9864254,,Bang Kruai,"Ratchaphruek Road, Mahasawat, Bang Kruai, Nonthaburi",13.81120416435241,100.44910407625358,2005.0,1.0,2.0,150.0,Unfurnished,0,https://www.ddproperty.com/en/property/yog-pres649-ขายบ้านเดี่ยว-สีวลี-ปิ่นเกล้า-สาทร-sivalee-pinklao-sathorn-for-sale-9864254,7500000.0,50000.0,21.0
9865533,,Bang Kruai,"Ratchaphruek Road, Mahasawat, Bang Kruai, Nonthaburi",13.81120416435241,100.44910407625358,2005.0,1.0,2.0,150.0,unknown,0,https://www.ddproperty.com/en/property/yog-pres649-ขายบ้านเดี่ยว-สีวลี-ปิ่นเกล้า-สาทร-sivalee-pinklao-sathor-for-sale-9865533,7500000.0,50000.0,21.0
9979068,,Bang Plee,"Lat Krabang Road, Rachathewa, Bang Plee, Samut Prakan",13.714717,100.7251718,2018.0,4.0,4.0,178.0,Unfurnished,0,https://www.ddproperty.com/en/property/tc-0767-ขายบ้านเดี่ยว-เพอร์เฟคเพลส-สุขุมวิท77-สุวรรณภูมิ-เฟส-8-บ้านใหม่ไม่เคยอยู่-for-sale-9979068,8900000.0,50000.0,8.0
8781003,,Bang Plee,"Bang Na-Trat Road, Bangphli Yai, Bang Plee, Samut Prakan",13.6234820224434,100.68654282705302,2019.0,3.0,3.0,160.0,Unfurnished,0,https://www.ddproperty.com/en/property/บ้านเดี่ยวหรู-บางนา-como-bianca-ซ-มหาชัย-63ตร-วา-แปลงมุมติดสวน-3นอน3น้ำ-บ้านใหม่ยังไม่เคยเข้าพัก-8mb-ด่วน-for-sale-8781003,8000000.0,50000.0,7.0
9614206,,Bang Plee,"Buanakarin Road, Bang Kaeo, Bang Plee, Samut Prakan",13.635187,100.667482,2018.0,3.0,3.0,250.0,unknown,0,https://www.ddproperty.com/en/property/detached-house-centro-bangna-km7-บ้านเดี่ยวหมู่บ้านเซนโทรบางนา-กม-7-sps-gh1368-for-sale-9614206,12500000.0,50000.0,8.0
9731242,,Bang Plee,"159 Wat Nam Daeng Road, Bang Kaeo, Bang Plee, Samut Prakan",13.623552580526855,100.64993997065017,2018.0,4.0,3.0,184.0,Fully Furnished,0,https://www.ddproperty.com/en/property/kn-0528-ขายด่วน-มัณฑนา-ศรีนครินทร์-บางนา-บ้านสวย-ทำเลดี-ใกล้แหล่งอำนวยความสะดวกหลากหลาย-for-sale-9731242,9200000.0,50000.0,8.0
10053447,,Min Buri,"103 Ramkhamhaeng Road, Min Buri, Min Buri, Bangkok",13.805766,100.726511,2012.0,4.0,3.0,178.0,unknown,0,https://www.ddproperty.com/en/property/หมู่บ้านพาร์คเวย์-ชาเล่ต์-หลังมุม-รามคำแหง190-1-for-sale-10053447,8900000.0,50000.0,14.0
10029383,,Bang Lamung,"Entrance Road, Huai Yai, Bang Lamung, Chon Buri",12.8099,100.938777,2013.0,6.0,5.0,390.0,Fully Furnished,0,https://www.ddproperty.com/en/property/6-bedroom-house-for-sale-at-baan-dusit-pattaya-lake-2-u32488-for-sale-10029383,19500000.0,50000.0,13.0
8520650,,Pak Kret,"54/317 Ratchapruek Road, Khlong Khoi, Pak Kret, Nonthaburi",13.947886,100.457968,2020.0,3.0,3.0,190.0,Partially Furnished,0,https://www.ddproperty.com/en/property/urgent-sale-house-project-burasiri-ratchaphruek-345-for-sale-8520650,9500000.0,50000.0,6.0
8721203,,Bang Plee,"Bang Phli-Tamru Road, Bangphli Yai, Bang Plee, Samut Prakan",13.587061,100.701899,2003.0,3.0,3.0,200.0,unknown,0,https://www.ddproperty.com/en/property/วรารมย์-บางพลี-ตำหรุ-เฟอร์นิเจอร์ของแถมครบ-for-sale-8721203,10000000.0,50000.0,23.0
9318803,,Prawet,"Kanchanaphisek Road, Dok Mai, Prawet, Bangkok",13.690834,100.698748,2017.0,4.0,3.0,200.0,Fully Furnished,0,https://www.ddproperty.com/en/property/ขายบ้านเดี่ยว-2-ชั้น-คาซ่าพรีเมี่ยม-อ่อนนุช-วงแหวน-ต่อเติมพร้อมอยู่-for-sale-9318803,10000000.0,50000.0,9.0
9760427,,Chatuchak,"Ratchadaphisek Road, Chan Kasem, Chatuchak, Bangkok",13.81443776209232,100.5881881137097,2010.0,2.0,2.0,66.0,unknown,0,https://www.ddproperty.com/en/property/ขาย-ศุภาลัย-วิลล์-รัชดา-32-supalai-ville-ratchada-32-ขนาด-16-5-ตร-ว-ใกล้-mrt-ลาดพร้าว-for-sale-9760427,3300000.0,50000.0,16.0
10046310,,Bang Khen,"Soi Ramintra 14, Tha Rang, Bang Khen, Bangkok",13.848969541342376,100.62453306793954,2017.0,3.0,4.0,250.0,unknown,0,https://www.ddproperty.com/en/property/house-for-sale-casa-legend-kaset-nawamin-3-bedrooms-for-sale-10046310,12500000.0,50000.0,9.0
9117744,,Kathu,"ถนน เทพกระษัตรี, Kammala, Kathu, Phuket",8.0902854,98.3401364,2014.0,2.0,4.0,170.0,Fully Furnished,0,https://www.ddproperty.com/en/property/2-bedroom-house-for-sale-at-laguna-park-u1016040-for-sale-9117744,8500000.0,50000.0,12.0
9769957,,Prawet,"6 Chalermphrakiat Ror 9, Nong Bon, Prawet, Bangkok",13.674490659725,100.65322799528,2013.0,5.0,5.0,880.0,unknown,0,https://www.ddproperty.com/en/property/sale-laddawan-sukhumvit-103-5-bedroom-house-in-bang-na-5-bedrooms-id-161026-h-158-880-sqm-for-sale-9769957,44100000.0,50113.63636363636,13.0
9198457,,Prawet,"Kanchanaphisek Road, Dok Mai, Prawet, Bangkok",13.696744709922807,100.70195127698436,2020.0,3.0,4.0,235.0,Fully Furnished,0,https://www.ddproperty.com/en/property/kn-0373-ขายด่วน-คาซ่า-แกรนด์-อ่อนนุช-วงแหวน-เฟอร์นิเจอร์และเครื่องใช้ไฟฟ้าครบ-พร้อมอยู่-for-sale-9198457,11800000.0,50212.765957446805,6.0
9959816,,Sai Mai,"Phoemsin Road, Khlong Tanon, Sai Mai, Bangkok",13.900194330868018,100.6348961943462,2017.0,3.0,3.0,185.0,Unfurnished,0,https://www.ddproperty.com/en/property/house-for-sale-modern-minimal-noble-gable-watcharaphon-sai-mai-district-70-sqw-behind-the-corner-great-location-for-sale-9959816,9290000.0,50216.21621621621,9.0
10029365,,Bang Lamung,"Sukhumvit Road, Poong, Bang Lamung, Chon Buri",12.936476877735188,100.9848973055098,2014.0,3.0,3.0,229.0,Fully Furnished,0,https://www.ddproperty.com/en/property/3-bedroom-villa-for-sale-at-the-vineyard-phase-3-u30504-for-sale-10029365,11500000.0,50218.34061135371,12.0
10071385,,Bang Lamung,"Entrance Road, Huai Yai, Bang Lamung, Chon Buri",12.8099,100.938777,2013.0,3.0,2.0,199.0,Fully Furnished,0,https://www.ddproperty.com/en/property/are-you-looking-for-a-luxury-pool-villa-this-house-is-your-best-choice-for-sale-10071385,10000000.0,50251.25628140703,13.0
8821426,,Bang Plee,"Buanakarin Road, Bang Kaeo, Bang Plee, Samut Prakan",13.635187,100.667482,2018.0,4.0,3.0,175.0,unknown,0,https://www.ddproperty.com/en/property/ประกาศ-ขายบ้านเดี่ยว-หมู่บ้าน-centro-บางนา-กม-7-for-sale-8821426,8800000.0,50285.71428571428,8.0
8824608,,Bang Plee,"Buanakarin Road, Bang Kaeo, Bang Plee, Samut Prakan",13.635187,100.667482,2018.0,4.0,3.0,175.0,Unfurnished,0,https://www.ddproperty.com/en/property/detached-house-centro-bangna-km7-เซนโทรบางนา-กม7-sps-gh1001-for-sale-8824608,8800000.0,50285.71428571428,8.0
9784306,,Prawet,"Kanchanaphisek Road, Dok Mai, Prawet, Bangkok",13.690834,100.698748,2017.0,4.0,3.0,167.0,Fully Furnished,0,https://www.ddproperty.com/en/property/for-sale-single-house-modern-resort-style-2-storeys-casa-premium-on-nut-wongwaen-for-sale-9784306,8400000.0,50299.40119760479,9.0
10031159,,Prawet,"Kanchanaphisek Road, Dok Mai, Prawet, Bangkok",13.690834,100.698748,2017.0,4.0,3.0,167.0,Partially Furnished,0,https://www.ddproperty.com/en/property/4-bedroom-house-for-sale-at-casa-premium-wongwaen-onnut-u1046280-for-sale-10031159,8400000.0,50299.40119760479,9.0
9851528,,Don Mueang,"69/4 Soi Pracha-u-tit 4, Pracha-u-tit Road, Si Khan, Don Mueang, Bangkok",13.92481947792836,100.58118504662708,2020.0,3.0,3.0,150.0,Partially Furnished,0,https://www.ddproperty.com/en/property/r2574-ขายบ้านด่วน-sky-ดอนเมือง-สรงประภา-for-sale-9851528,7590000.0,50600.0,6.0
9862268,,Don Mueang,"69/4 Soi Pracha-u-tit 4, Pracha-u-tit Road, Si Khan, Don Mueang, Bangkok",13.92481947792836,100.58118504662708,2020.0,3.0,3.0,150.0,unknown,0,https://www.ddproperty.com/en/property/ae65023-house-for-sale-urgently-very-good-condition-sky-don-mueang-son-for-sale-9862268,7590000.0,50600.0,6.0
9713481,,Muang Nonthaburi,"Ratchaphruek Road, Bang Krang, Muang Nonthaburi, Nonthaburi",13.844063957078385,100.44861282209013,2016.0,4.0,4.0,235.0,Fully Furnished,0,https://www.ddproperty.com/en/property/ขาย-บ้านเดี่ยว-ม-บางกอก-บูเลอวาร์ด-ราชพฤกษ์-พระราม-5-2-bangkok-boulevard-ratchapruek-rama-5-ทำเลดี-ติดถนนราชพฤกษ์-ใกล้วงเวียนพระราม-5-for-sale-9713481,11900000.0,50638.29787234042,10.0
9393963,,Don Mueang,"Songprapa Road, Si Khan, Don Mueang, Bangkok",13.937786116274308,100.5805871566416,2018.0,3.0,3.0,156.0,unknown,0,https://www.ddproperty.com/en/property/r059-382-ขายถูก-บ้านเดียว-คาซ่า-casa-ville-ดอนเมืองดอนเมือง-สรงประภา-หลังมุม-ทิศเหนือ-ใกล้สนามบินดอนเมือง-และ-รถไฟฟ้าสายสีแดง-บ้านใหม่มาก-แถบไม่ได้อยู่-เนื้อที่-50-ตรม-ห้องนอน-3-ห้องน้ำ-3-for-sale-9393963,7900000.0,50641.02564102564,8.0
8969471,,Bang Plee,"Buanakarin Road, Bang Kaeo, Bang Plee, Samut Prakan",13.635187,100.667482,2018.0,4.0,3.0,175.0,unknown,0,https://www.ddproperty.com/en/property/bs281-บ้านมือสอง-ไม่เคยเข้าอยู่-บ้านเดี่ยว-centro-บางนา-กม-7-ใกล้เมกะบางนา-ซอยราชวินิตบางแก้ว-for-sale-8969471,8900000.0,50857.142857142855,8.0
8840027,,Bang Plee,"Buanakarin Road, Bang Kaeo, Bang Plee, Samut Prakan",13.635187,100.667482,2018.0,4.0,3.0,175.0,unknown,0,https://www.ddproperty.com/en/property/ขายบ้านเดี่ยว-หมู่บ้าน-centro-บางนา-กม-7-ใกล้เมกาบางนา-for-sale-8840027,8900000.0,50857.142857142855,8.0
8931450,,Prawet,"Kanchanaphisek Road, Dok Mai, Prawet, Bangkok",13.696744709922807,100.70195127698436,2020.0,4.0,5.0,253.00000000000003,Unfurnished,0,https://www.ddproperty.com/en/property/ขายบ้านเดี่ยว-คาซ่าแกรนด์-อ่อนนุช-วงแหวน-บ้านสวย-สภาพดีเหมือนใหม่-ยังไม่เคยเข้าอยู่-casa-grand-onnuch-wongwhaen-pst-eve014-for-sale-8931450,12900000.0,50988.14229249011,6.0
8283953,,Muang Samut Sakhon,"Rama 2 Road, Bang Nam Chut, Muang Samut Sakhon, Samut Sakhon",13.598819,100.367149,2018.0,4.0,3.0,390.0,unknown,0,https://www.ddproperty.com/en/property/bs161-ขาย-บ้านเดี่ยว-เดอะแกรนด์-พระราม-2-the-grand-rama-2-เป็นบ้านเดี่ยวขนาดใหญ่-ใกล้-เซ็นทรัลพระราม-2-บนทำเลติดถนนพระราม-2-for-sale-8283953,19900000.0,51025.64102564102,8.0
8776621,,Phra Khanong,"Soi Sukhumvit 101, Sukhumvit Road, Bang Chak, Phra Khanong, Bangkok",13.692077152115914,100.62269500000002,2020.0,5.0,7.0,587.0,unknown,0,https://www.ddproperty.com/en/property/sale-luxury-5-bedroom-house-for-sale-with-swimming-pool-in-sukhumvit-sukhumvit-house-for-sale-30mb-5-bedrooms-id-150675-h-067-587-sqm-for-sale-8776621,30000000.0,51107.32538330494,6.0
10069807,,Bang Plee,"Srinakarin Road, Bang Kaeo, Bang Plee, Samut Prakan",13.635384742249451,100.6519654480226,2011.0,5.0,7.0,450.0,unknown,0,https://www.ddproperty.com/en/property/bs204-หมู่บ้าน-เดอ-วิลล์-ศรีนครินทร์-de-ville-srinakarin-เดินทางเพียง-15-นาที-ถึงสุวรรณภูมิ-mega-bangna-10-นาที-for-sale-10069807,23000000.0,51111.11111111111,15.0
9617307,,Bang Plee,"Srinakarin Road, Bang Kaeo, Bang Plee, Samut Prakan",13.635384742249451,100.6519654480226,2011.0,5.0,7.0,450.0,unknown,0,https://www.ddproperty.com/en/property/2-storey-detached-house-for-sale-de-ville-srinakarin-5-bedrooms-size-280-square-wah-a-lot-of-space-for-sale-9617307,23000000.0,51111.11111111111,15.0
10036210,,Bang Plee,"Srinakarin Road, Bang Kaeo, Bang Plee, Samut Prakan",13.635384742249451,100.6519654480226,2011.0,6.0,6.0,450.0,unknown,0,https://www.ddproperty.com/en/property/ขาย-บ้านเดี่ยวหลังใหญ่ที่สุด-โครงการ-เดอ-วิลล์-ศรีนครินทร์-เนื้อที่กว่า-280-ตรว-รหัสss0253-for-sale-10036210,23000000.0,51111.11111111111,15.0
8029833,,Bueng Kum,"Soi Nawamin 53, Nawamin, Bueng Kum, Bangkok",13.788644751227949,100.64614521200328,2017.0,3.0,3.0,244.00000000000003,Unfurnished,0,https://www.ddproperty.com/en/property/ขายบ้านเดี่ยว-พร้อมอยู่-the-city-nawamin-เดอะซิตี้-นวมินทร์-61-7-ตรว-กรุงเทพมหานคร-for-sale-8029833,12500000.0,51229.508196721305,9.0
9592349,,Kathu,"10/33 Kamala, Kammala, Kathu, Phuket",7.939621,98.292125,2012.0,3.0,4.0,400.0,Fully Furnished,0,https://www.ddproperty.com/en/property/large-3-br-house-at-royal-kamala-phuket-id-471542-for-sale-9592349,20500000.0,51250.0,14.0
9083869,,Muang Samut Sakhon,"Rama 2 Road, Bang Nam Chut, Muang Samut Sakhon, Samut Sakhon",13.598819,100.367149,2018.0,4.0,5.0,390.0,Fully Furnished,0,https://www.ddproperty.com/en/property/ขายบ้านเดี่ยว-หลุดจอง-หมู่บ้านเดอะแกรนต์-พระราม2-รหัสทรัพย์-nn0199-for-sale-9083869,19990000.0,51256.41025641026,8.0
9311245,,Bang Plee,"Buanakarin Road, Bang Kaeo, Bang Plee, Samut Prakan",13.635187,100.667482,2018.0,4.0,3.0,185.0,Fully Furnished,0,https://www.ddproperty.com/en/property/rent-single-house-the-centro-bangna-km7-sps-p349-for-sale-9311245,9500000.0,51351.35135135135,8.0
10075754,,Saphan Sung,"Soi Krungthep Kreetha 37, Si Nakharin-Rom Klao Road, Saphan Sung, Saphan Sung, Bangkok",13.751780104197046,100.68910600000004,2022.0,3.0,3.0,185.0,unknown,0,https://www.ddproperty.com/en/property/sh-0517-ขาย-บ้านเดี่ยว-หมู่บ้าน-เนอวานา-บียอนด์-พระราม-9-กรุงเทพกรีฑา-nirvana-beyond-กรุงเทพกรีฑา-32-เนอวานา-กรุงเทพกรีฑา-nirvana-beyond-rama-9-krungthepkreetha-ตรงข้ามสวนสโมสร-for-sale-10075754,9500000.0,51351.35135135135,4.0
9509251,,Bang Plee,"159 Wat Nam Daeng Road, Bang Kaeo, Bang Plee, Samut Prakan",13.623552580526855,100.64993997065017,2018.0,3.0,3.0,140.0,unknown,0,https://www.ddproperty.com/en/property/มัณฑนา-ศรีนครินทร์-บางนา-for-sale-9509251,7190000.0,51357.142857142855,8.0
9968959,,Bang Khen,"Soi Ram Inthra 23, Anusaowari, Bang Khen, Bangkok",13.867082,100.621047,2015.0,3.0,3.0,146.0,unknown,0,https://www.ddproperty.com/en/property/ขาย-บ้านแฝด-ไลฟ์-บางกอก-บูเลอวาร์ด-รามอินทรา-146-ตรม-35-4-ตร-วา-for-sale-9968959,7500000.0,51369.86301369863,11.0
9743697,,Bang Khen,"50 Ramintra Road, Tha Rang, Bang Khen, Bangkok",13.851845290282569,100.65612379738695,2017.0,3.0,3.0,146.0,Partially Furnished,0,https://www.ddproperty.com/en/property/ขายบ้านแฝด-2-ชั้น-หมู่บ้าน-ไลฟ์-บางกอก-บูเลอวาร์ด-รามอินทรา-ถนนรามอินทรา-for-sale-9743697,7500000.0,51369.86301369863,9.0
9996340,,Bang Plee,"159 Wat Nam Daeng Road, Bang Kaeo, Bang Plee, Samut Prakan",13.623552580526855,100.64993997065017,2018.0,3.0,3.0,142.0,Unfurnished,0,https://www.ddproperty.com/en/property/unique-chance-to-buy-as-new-never-lived-in-house-as-of-2022-for-sale-9996340,7300000.0,51408.45070422535,8.0
9996342,,Bang Plee,"159 Wat Nam Daeng Road, Bang Kaeo, Bang Plee, Samut Prakan",13.623552580526855,100.64993997065017,2018.0,3.0,3.0,142.0,Unfurnished,0,https://www.ddproperty.com/en/property/unique-chance-to-buy-as-new-never-lived-in-house-for-sale-9996342,7300000.0,51408.45070422535,8.0
8912330,,Bang Khae,"The Plant Village Bang Khae Soi 7/1, Bang Khae, Bang Khae, Bangkok",13.706295942847808,100.41403850194612,2011.0,3.0,3.0,204.0,Partially Furnished,0,https://www.ddproperty.com/en/property/ขายด่วน-บ้านเดี่ยวเดอะแพล้นท์-the-plant-บางแค-for-sale-8912330,10500000.0,51470.58823529412,15.0
9084813,,Bang Plee,"159 Wat Nam Daeng Road, Bang Kaeo, Bang Plee, Samut Prakan",13.623552580526855,100.64993997065017,2018.0,4.0,3.0,184.0,unknown,0,https://www.ddproperty.com/en/property/house-for-sale-at-mantana-srinakarin-bangna-village-listing-no-yt01-755-for-sale-9084813,9500000.0,51630.434782608696,8.0
9969777,,Bang Khen,"Soi Ram Inthra 23, Anusaowari, Bang Khen, Bangkok",13.867082,100.621047,2015.0,5.0,5.0,300.0,unknown,0,https://www.ddproperty.com/en/property/ae65041-house-for-sale-life-bangkok-boulevard-ramintra-area-65-sqw-for-sale-9969777,15500000.0,51666.666666666664,11.0
9795798,,Prawet,"Kanchanaphisek Road, Dok Mai, Prawet, Bangkok",13.696744709922807,100.70195127698436,2020.0,4.0,5.0,280.0,unknown,0,https://www.ddproperty.com/en/property/บ้านเดี่ยว-คาซ่า-แกรนด์-อ่อนนุช-วงแหวน-4-ห้องนอน-ขาย-casa-grand-onnuch-wongwhean-4-bedrooms-for-sale-tp108-for-sale-9795798,14500000.0,51785.71428571428,6.0
9093036,,Prawet,"Kanchanaphisek Road, Dok Mai, Prawet, Bangkok",13.696744709922807,100.70195127698436,2020.0,4.0,5.0,280.0,unknown,0,https://www.ddproperty.com/en/property/casa-grand-onnuch-wongwhean-for-sale-9093036,14500000.0,51785.71428571428,6.0
9115629,,Prawet,"Kanchanaphisek Road, Dok Mai, Prawet, Bangkok",13.696744709922807,100.70195127698436,2020.0,4.0,5.0,280.0,unknown,0,https://www.ddproperty.com/en/property/tu-0019-ขายด่วนถูกมาก-บ้านใหม่-ม-คาซ่า-แกรนด์-อ่อนนุช-วงเเหวน-casa-grand-for-sale-9115629,14500000.0,51785.71428571428,6.0
9982548,,Prawet,"Kanchanaphisek Road, Dok Mai, Prawet, Bangkok",13.696744709922807,100.70195127698436,2020.0,4.0,5.0,280.0,Unfurnished,0,https://www.ddproperty.com/en/property/2-storey-detached-house-for-sale-casa-grand-on-nut-wongwaen-area-of-89-square-meters-for-sale-9982548,14500000.0,51785.71428571428,6.0
10035713,,Prawet,"Kanchanaphisek Road, Dok Mai, Prawet, Bangkok",13.696744709922807,100.70195127698436,2020.0,4.0,5.0,280.0,Partially Furnished,0,https://www.ddproperty.com/en/property/house-for-sale-casa-grand-on-nut-wongwaen-80-7-square-wa-for-sale-10035713,14500000.0,51785.71428571428,6.0
9088978,,Prawet,"Kanchanaphisek Road, Dok Mai, Prawet, Bangkok",13.696744709922807,100.70195127698436,2020.0,4.0,5.0,280.0,Unfurnished,0,https://www.ddproperty.com/en/property/ขายบ้านพร้อมอยู่-ทำเลดี-ราคาถูกสุดในโครงการนี้-da-017-for-sale-9088978,14500000.0,51785.71428571428,6.0
9195614,,Prawet,"Kanchanaphisek Road, Dok Mai, Prawet, Bangkok",13.696744709922807,100.70195127698436,2020.0,4.0,5.0,280.0,Fully Furnished,0,https://www.ddproperty.com/en/property/kn-0372-ขายด่วน-คาซ่า-แกรนด์-อ่อนนุช-วงแหวน-เฟอร์นิเจอร์และเครื่องใช้ไฟฟ้าครบ-พร้อมอยู่-for-sale-9195614,14500000.0,51785.71428571428,6.0
8899243,,Muang Phuket,"22/1 Thepkrasatti, Ko Kaeo, Muang Phuket, Phuket",7.964698,98.385007,2012.0,4.0,4.0,270.0,Fully Furnished,0,https://www.ddproperty.com/en/property/4-bedroom-villa-for-sale-at-boat-lagoon-u884660-for-sale-8899243,13995000.0,51833.333333333336,14.0
9791159,,Bang Plee,"Buanakarin Road, Bang Kaeo, Bang Plee, Samut Prakan",13.635187,100.667482,2018.0,4.0,3.0,185.0,Fully Furnished,0,https://www.ddproperty.com/en/property/sale-centro-bangna-km-7-for-sale-9791159,9600000.0,51891.89189189189,8.0
9079674,,Sam Phran,"Phutthamonthon Sai 4 Road, Krathum Lom, Sam Phran, Nakhon Pathom",13.743276885139526,100.32951779168882,2016.0,4.0,5.0,462.0,unknown,0,https://www.ddproperty.com/en/property/t-ขาย-บ้านเดี่ยว-bangkok-boulevard-สาทร-ปิ่นเกล้า-ติดfood-villa-thipp4-for-sale-9079674,24000000.0,51948.05194805195,10.0
9998568,,Sam Phran,"Phutthamonthon Sai 4 Road, Krathum Lom, Sam Phran, Nakhon Pathom",13.743276885139526,100.32951779168882,2016.0,3.0,3.0,200.0,Fully Furnished,0,https://www.ddproperty.com/en/property/sk03990-ขายบ้านเดี่ยว-โครงการบางกอก-บูเลอวาร์ด-ปิ่นเกล้า-เพชรเกษม-3-ห้องนอน-3-ห้องน้ำ-for-sale-9998568,10390000.0,51950.0,10.0
9980470,,Don Mueang,"69/4 Soi Pracha-u-tit 4, Pracha-u-tit Road, Si Khan, Don Mueang, Bangkok",13.92481947792836,100.58118504662708,2020.0,3.0,3.0,150.0,unknown,0,https://www.ddproperty.com/en/property/ae65050-house-for-sale-sky-don-mueang-songprapha-52-sqw-3-bedrooms-for-sale-9980470,7800000.0,52000.0,6.0
10079048,,Bang Plee,"Soi Kanchanaphisek 39, Kanchanaphisek Road, Rachathewa, Bang Plee, Samut Prakan",13.683994606075249,100.71235504662708,2020.0,4.0,3.0,188.0,Fully Furnished,0,https://www.ddproperty.com/en/property/ขาย-บ้านเดี่ยว-บุราสิริ-วงแหวน-อ่อนนุช-burasiri-wongwaen-onnuch-หลังมุม-บ้านหันทิศใต้-ลมเย็นตลอดปี-บ้านตกแต่งด้วยเฟอร์นิเจอร์อย่างดี-บ้านสวย-พร้อมอยู่-ใกล้-เมกะบางนา-for-sale-10079048,9800000.0,52127.65957446808,6.0
9118269,,Bang Plee,"Soi Kanchanaphisek 39, Kanchanaphisek Road, Rachathewa, Bang Plee, Samut Prakan",13.683994606075249,100.71235504662708,2020.0,4.0,3.0,188.0,Fully Furnished,0,https://www.ddproperty.com/en/property/kie-114-บ้านสวยพร้อมอยู่-บุราสิริ-วงแหวน-อ่อนนุช-for-sale-9118269,9800000.0,52127.65957446808,6.0
9867583,,Khan Na Yao,"Kanchanaphisek Road, Ram Inthra, Khan Na Yao, Bangkok",13.824668705058128,100.6730238067086,2013.0,4.0,4.0,305.0,Fully Furnished,0,https://www.ddproperty.com/en/property/ขายบ้านเดี่ยว-2-ชั้น-หมู่บ้านบางกอก-บูเลอวาร์ด-รามอินทรา-ถนนรัชดา-รามอินทรา-หลังริม-for-sale-9867583,15900000.0,52131.147540983606,13.0
10020237,,Pak Kret,"54/317 Ratchapruek Road, Khlong Khoi, Pak Kret, Nonthaburi",13.947886,100.457968,2020.0,3.0,3.0,180.0,Fully Furnished,0,https://www.ddproperty.com/en/property/sell-ขาย-burasiri-ratchaphruek-345-บุราสิริ-ราชพฤกษ์-345-ขนาด-3ห้องนอน-3ห้องน้ำ-102-5-ตร-วา-ใกล้ทางด่วน-er-hs079-for-sale-10020237,9400000.0,52222.22222222222,6.0
10037766,,Phasi Charoen,"Bang Waek Road, Bang Waek, Phasi Charoen, Bangkok",13.73710559775776,100.43998304320056,2012.0,3.0,3.0,210.0,unknown,0,https://www.ddproperty.com/en/property/ขาย-บ้านเดี่ยว-ไลฟ์-บางกอก-บูเลอวาร์ด-ราชพฤกษ์-จรัญฯ-for-sale-10037766,10970000.0,52238.09523809524,14.0
9949414,,Bang Khen,"Lat Plakhao Road, Anusaowari, Bang Khen, Bangkok",13.852134,100.606322,2018.0,6.0,8.0,421.0,unknown,0,https://www.ddproperty.com/en/property/home-office-a2-6-bedrooms-421-95sq-m-altitude-prove-kaset-nawamin-bangkok-for-sale-9949414,22000000.0,52256.53206650831,8.0
7684847,,Bang Plee,"Buanakarin Road, Bang Kaeo, Bang Plee, Samut Prakan",13.635187,100.667482,2018.0,4.0,5.0,342.0,Fully Furnished,0,https://www.ddproperty.com/en/property/sale-centro-bangna-km7-corner-plot-main-road-next-to-garden-74-2-sqm-4bed-5bath-for-sale-7684847,17900000.0,52339.181286549705,8.0
9809668,,Muang Samut Sakhon,"Rama 2 Road, Bang Nam Chut, Muang Samut Sakhon, Samut Sakhon",13.598819,100.367149,2018.0,5.0,5.0,380.0,unknown,0,https://www.ddproperty.com/en/property/single-house-for-sale-the-grand-rama-2-project-on-the-location-on-rama-2-road-phanthai-norasing-34-hh-64156-for-sale-9809668,19900000.0,52368.42105263158,8.0
8344732,,Muang Samut Sakhon,"Rama 2 Road, Bang Nam Chut, Muang Samut Sakhon, Samut Sakhon",13.598819,100.367149,2018.0,5.0,5.0,380.0,unknown,0,https://www.ddproperty.com/en/property/ขายบ้านเดี่ยว-2-ชั้น-เดอะแกรนด์-พระราม-2-for-sale-8344732,19900000.0,52368.42105263158,8.0
9968901,,Bang Khen,"50 Ramintra Road, Tha Rang, Bang Khen, Bangkok",13.851845290282569,100.65612379738695,2017.0,4.0,3.0,162.0,unknown,0,https://www.ddproperty.com/en/property/ขาย-บ้านเดี่ยว-ไลฟ์-บางกอก-บูเลอวาร์ด-รามอินทรา-65-162-ตรม-52-3-ตร-วา-for-sale-9968901,8500000.0,52469.135802469136,9.0
9961043,,Thawi Watthana,"Sala Thammasop Road, Sala Thammasop, Thawi Watthana, Bangkok",13.800111,100.335861,2021.0,5.0,6.0,341.0,Unfurnished,0,https://www.ddproperty.com/en/property/ขายบ้านหรู-หลังมุม-เศรษฐสิริ-ทวีวัฒนา-setthasiri-thawiwatthana-บ้านใหม่-5ห้องนอน-6ห้องน้ำ-6ที่จอดรถ-มาพร้อมเรือนรับรองที่เชื่อมต่อกับตัวบ้าน-ขนาดที่ดิน-144ตรว-พื้นที่ใช้สอย-341ตรม-ราคาพิเศษ-ถูกกว่าโครงการ-เพียง-17-9ล้าน-for-sale-9961043,17900000.0,52492.66862170088,5.0
9960942,,Thawi Watthana,"Sala Thammasop Road, Sala Thammasop, Thawi Watthana, Bangkok",13.800111,100.335861,2021.0,5.0,5.0,341.0,Unfurnished,0,https://www.ddproperty.com/en/property/ขายบ้านหรู-หลังมุม-เศรษฐสิริ-ทวีวัฒนา-setthasiri-thawiwatthana-บ้านใหม่-5ห้องนอน-6ห้องน้ำ-6ที่จอดรถ-มาพร้อมเรือนรับรองที่เชื่อมต่อกับตัวบ้าน-ขนาดที่ดิน-144ตรว-พื้นที่ใช้สอย-341ตรม-ราคาพิเศษ-ถูกกว่าโครงการ-เพียง-17-9ล้าน-for-sale-9960942,17900000.0,52492.66862170088,5.0
10080787,,Bang Plee,"Lat Krabang Road, Rachathewa, Bang Plee, Samut Prakan",13.714717,100.7251718,2018.0,4.0,3.0,175.0,Partially Furnished,0,https://www.ddproperty.com/en/property/ขาย-บ้านเดี่ยว-ใหม่-perfect-place-เพอร์เฟค-เพลส-สุขุมวิท-77-สุวรรณภูมิ-เฟส-8-สวย-ใหม่-ไม่เคยอยู่-ส่วนกลางดี-มีทะเลสาบ-เดินทางสะดวก-ติดถนนใหญ่-ติดห้าง-ใกล้สนามบิน-สุวรรณภูมิ-ทางด่วน-วงแหวน-กาญจนาภิเษก-ทางด่วน-บูรพาวิถี-for-sale-10080787,9200000.0,52571.42857142857,8.0
9731264,,Muang Nonthaburi,"Bang Kruai-Sai Noi Road, Bang Krang, Muang Nonthaburi, Nonthaburi",13.843736088137362,100.44131831517724,2020.0,5.0,5.0,270.0,unknown,0,https://www.ddproperty.com/en/property/3-storey-detached-house-for-sale-casa-premium-ratchaphruek-rama-5-5-bedrooms-corner-unit-property-code-01-02-12510-for-sale-9731264,14200000.0,52592.59259259259,6.0
10016483,,Bang Plee,"Soi Kanchanaphisek 39, Kanchanaphisek Road, Rachathewa, Bang Plee, Samut Prakan",13.683994606075249,100.71235504662708,2020.0,4.0,3.0,188.0,Fully Furnished,0,https://www.ddproperty.com/en/property/sss318-house-for-sale-burasiri-wongwaen-onnut-king-kaew-25-1-for-sale-10016483,9900000.0,52659.574468085106,6.0
9586401,,Bang Bon,"Kanchanaphisek Road, Bang Bon, Bang Bon, Bangkok",13.668532156214493,100.40733608380538,2008.0,4.0,3.0,150.0,unknown,0,https://www.ddproperty.com/en/property/ae64197-single-detached-house-for-sale-prinsiri-kanchanaphisek-very-ne-for-sale-9586401,7900000.0,52666.666666666664,18.0
8313920,,Bang Bon,"Kanchanaphisek Road, Bang Bon, Bang Bon, Bangkok",13.668532156214493,100.40733608380538,2008.0,4.0,3.0,150.0,unknown,0,https://www.ddproperty.com/en/property/ลดจัดหนัก-บ้านเดี่ยว-ปริญสิริ-กาญจนาภิเษก-ใกล้แมคโครบางบอน-รหัสss0283-for-sale-8313920,7900000.0,52666.666666666664,18.0
10066109,,Thawi Watthana,"Sala Thammasop Road, Sala Thammasop, Thawi Watthana, Bangkok",13.800111,100.335861,2021.0,5.0,5.0,341.0,unknown,0,https://www.ddproperty.com/en/property/pbh-01130-house-for-sale-setthasiri-thawiwatthana-for-sale-10066109,18000000.0,52785.92375366569,5.0
10058538,,Thawi Watthana,"Sala Thammasop Road, Sala Thammasop, Thawi Watthana, Bangkok",13.800111,100.335861,2021.0,5.0,5.0,341.0,unknown,0,https://www.ddproperty.com/en/property/bh-01130-ขาย-บ้านเดี่ยว-หมู่บ้าน-เศรษฐสิริ-ทวีวัฒนา-setthasiri-thawiwatthana-ใกล้-ม-มหิดล-ศาลายา-พุทธมณฑลสาย-5-บ้านใหม่ไม่เคยเข้าอยู่-for-sale-10058538,18000000.0,52785.92375366569,5.0
10019988,,Thawi Watthana,"Sala Thammasop Road, Sala Thammasop, Thawi Watthana, Bangkok",13.800111,100.335861,2021.0,5.0,5.0,341.0,unknown,0,https://www.ddproperty.com/en/property/pbh-01130-house-for-sale-setthasiri-thawiwatthana-for-sale-10019988,18000000.0,52785.92375366569,5.0
10069495,,Thawi Watthana,"Sala Thammasop Road, Sala Thammasop, Thawi Watthana, Bangkok",13.800111,100.335861,2021.0,5.0,5.0,341.0,unknown,0,https://www.ddproperty.com/en/property/6504-072-house-for-sale-salaya-phutthamonthon-setthasiri-thawiwatthana-5-bedrooms-6-parking-for-sale-10069495,18000000.0,52785.92375366569,5.0
8857142,,Bang Plee,"Buanakarin Road, Bang Kaeo, Bang Plee, Samut Prakan",13.635187,100.667482,2018.0,4.0,3.0,170.0,Unfurnished,0,https://www.ddproperty.com/en/property/ขาย-บ้านเดี่ยว-เซนโทร-บางนา-กม-7-ติดห้าง-mega-bangna-บ้านใหม่ยังไม่เคยเข้าอยู่-for-sale-8857142,9000000.0,52941.17647058824,8.0
10032773,,Muang Nonthaburi,"Rattanathibet Road, Sai Ma, Muang Nonthaburi, Nonthaburi",13.877157,100.466281,2011.0,5.0,6.0,490.0,Fully Furnished,0,https://www.ddproperty.com/en/property/ขายคฤหาสน์-ม-เพอร์เฟค-มาสเตอร์พีส-รัตนาธิเบศร์-สวยมาก-พร้อมอยู่-หลังมุม-for-sale-10032773,25950000.0,52959.183673469386,15.0
9945901,,Bang Khen,"50 Ramintra Road, Tha Rang, Bang Khen, Bangkok",13.851845290282569,100.65612379738695,2017.0,4.0,3.0,198.0,unknown,0,https://www.ddproperty.com/en/property/ขาย-บ้านเดี่ยว-2-ชั้น-65-ตารางวา-ไลฟ์-บางกอก-บูเลอวาร์ด-รามอินทรา-65-life-bangkok-boulevard-ramintra-65-for-sale-9945901,10500000.0,53030.30303030303,9.0
9729280,,Bang Khen,"50 Ramintra Road, Tha Rang, Bang Khen, Bangkok",13.851845290282569,100.65612379738695,2017.0,4.0,3.0,198.0,unknown,0,https://www.ddproperty.com/en/property/for-sale-rent-2-storeys-detached-house-modern-style-life-bangkok-boulevard-ramintra-65-for-sale-9729280,10500000.0,53030.30303030303,9.0
10014244,,Prawet,"On Nut Road, Prawet, Prawet, Bangkok",13.706772866129118,100.67429491799172,2019.0,4.0,4.0,262.0,unknown,0,https://www.ddproperty.com/en/property/r095-048-sh301-ขายบ้านเดี่ยว-2-ชั้น-the-city-pattanakarn-4ห้องนอน-4ห้องน้ำ-บ้านสวย-สภาพดีมากๆ-for-sale-10014244,13900000.0,53053.435114503816,7.0
9987125,,Prawet,"On Nut Road, Prawet, Prawet, Bangkok",13.706772866129118,100.67429491799172,2019.0,4.0,4.0,262.0,Fully Furnished,0,https://www.ddproperty.com/en/property/kie-211-รีบขาย-the-city-พัฒนาการ-ตกแต่งสวย-for-sale-9987125,13900000.0,53053.435114503816,7.0
10019341,,Prawet,"On Nut Road, Prawet, Prawet, Bangkok",13.706772866129118,100.67429491799172,2019.0,4.0,4.0,262.0,unknown,0,https://www.ddproperty.com/en/property/detached-house-the-city-pattanakran-บ้านเดี่ยว-เดอะ-ซิตี้-พัฒนาการ-gh-80co-for-sale-10019341,13900000.0,53053.435114503816,7.0
10034975,,Prawet,"On Nut Road, Prawet, Prawet, Bangkok",13.706772866129118,100.67429491799172,2019.0,4.0,4.0,262.0,Partially Furnished,0,https://www.ddproperty.com/en/property/k-4757-ขายด่วน-the-city-พัฒนาการ-บ้านสวย-บ้านใหม่-รอบบ้านปูหญ้าเทียม-และปูพื้นบล๊อค-for-sale-10034975,13900000.0,53053.435114503816,7.0
9945122,,Prawet,"On Nut Road, Prawet, Prawet, Bangkok",13.706772866129118,100.67429491799172,2019.0,4.0,4.0,262.0,unknown,0,https://www.ddproperty.com/en/property/ขายบ้านเดี่ยว-เดอะ-ซิตี้-พัฒนาการ-บ้านสวย-สภาพดี-sps413-for-sale-9945122,13900000.0,53053.435114503816,7.0
9992737,,Prawet,"On Nut Road, Prawet, Prawet, Bangkok",13.706772866129118,100.67429491799172,2019.0,4.0,4.0,262.0,Fully Furnished,0,https://www.ddproperty.com/en/property/4-bedrooms-luxury-beautiful-single-house-for-sale-the-city-pattanakarn-near-suanluang-rama9-for-sale-9992737,13900000.0,53053.435114503816,7.0
9943599,,Prawet,"On Nut Road, Prawet, Prawet, Bangkok",13.706772866129118,100.67429491799172,2019.0,4.0,4.0,262.0,Partially Furnished,0,https://www.ddproperty.com/en/property/ขายบ้านเดี่ยว-เดอะ-ซิตี้-พัฒนาการ-บ้านสวย-สภาพดี-the-city-พัฒนาการ-pst-eve386-for-sale-9943599,13900000.0,53053.435114503816,7.0
9828565,,Bueng Kum,"Soi Nawamin 42, Yak 7, Khlong Kum, Bueng Kum, Bangkok",13.796861903546487,100.66396324167567,2018.0,4.0,3.0,141.0,Partially Furnished,0,https://www.ddproperty.com/en/property/ขายด่วน-บ้านหลังมุม-ใหม่มากๆ-โกลเด้น-นีโอ-ลาดพร้าว-เกษตรนวมินทร์-4-นอน-3-น้ำ-หน้าบ้านไม่ชนใคร-เป็นส่วนตัว-for-sale-9828565,7490000.0,53120.56737588652,8.0
9952827,,Bang Khen,"50 Ramintra Road, Tha Rang, Bang Khen, Bangkok",13.851845290282569,100.65612379738695,2017.0,4.0,3.0,207.0,unknown,0,https://www.ddproperty.com/en/property/ขาย-life-bangkok-boulevard-ramintra-ไลฟ์-บางกอก-บูเลอวาร์ด-รามอินทรา-ราคา-11-ล้าน-บาท-listing-no-yt01-887-for-sale-9952827,11000000.0,53140.096618357486,9.0
9297884,,Bang Khen,"Soi Ram Inthra 23, Anusaowari, Bang Khen, Bangkok",13.867082,100.621047,2015.0,4.0,4.0,207.0,Fully Furnished,0,https://www.ddproperty.com/en/property/ขาย-life-bangkok-boulevard-ramintra-ไลฟ์-บางกอก-บูเลอวาร์ด-รามอินทรา-ราคา-11-ล้าน-บาท-listing-no-yt01-887-for-sale-9297884,11000000.0,53140.096618357486,11.0
10065800,,Bang Khen,"50 Ramintra Road, Tha Rang, Bang Khen, Bangkok",13.851845290282569,100.65612379738695,2017.0,4.0,3.0,205.0,Partially Furnished,0,https://www.ddproperty.com/en/property/large-detached-house-for-sale-4-bedrooms-3-bathrooms-total-area-53-7-square-wa-for-sale-10065800,10900000.0,53170.73170731707,9.0
9415577,,Bang Plee,"Soi Kanchanaphisek 39, Kanchanaphisek Road, Rachathewa, Bang Plee, Samut Prakan",13.683994606075249,100.71235504662708,2020.0,4.0,3.0,188.0,Unfurnished,0,https://www.ddproperty.com/en/property/k-4457-ขายด่วน-บุราสิริ-วงแหวน-อ่อนนุช-บ้านสวย-เดินทางสะดวก-เข้าออกได้หลายเส้นทาง-for-sale-9415577,10000000.0,53191.48936170213,6.0
8996660,,Bang Kruai,"Ratchaphruek Road, Mahasawat, Bang Kruai, Nonthaburi",13.81120416435241,100.44910407625358,2005.0,3.0,3.0,280.0,Partially Furnished,0,https://www.ddproperty.com/en/property/สีวลี-ปิ่นเกล้า-สาทร-บ้านสวย-พร้อมอยู่-มีบริเวณ-สะดวก-ราชพฤกษ์-บางระมาด-for-sale-8996660,14900000.0,53214.28571428572,21.0
9713795,,Chatuchak,"Moobaan Klang Muang Monte-Carlo Road, Ratchavipha, Lat Yao, Chatuchak, Bangkok",13.835702836537198,100.55357672990236,2006.0,4.0,4.0,310.0,Partially Furnished,0,https://www.ddproperty.com/en/property/ขายบ้านเดี่ยว-หมู่บ้าน-บ้านกลางกรุงเดอะนีช-รัชวิภา-บ้านเดี่ยว-3-ชั้น-หน้าติดสวน-สร้างสไตล์ยุโรป-for-sale-9713795,16500000.0,53225.8064516129,20.0
9217330,,Bang Plee,"Buanakarin Road, Bang Kaeo, Bang Plee, Samut Prakan",13.635187,100.667482,2018.0,4.0,4.0,225.0,unknown,0,https://www.ddproperty.com/en/property/ขายด่วน-บ้านเดี่ยว-centro-บางนา-กม7-แต่งครบ-สวยมาก-พร้อมอยู่-หลังมุม-ราคาสุดพิเศษ-for-sale-9217330,12000000.0,53333.333333333336,8.0
9839723,,Bang Plee,"Buanakarin Road, Bang Kaeo, Bang Plee, Samut Prakan",13.635187,100.667482,2018.0,4.0,4.0,225.0,Partially Furnished,0,https://www.ddproperty.com/en/property/for-sale-2-storeys-detached-house-centro-bangna-near-mega-bangna-for-sale-9839723,12000000.0,53333.333333333336,8.0
10059346,,Khan Na Yao,"Soi Ram Inthra 64, Ram Inthra Road, Khan Na Yao, Khan Na Yao, Bangkok",13.818424922358206,100.67964848633932,2018.0,3.0,3.0,188.87,Fully Furnished,0,https://www.ddproperty.com/en/property/2-storey-twin-house-for-sale-kin-man-type-3-bedrooms-3-bathrooms-1-living-room-1-kitchen-2-parking-spaces-usable-area-188-87-sq-m-innovative-house-the-best-quality-from-japan-for-sale-10059346,10090000.0,53422.9893577593,8.0
8875155,,Pak Kret,"54/317 Ratchapruek Road, Khlong Khoi, Pak Kret, Nonthaburi",13.947886,100.457968,2020.0,4.0,4.0,262.0,Fully Furnished,0,https://www.ddproperty.com/en/property/am1290-ขาย-บ้านแปลงหัวมุม-ใกล้คลับเฮาส์-14-ล้าน-บุราสิริ-ราชพฤกษ์-345-for-sale-8875155,14000000.0,53435.114503816796,6.0
9768147,,Bang Kruai,"Nakhon In Road, Bang Khun Kong, Bang Kruai, Nonthaburi",13.82316484716796,100.44276569110326,2010.0,4.0,5.0,420.0,Fully Furnished,0,https://www.ddproperty.com/en/property/ขายบ้านหรู-ในโครงการลัดดารมย์-อลิแกรนซ์-พระราม-5-2-ตกแต่งสวนสไตล์อังกฤษ-บนเนื้อที่-143-ตารางวา-พื้นที่อาคาร-420-ตารางเมตร-4-นอน-5-น้ำ-ภายในกว้างขวาง-พร้อมเรือนรับรองพิเศษ-for-sale-9768147,22500000.0,53571.42857142857,16.0
9734871,,Suan Luang,"2046 Pattanakarn Road, Suan Luang, Suan Luang, Bangkok",13.735794919492983,100.6380269681949,2009.0,5.0,7.0,520.0,Fully Furnished,0,https://www.ddproperty.com/en/property/บ้านเดี่ยว-พร้อมสระว่ายน้ำ-noble-tara-pattanakarn-house-5-bedrooms-for-sale-โนเบิล-ทารา-พัฒนาการ-บ้านเดี่ยว-5-ห้องนอน-ขาย-tp017-for-sale-9734871,27900000.0,53653.846153846156,17.0
9856867,,Khlong Sam Wa,"Panyaintra Road, Sam Wa Tawan Tok, Khlong Sam Wa, Bangkok",13.869696387180444,100.70844054145434,2012.0,4.0,3.0,242.0,unknown,0,https://www.ddproperty.com/en/property/for-sale-habitia-motif-panyaindra-trh-235-for-sale-9856867,13000000.0,53719.00826446281,14.0
9084043,,Thanyaburi,"Rangsit-Nakhon Nayok Road, Bang Yitho, Thanyaburi, Pathum Thani",14.005489710463175,100.69162980816768,2019.0,5.0,5.0,322.0,Unfurnished,0,https://www.ddproperty.com/en/property/bangkok-boulervard-rangsit-klong4-for-sale-9084043,17300000.0,53726.70807453416,7.0
9830483,,Muang Nonthaburi,"Ratchapruek Road, Bang Rak Noi, Muang Nonthaburi, Nonthaburi",13.859576,100.455613,2019.0,4.0,3.0,147.0,unknown,0,https://www.ddproperty.com/en/property/yog-aas112-ขายบ้านเพอร์เฟค-เพลส-ราชพฤกษ์-perfect-place-ratchaphruek-7-for-sale-9830483,7900000.0,53741.49659863945,7.0
9359474,,Bang Plee,"Buanakarin Road, Bang Kaeo, Bang Plee, Samut Prakan",13.635187,100.667482,2018.0,4.0,3.0,195.0,unknown,0,https://www.ddproperty.com/en/property/house-for-sale-at-centro-bangna-km-7-listing-no-yt01-893-for-sale-9359474,10500000.0,53846.153846153844,8.0
9642251,,Muang Phuket,"ราไวย์ Wiset, Chalong, Muang Phuket, Phuket",7.789263,98.330707,2012.0,3.0,4.0,473.0,Fully Furnished,0,https://www.ddproperty.com/en/property/920081007-110-phuket-rawai-beach-luxury-pool-villa-3-bedrooms-for-sale-for-sale-9642251,25500000.0,53911.20507399577,14.0
9642252,,Muang Phuket,"ราไวย์ Wiset, Chalong, Muang Phuket, Phuket",7.789263,98.330707,2012.0,3.0,4.0,473.0,Fully Furnished,0,https://www.ddproperty.com/en/property/920081007-111-phuket-rawai-beach-luxury-pool-villa-3-bedrooms-for-sale-for-sale-9642252,25500000.0,53911.20507399577,14.0
9642250,,Muang Phuket,"ราไวย์ Wiset, Chalong, Muang Phuket, Phuket",7.789263,98.330707,2012.0,3.0,4.0,473.0,Fully Furnished,0,https://www.ddproperty.com/en/property/920081007-109-phuket-rawai-beach-pool-villa-3-bedrooms-for-sale-for-sale-9642250,25500000.0,53911.20507399577,14.0
9961846,,Bang Lamung,"Jomtien Sai 2 Road, Nong Pru, Bang Lamung, Chon Buri",12.891162494503432,100.8798763281949,1994.0,8.0,8.0,500.0,Partially Furnished,0,https://www.ddproperty.com/en/property/beautifully-decorated-8-bedroom-house-for-sale-near-jomtien-beach-pattaya-for-sale-9961846,27000000.0,54000.0,32.0
9754626,,Muang Nonthaburi,"Rachapruk Road, Bang Rak Noi, Muang Nonthaburi, Nonthaburi",13.870367792379607,100.45210276575764,2015.0,5.0,5.0,333.0,unknown,0,https://www.ddproperty.com/en/property/tu-0289-บ้านเดี่ยว-3-ชั้น-สุดหรู-ทำเลทอง-ในราคาสุดพิเศษ-ม-แกรนด์-บางกอก-บูเลอวาร์ด-รัชดา-รามอินทรา-grand-bangkok-boulevard-ratchada-ramintra-for-sale-9754626,17990000.0,54024.024024024024,11.0
9530900,,Bang Lamung,"Chaiyapruek 2 Road, Bang Lamung, Bang Lamung, Chon Buri",12.883683558165322,100.91548712539844,2012.0,3.0,3.0,220.0,unknown,0,https://www.ddproperty.com/en/property/r019-s053-ขายถูก-พูลวิลล่าสุดหรู-โครงการ-silkroadplace-ใจกลางเมืองพัทยา-บ้านชั้นเดียว-ขนาด-104-ตารางวา-ใกล้ทะเล-for-sale-9530900,11900000.0,54090.90909090909,14.0
10069422,,Khan Na Yao,"Kanchanaphisek Road, Ram Inthra, Khan Na Yao, Bangkok",13.824668705058128,100.6730238067086,2013.0,3.0,4.0,305.0,Fully Furnished,0,https://www.ddproperty.com/en/property/a11-494-ขายบ้านเดี่ยว-2-ชั้น-หมู่บ้าน-บางกอกบูเลอวาร์ด-รามอินทรา-3-82-ตารางวา-for-sale-10069422,16500000.0,54098.360655737706,13.0
8886665,,Bang Kruai,"117/2561 Plai Bang Road, Mahasawat, Bang Kruai, Nonthaburi",13.802895,100.420973,2022.0,4.0,4.0,280.0,Fully Furnished,0,https://www.ddproperty.com/en/property/sale-tara-ratchaphruek-pinklao-4-bedrooms-id-156960-h-111-280-sqm-for-sale-8886665,15200000.0,54285.71428571428,4.0
9664615,,Bang Plee,"68 Bangna-Trad Road, Bang Kaeo, Bang Plee, Samut Prakan",13.642063,100.666464,2018.0,3.0,3.0,158.0,unknown,0,https://www.ddproperty.com/en/property/tu-0257-ขายขาดทุน-ถูกกว่าโครงการ-บ้านใหม่-100-บ้านเดี่ยว-ม-มัณฑนา-ราชพฤกษ์-นครอินทร์-for-sale-9664615,8600000.0,54430.379746835446,8.0
9988242,,Bang Kapi,"Krungthep Kreetha Road, Hua Mak, Bang Kapi, Bangkok",13.756156328373264,100.66896931065986,2015.0,3.0,3.0,165.0,unknown,0,https://www.ddproperty.com/en/property/ขาย-บ้านเดี่ยว-เศรษฐสิริ-กรุงเทพกรีฑา-165-ตรม-57-ตร-วา-for-sale-9988242,8990000.0,54484.84848484849,11.0
9950203,,Bang Khen,"50 Ramintra Road, Tha Rang, Bang Khen, Bangkok",13.851845290282569,100.65612379738695,2017.0,4.0,3.0,198.0,unknown,0,https://www.ddproperty.com/en/property/r034-138-ขาย-เช่า-บ้านเดี่ยว-ม-ไลฟ์บางกอกบูเลอวาร์ด-รามอินทรา65-พื้นที่-65-ตร-ว-ติดถนนเมน-หลังมุม-บิ้วอินสวย-for-sale-9950203,10790000.0,54494.9494949495,9.0
9859920,,Bang Khen,"Soi Ramintra 14, Tha Rang, Bang Khen, Bangkok",13.848969541342376,100.62453306793954,2017.0,3.0,3.0,220.0,Fully Furnished,0,https://www.ddproperty.com/en/property/ขายถูกมาก-บ้าน-casa-legend-เกษตร-นวมินทร์-ใกล้ทางด่วน-หลังมุม-ต่อเติมพิเศษทั้งหลัง-61-1-ตร-ว-220-ตร-ม-พร้อมสวนร่มรื่นส่วนตัว-หลังสุดท้ายจอดรถได้หลายคัน-for-sale-9859920,11990000.0,54500.0,9.0
9228471,,Bang Khen,"Soi Ram Inthra 23, Anusaowari, Bang Khen, Bangkok",13.867082,100.621047,2015.0,4.0,3.0,200.0,unknown,0,https://www.ddproperty.com/en/property/ae64189-house-for-sale-life-bangkok-boulevard-ramintra-area-53-7-sqw-4-for-sale-9228471,10900000.0,54500.0,11.0
8708674,,Hua Hin,"Hua-Hin 26 Alley, Phet Kasem Road, Nong Kae, Hua Hin, Prachuap Khiri Khan",12.47113790803544,99.96310145767212,2021.0,3.0,3.0,352.0,unknown,0,https://www.ddproperty.com/en/property/3-bed-villa-352-50-sqm-sivana-hideaway-for-sale-8708674,19200000.0,54545.454545454544,5.0
9965966,,Bang Plee,"159 Wat Nam Daeng Road, Bang Kaeo, Bang Plee, Samut Prakan",13.623552580526855,100.64993997065017,2018.0,3.0,3.0,165.0,Unfurnished,0,https://www.ddproperty.com/en/property/brand-new-house-for-sale-manthana-srinakarin-bangna-village-3-bed-3-bath-land-size-55-sq-wa-usable-area-165-sq-near-the-yellow-line-station-for-sale-9965966,9000000.0,54545.454545454544,8.0
10042799,,Prawet,"Onnut Road, Prawet, Prawet, Bangkok",13.722290838190045,100.70575915308709,2012.0,3.0,3.0,220.0,Partially Furnished,0,https://www.ddproperty.com/en/property/sale-nantawan-sukhumvit-44-price-12-m-3bed-3bath-89-sq-wa-built-by-q-house-th-035-for-sale-10042799,12000000.0,54545.454545454544,14.0
9870080,,Bang Plee,"159 Wat Nam Daeng Road, Bang Kaeo, Bang Plee, Samut Prakan",13.623552580526855,100.64993997065017,2018.0,3.0,3.0,165.0,Unfurnished,0,https://www.ddproperty.com/en/property/kn-0562-ขายด่วน-mantana-srinakarin-bangna-บ้านสวย-บ้านใหม่ไม่เคยอยู่-ทำเลดี-for-sale-9870080,9000000.0,54545.454545454544,8.0
9790291,,Bang Plee,"159 Wat Nam Daeng Road, Bang Kaeo, Bang Plee, Samut Prakan",13.623552580526855,100.64993997065017,2018.0,3.0,3.0,165.0,unknown,0,https://www.ddproperty.com/en/property/บ้านเดี่ยว-มัณฑนา-ศรีนครินทร์-บางนา-4-ห้อง-นอน-ขาย-mantana-srinakarin-bangna-4-bedrooms-for-sale-tp227-for-sale-9790291,9000000.0,54545.454545454544,8.0
9967206,,Bang Plee,"159 Wat Nam Daeng Road, Bang Kaeo, Bang Plee, Samut Prakan",13.623552580526855,100.64993997065017,2018.0,3.0,3.0,165.0,Partially Furnished,0,https://www.ddproperty.com/en/property/มัณฑนา-ศรีนครินทร์-บางนา-พร้อมอยู่-for-sale-9967206,9000000.0,54545.454545454544,8.0
9752141,,Bang Khen,"50 Ramintra Road, Tha Rang, Bang Khen, Bangkok",13.851845290282569,100.65612379738695,2017.0,4.0,3.0,198.0,unknown,0,https://www.ddproperty.com/en/property/ไลฟ์-บางกอก-บูเลอวาร์ด-รามอินทรา-65-4-ห้องนอน-ขายพร้อมผู้เช่า-life-bangkok-boulevard-ramintra-65-4-bedrooms-sale-with-tenant-hl302-for-sale-9752141,10815000.0,54621.21212121212,9.0
9065156,,Bang Plee,"Buanakarin Road, Bang Kaeo, Bang Plee, Samut Prakan",13.635187,100.667482,2018.0,4.0,4.0,225.0,Fully Furnished,0,https://www.ddproperty.com/en/property/ขายบ้านเดี่ยว-centro-บางนา-กม-7-ใกล้เมกาบางนา-พร้อมเฟอร์นิเจอร์และเครื่องใช้ไฟฟ้า-for-sale-9065156,12300000.0,54666.666666666664,8.0
9742518,,Bang Plee,"Buanakarin Road, Bang Kaeo, Bang Plee, Samut Prakan",13.635187,100.667482,2018.0,4.0,4.0,225.0,unknown,0,https://www.ddproperty.com/en/property/detached-house-centro-bangna-km7-บ้านเดี่ยวหมู่บ้านเซนโทรบางนา-กม-7-sps-gh1412-for-sale-9742518,12300000.0,54666.666666666664,8.0
9833574,,Don Mueang,"69/4 Soi Pracha-u-tit 4, Pracha-u-tit Road, Si Khan, Don Mueang, Bangkok",13.92481947792836,100.58118504662708,2020.0,3.0,3.0,192.00000000000003,unknown,0,https://www.ddproperty.com/en/property/ขาย-บ้านเดี่ยว-สกาย-ดอนเมือง-สรงประภา-ห้องมุม-ตกแต่งสวย-พร้อมอยู่-for-sale-9833574,10500000.0,54687.49999999999,6.0
10056245,,Khan Na Yao,"Ramintra Road, Khan Na Yao, Khan Na Yao, Bangkok",13.813243,100.692297,2016.0,3.0,3.0,305.0,unknown,0,https://www.ddproperty.com/en/property/6504-010-house-for-sale-ramintra-kannayao-bangkok-boulevard-ramintra-3-bedrooms-for-sale-10056245,16700000.0,54754.098360655735,10.0
8553525,,Bang Plee,"Buanakarin Road, Bang Kaeo, Bang Plee, Samut Prakan",13.631638,100.664438,2021.0,4.0,3.0,173.0,unknown,0,https://www.ddproperty.com/en/property/ขายบ้านเดี่ยว-villaggio-ศรีนครินทร์-บางนา-ใกล้เมกาบางนา-ฮวงจุ้ยดีมีน้ำตกหน้าบ้าน-for-sale-8553525,9500000.0,54913.294797687864,5.0
9732548,,Muang Nonthaburi,"690 Rattanathibet Road, Bang Kra So, Muang Nonthaburi, Nonthaburi",13.869339196359936,100.4888495758901,2010.0,4.0,4.0,400.0,Fully Furnished,0,https://www.ddproperty.com/en/property/hot-ขายบ้านเดี่ยว-หรู-เดอะ-ซิตี้-รัตนาธิเบศร์-แคราย-the-city-rattanathibet-khaerai-บิวท์อินทั้งหลัง-สภาพใหม่-ตกแต่งแบบพรีเมี่ยม-ที่จอดรถติดแอร์-หาไม่ได้แล้ว-for-sale-9732548,22000000.0,55000.0,16.0
8776640,,Phra Khanong,"Soi Sukhumvit 101, Sukhumvit Road, Bang Chak, Phra Khanong, Bangkok",13.692077152115914,100.62269500000002,2020.0,4.0,4.0,361.0,unknown,0,https://www.ddproperty.com/en/property/sale-modern-luxury-4-bedroom-house-for-sale-in-sukhumvit-4-bedrooms-id-150650-h-066-361-sqm-for-sale-8776640,19900000.0,55124.653739612186,6.0
9964011,,Bang Lamung,"Thappraya Rd, Nong Pru, Bang Lamung, Chon Buri",12.907073,100.869523,2003.0,4.0,5.0,360.0,unknown,0,https://www.ddproperty.com/en/property/4-bedrooms-villa-for-sale-for-sale-9964011,19900000.0,55277.77777777778,23.0
9628773,,Bang Lamung,"Thappraya Rd, Nong Pru, Bang Lamung, Chon Buri",12.9098458,100.8687629,1995.0,4.0,5.0,360.0,unknown,0,https://www.ddproperty.com/en/property/4-brs-villa-for-sale-for-sale-9628773,19900000.0,55277.77777777778,31.0
9314158,,Bang Plee,"Buanakarin Road, Bang Kaeo, Bang Plee, Samut Prakan",13.635187,100.667482,2018.0,4.0,4.0,225.0,Partially Furnished,0,https://www.ddproperty.com/en/property/ส่วนลด-5-แสน-บ้านเดี่ยว-เซนโทร-บางนา-กม-7-4-ห้องนอน-centro-bangna-km-7-tp110-for-sale-9314158,12500000.0,55555.555555555555,8.0
8871781,,Prawet,"New Pattanakarn Road, Prawet, Prawet, Bangkok",13.710845,100.669081,2018.0,4.0,4.0,340.0,Fully Furnished,0,https://www.ddproperty.com/en/property/ma110-ขายห้อง-burasiri-pattanakarn-บุราสิริ-พัฒนาการ-ขนาด-85-ตรว-4ห้องนอน-4ห้องน้ำ-เฟอร์ครบ-for-sale-8871781,18890000.0,55558.82352941176,8.0
10020103,,Min Buri,"Kheha Rom Klao Road, Min Buri, Min Buri, Bangkok",13.77616450043354,100.73479655628084,2017.0,4.0,4.0,185.0,Fully Furnished,0,https://www.ddproperty.com/en/property/ขาย-มัณฑนา-ศรีนครินทร์-ร่มเกล้า-บ้านสวย-สภาพดี-พร้อมตกแต่งสวย-ทำเลต้นโครงการ-ใกล้สโมสร-listing-no-yt01-920-for-sale-10020103,10300000.0,55675.67567567567,9.0
10063995,,Min Buri,"Kheha Rom Klao Road, Min Buri, Min Buri, Bangkok",13.77616450043354,100.73479655628084,2017.0,4.0,4.0,185.0,unknown,0,https://www.ddproperty.com/en/property/ขาย-มัณฑนา-ศรีนครินทร์-ร่มเกล้า-บ้านสวย-สภาพดี-พร้อมตกแต่งสวย-listing-no-yt01-920-for-sale-10063995,10300000.0,55675.67567567567,9.0
9712985,,Min Buri,"Kheha Rom Klao Road, Min Buri, Min Buri, Bangkok",13.77616450043354,100.73479655628084,2017.0,4.0,4.0,185.0,unknown,0,https://www.ddproperty.com/en/property/ขาย-มัณฑนา-ศรีนครินทร์-ร่มเกล้า-บ้านสวย-สภาพดี-พร้อมตกแต่งสวย-ไม่เสียเวลาและค่าใช้จ่ายไม่บานปลาย-ทำเลต้นโครงการ-ใกล้สโมสร-listing-no-yt01-920-for-sale-9712985,10300000.0,55675.67567567567,9.0
9983306,,Bang Plee,"Bang Na-Chonburi Expressway, Bangphli Yai, Bang Plee, Samut Prakan",13.61476157264031,100.713172,2020.0,3.0,3.0,130.0,Fully Furnished,0,https://www.ddproperty.com/en/property/ขายบ้านเดี่ยว-บริทาเนีย-บางนา-กม-12-เนื้อที่-51-ตร-วา-สถาพใหม่ตกแต่งอย่างดีพร้อมอยู่-ใกล้ทางด่วนบางนา-บูรพาวิถี-เพียง-15-นาที-for-sale-9983306,7250000.0,55769.230769230766,6.0
9992844,,Bang Plee,"Soi Kanchanaphisek 39, Kanchanaphisek Road, Rachathewa, Bang Plee, Samut Prakan",13.683994606075249,100.71235504662708,2020.0,4.0,3.0,188.0,Fully Furnished,0,https://www.ddproperty.com/en/property/burasiri-village-ring-road-on-on-nuch-10-5-m-thb-listing-no-yt01-962-for-sale-9992844,10500000.0,55851.063829787236,6.0
8914504,,Kathu,"ถนน เทพกระษัตรี, Kammala, Kathu, Phuket",8.0902854,98.3401364,2014.0,4.0,6.0,340.0,Fully Furnished,0,https://www.ddproperty.com/en/property/4-bedroom-villa-for-sale-at-laguna-park-u151567-for-sale-8914504,19000000.0,55882.35294117647,12.0
9988065,,Prawet,"Kanchanaphisek Parallel Road, Dok Mai, Prawet, Bangkok",13.65726121589002,100.69563967590716,2012.0,3.0,3.0,152.0,unknown,0,https://www.ddproperty.com/en/property/ขาย-บ้านเดี่ยว-บุราสิริ-อ่อนนุช-บางนา-152-ตรม-68-ตร-วา-สภาพดีมาก-for-sale-9988065,8500000.0,55921.05263157895,14.0
8895309,,Bang Plee,"Soi Kanchanaphisek 39, Kanchanaphisek Road, Rachathewa, Bang Plee, Samut Prakan",13.683994606075249,100.71235504662708,2020.0,3.0,3.0,152.0,Unfurnished,0,https://www.ddproperty.com/en/property/บุราสิริ-วงแหวน-อ่อนนุช-เมกาบางนา-68ตร-วา-หน้าบ้านหันทิศเหนือ-3ห้องนอน-3ห้องน้ำ-ใกล้คลับเฮ้าส์-สระว่ายน้ำ-สนามสุวรรณภูมิ-for-sale-8895309,8500000.0,55921.05263157895,6.0
7613727,,Bang Rak,"Silom, Silom, Bang Rak, Bangkok",13.727075,100.53459,2014.0,3.0,3.0,320.0,Fully Furnished,0,https://www.ddproperty.com/en/property/3-bedroom-villa-with-great-seaview-in-chaweng-noi-husm24132-for-sale-7613727,17900000.0,55937.5,12.0
9993362,,Muang Nonthaburi,"Rachapruk Road, Bang Rak Noi, Muang Nonthaburi, Nonthaburi",13.870367792379607,100.45210276575764,2015.0,4.0,4.0,320.0,Partially Furnished,0,https://www.ddproperty.com/en/property/grand-bangkok-boulevard-ราชพฤกษ์-รัตนาธิเบศร์-คุณภาพชีวิตที่ดีเหนือระดับ-บ้านที่จะบอกถึงความสำเร็จของคุณ-for-sale-9993362,17900000.0,55937.5,11.0
8776210,,Lak Si,"Thung Song Hong, Lak Si, Bangkok",13.794508,100.650975,2016.0,5.0,2.0,799.0000000000001,Fully Furnished,0,https://www.ddproperty.com/en/property/sale-green-ville-ii-5-bedrooms-id-92955-h-123-799-sqm-for-sale-8776210,44700000.0,55944.931163954934,10.0
9272456,,Prawet,"Kanchanaphisek Road, Dok Mai, Prawet, Bangkok",13.675298437686354,100.6919014673393,2019.0,5.0,6.0,500.0,Fully Furnished,0,https://www.ddproperty.com/en/property/ขายบ้านเดี่ยวสุดหรู-2-ชั้น-หมู่บ้านแกรนด์โมนาโค-เฟส1-เนื้อที่-168-2-ตารางวา-ซอยกาญจนาภิเษก50-ถนนกาญจนาภิเษก-for-sale-9272456,28000000.0,56000.0,7.0
9615686,,Muang Phuket,"ราไวย์ Wiset, Chalong, Muang Phuket, Phuket",7.789263,98.330707,2012.0,3.0,3.0,410.0,Unfurnished,0,https://www.ddproperty.com/en/property/920081007-106-brand-new-vip-villa-in-rawai-for-sale-9615686,23000000.0,56097.560975609755,14.0
9736814,,Prawet,"288 Kanchanaphisek Road, Dok Mai, Prawet, Bangkok",13.68129,100.698818,2018.0,3.0,3.0,205.0,Fully Furnished,0,https://www.ddproperty.com/en/property/ขายบ้านเดี่ยว-เดอะแกรนด์-บางนา-วงแหวน-74-9-ตรว-205-ตรม-ใหม่-3ห้องนอน-3-ห้องน้ำ-ราคา-11-5-ล้าน-บาท-เท่านั้น-for-sale-9736814,11500000.0,56097.560975609755,8.0
9751026,,Bang Khen,"Soi Ramintra 14, Tha Rang, Bang Khen, Bangkok",13.848969541342376,100.62453306793954,2017.0,5.0,3.0,409.0,unknown,0,https://www.ddproperty.com/en/property/สุดคุ้ม-ปรับลดหลักล้าน-คาซ่า-เลเจนด์-เกษตร-นวมินทร์-5-ห้องนอน-ขาย-casa-legend-kaset-nawamintr-5-bedrooms-for-sale-hl025-for-sale-9751026,23000000.0,56234.71882640587,9.0
9676177,,Chatuchak,"Moobaan Klang Muang Monte-Carlo Road, Ratchavipha, Lat Yao, Chatuchak, Bangkok",13.835702836537198,100.55357672990236,2006.0,4.0,4.0,346.0,unknown,0,https://www.ddproperty.com/en/property/ขายเดี่ยว-3-ชั้น-บ้านกลางกรุง-เดอะนิช-รัชวิภา-for-sale-9676177,19500000.0,56358.38150289017,20.0
8871382,,Bang Plee,"Buanakarin Road, Bang Kaeo, Bang Plee, Samut Prakan",13.635187,100.667482,2018.0,4.0,4.0,230.0,Fully Furnished,0,https://www.ddproperty.com/en/property/ขายด่วน-หลังมุม-บ้านเดี่ยว-2-ชั้น-centro-บางนา-กม7-พื้นที่-62-5ตรวา-4ห้องนอน-4ห้องน้ำ-for-sale-8871382,12990000.0,56478.260869565216,8.0
9861391,,Thanyaburi,"Rangsit-Nakhon Nayok Road, Bung Sanan, Thanyaburi, Pathum Thani",14.053485834160876,100.82938110776472,2008.0,3.0,2.0,61.900000000000006,unknown,0,https://www.ddproperty.com/en/property/ขายบ้านเดี่ยว-บ้านธัญญาภิรมย์-รังสิต-คลอง-10-baan-thanyapirom-rangsit-klong-10-หลังมุม-ธัญบุรี-ปทุมธานี-for-sale-9861391,3500000.0,56542.81098546041,18.0
8644192,,Muang Phuket,"22/1 Thepkrasatti, Ko Kaeo, Muang Phuket, Phuket",7.964698,98.385007,2012.0,4.0,5.0,495.0,Fully Furnished,0,https://www.ddproperty.com/en/property/4-bedroom-villa-for-sale-at-boat-lagoon-u18932-for-sale-8644192,28000000.0,56565.656565656565,14.0
9982378,,Sai Mai,"Sukhaphiban 5 Road, O-Ngoen, Sai Mai, Bangkok",13.895494305747276,100.66007239250936,2017.0,4.0,3.0,175.0,unknown,0,https://www.ddproperty.com/en/property/ขาย-บ้านเดี่ยว-บุราสิริ-วัชรพล-175-ตรม-62-8-ตร-วา-สภาพดีมาก-พร้อมอยู่-for-sale-9982378,9900000.0,56571.42857142857,9.0
10032796,,Muang Samut Sakhon,"Bang Khun Thian Road - Chai Talay, Phanthai Norasing, Muang Samut Sakhon, Samut Sakhon",13.544386907508876,100.41804957802816,2007.0,3.0,2.0,150.0,Unfurnished,0,https://www.ddproperty.com/en/property/ขายบ้านเดี่ยว-120-ตร-วา-สภาพใหม่-ม-พฤกษาวิลเลจ-6-เทียนทะเล-อ-เมือง-สมุทรสาคร-for-sale-10032796,8500000.0,56666.666666666664,19.0
10034920,,Khan Na Yao,"Kanchanaphisek Road, Ram Inthra, Khan Na Yao, Bangkok",13.824668705058128,100.6730238067086,2013.0,3.0,4.0,308.0,unknown,0,https://www.ddproperty.com/en/property/ขายบ้านเดี่ยว-บางกอก-บลูเลอวาร์ด-รามอินทรา3-bangkok-boulervard-ramintra3-for-sale-10034920,17500000.0,56818.181818181816,13.0
10014772,,Khan Na Yao,"Kanchanaphisek Road, Ram Inthra, Khan Na Yao, Bangkok",13.824668705058128,100.6730238067086,2013.0,3.0,4.0,308.0,Partially Furnished,0,https://www.ddproperty.com/en/property/ขายบ้านเดี่ยว-bangkok-boulevard-รามอินทรา3-3-นอน-4น้ำ-พื้นที่ใช้สอย-308-ตรม-พร้อมสระว่ายน้ำส่วนตัว-for-sale-10014772,17500000.0,56818.181818181816,13.0
10037079,,Khan Na Yao,"Kanchanaphisek Road, Ram Inthra, Khan Na Yao, Bangkok",13.824668705058128,100.6730238067086,2013.0,3.0,4.0,308.0,Fully Furnished,0,https://www.ddproperty.com/en/property/bangkok-boulevard-ramintra-3-บางกอก-บูเลอวาร์ด-รามอินทรา-3-for-sale-10037079,17500000.0,56818.181818181816,13.0
8911752,,Muang Nonthaburi,"Rachapruk Road, Bang Rak Noi, Muang Nonthaburi, Nonthaburi",13.870367792379607,100.45210276575764,2015.0,4.0,4.0,315.0,Fully Furnished,0,https://www.ddproperty.com/en/property/single-house-grand-bangkok-boulevard-project-ratchaphruek-rattanathibet-gbbr-next-to-ratchaphruek-road-near-bts-luxury-house-modern-luxury-style-innovative-design-new-function-for-sale-8911752,17900000.0,56825.39682539683,11.0
10070567,,Khlong Sam Wa,"Phraya Suren Road (Ramintra 109), Bang Chun, Khlong Sam Wa, Bangkok",13.814628,100.699254,2015.0,3.0,3.0,145.0,Unfurnished,0,https://www.ddproperty.com/en/property/b2080465-ขาย-บ้านเดี่ยว-อิคอนเนเจอร์-รามอินทรา-109-ตึก-2-ชั้น-43-6-ตร-ว-sell-iconature-ramintra-109-for-sale-10070567,8240000.0,56827.58620689655,11.0
9452403,,Bang Lamung,"4 พระตำหนัก, Nong Pru, Bang Lamung, Chon Buri",12.9160681,100.8668655,2009.0,3.0,3.0,227.0,Unfurnished,0,https://www.ddproperty.com/en/property/3-bedroom-villa-for-sale-at-emerald-bay-view-u1030374-for-sale-9452403,12900000.0,56828.19383259912,17.0
8776596,,Watthana,"Soi Sukhumvit 55, Sukhumvit Road, Khlong Tan Nua, Watthana, Bangkok",13.726845,100.580083,2019.0,6.0,8.0,930.0,Fully Furnished,0,https://www.ddproperty.com/en/property/sale-6-bedrooms-house-pridi-banomyong-6-bedrooms-id-48311-h-001-930-sqm-for-sale-8776596,53000000.0,56989.24731182796,7.0
10050261,,Nong Khaem,"Machareon Road, Nong Kang Plu, Nong Khaem, Bangkok",13.702222,100.341833,2020.0,4.0,3.0,140.0,unknown,0,https://www.ddproperty.com/en/property/pbh-01226-house-for-sale-grandio-petchkasem-81-for-sale-10050261,7990000.0,57071.42857142857,6.0
7602929,,Thalang,"38/2 Soi Cherngtalay 2, Bandon - Cherngtalay Road, Choeng Thale, Thalang, Phuket",8.000164668691545,98.3212503360308,2021.0,2.0,2.0,296.0,Fully Furnished,0,https://www.ddproperty.com/en/property/new-pool-villa-in-prime-area-in-layan-hhkt25312-for-sale-7602929,16900000.0,57094.59459459459,5.0
9783154,,Bang Plee,"159 Wat Nam Daeng Road, Bang Kaeo, Bang Plee, Samut Prakan",13.623552580526855,100.64993997065017,2018.0,4.0,3.0,185.0,Unfurnished,0,https://www.ddproperty.com/en/property/ขายบ้านเดี่ยว-มัณฑนา-ศรีนครินทร์-บางนา-หน้าบ้านทิศเหนือ-71-7ตารางวา-4ห้องนอน-บ้านใหม่ยังไม่เคยเข้าอยู่-เนื้อที่เยอะ-วัดหนามแดง-for-sale-9783154,10590000.0,57243.24324324324,8.0
9770018,,Prawet,"Srinakarin, Nong Bon, Prawet, Bangkok",13.688039,100.645814,2010.0,4.0,5.0,284.0,unknown,0,https://www.ddproperty.com/en/property/sale-bangkok-boulevard-srinakarin-bangna-modern-style-4-bedrooms-house-4-bedrooms-id-166087-h-198-284-8-sqm-for-sale-9770018,16300000.0,57394.366197183095,16.0
9739116,,Bang Kapi,"Krungthep Kreetha Road, Hua Mak, Bang Kapi, Bangkok",13.744209164720049,100.67220223333982,2020.0,5.0,6.0,486.00000000000006,unknown,0,https://www.ddproperty.com/en/property/ปรับลดกว่า-5-ล้านบาท-แกรนด์-บางกอก-บูเลอวาร์ด-พระราม-9-5-ห้องนอน-ขาย-grand-bangkok-boulevard-rama-9-5-bedrooms-for-sale-tp112-for-sale-9739116,27900000.0,57407.4074074074,6.0
9980975,,Lak Si,"289 Vibhavadi Rangsit Road, Talat Bang Khen, Lak Si, Bangkok",13.887414592159798,100.58395248511808,2011.0,3.0,4.0,270.0,Partially Furnished,0,https://www.ddproperty.com/en/property/for-sale-single-house-แกรนด์-บางกอก-บูเลอวาร์ด-วิภาวดี-grand-bangkok-boulevard-viphavadi-trh-270-for-sale-9980975,15500000.0,57407.40740740741,15.0
9653027,,Lak Si,"289 Vibhavadi Rangsit Road, Talat Bang Khen, Lak Si, Bangkok",13.887414592159798,100.58395248511808,2011.0,3.0,4.0,270.0,unknown,0,https://www.ddproperty.com/en/property/ขายบ้านเดี่ยว-แกรนด์บางกอกบูเลอวาร์ด-วิภาวดี-3-ห้องนอน-grand-bangkok-boulevard-vibhavadi-t519-for-sale-9653027,15500000.0,57407.40740740741,15.0
10032363,,Kathu,"ถนน เทพกระษัตรี, Kammala, Kathu, Phuket",8.0902854,98.3401364,2014.0,3.0,5.0,423.0,Fully Furnished,0,https://www.ddproperty.com/en/property/3-bedroom-house-for-sale-at-laguna-park-2-u1067156-for-sale-10032363,24300000.0,57446.8085106383,12.0
9722891,,Bang Plee,"159 Wat Nam Daeng Road, Bang Kaeo, Bang Plee, Samut Prakan",13.623552580526855,100.64993997065017,2018.0,4.0,4.0,200.0,unknown,0,https://www.ddproperty.com/en/property/ขายบ้านเดี่ยว-มัณฑนา-ศรีนครินทร์-บางนา-ติดถนน-หนามแดง-หลังมุม-บ้านสวย-สิ่งแวดล้อมดีมาก-for-sale-9722891,11500000.0,57500.0,8.0
9084963,,Bang Plee,"Lat Krabang Road, Rachathewa, Bang Plee, Samut Prakan",13.714717,100.7251718,2018.0,3.0,3.0,151.0,Fully Furnished,0,https://www.ddproperty.com/en/property/ขายถูก-บ้านเดี่ยว-พร้อมอยู่-perfect-place-เพอร์เฟค-เพลส-สุขุมวิท-77-สุวรรณภูมิ-เฟส-6-for-sale-9084963,8690000.0,57549.66887417219,8.0
10025283,,Chom Thong,"Kanlapaphruek Road, Bangkhuntien, Chom Thong, Bangkok",13.707839177698547,100.45557757308396,2020.0,4.0,4.0,161.0,Fully Furnished,0,https://www.ddproperty.com/en/property/ขายบ้านแฝดมือสอง-ม-โกลเด้นนีโอ-กัลปพฤกษ์-สาทร-ขายขาดทุน-สภาพดีพร้อมอยู่-for-sale-10025283,9290000.0,57701.86335403727,6.0
10032366,,Kathu,"ถนน เทพกระษัตรี, Kammala, Kathu, Phuket",8.0902854,98.3401364,2014.0,3.0,5.0,426.00000000000006,Fully Furnished,0,https://www.ddproperty.com/en/property/3-bedroom-house-for-sale-at-laguna-park-2-u1067164-for-sale-10032366,24600000.0,57746.47887323943,12.0
10032365,,Kathu,"ถนน เทพกระษัตรี, Kammala, Kathu, Phuket",8.0902854,98.3401364,2014.0,3.0,5.0,426.00000000000006,Fully Furnished,0,https://www.ddproperty.com/en/property/3-bedroom-house-for-sale-at-laguna-park-2-u1067160-for-sale-10032365,24600000.0,57746.47887323943,12.0
10032364,,Kathu,"ถนน เทพกระษัตรี, Kammala, Kathu, Phuket",8.0902854,98.3401364,2014.0,3.0,5.0,426.00000000000006,Fully Furnished,0,https://www.ddproperty.com/en/property/3-bedroom-house-for-sale-at-laguna-park-2-u1067158-for-sale-10032364,24600000.0,57746.47887323943,12.0
9297057,,Bang Plee,"Buanakarin Road, Bang Kaeo, Bang Plee, Samut Prakan",13.635187,100.667482,2018.0,4.0,4.0,225.0,Fully Furnished,0,https://www.ddproperty.com/en/property/kn-0422-ขายด่วน-centro-บางนา-กม-7-บ้านสวย-สไตล์-modern-for-sale-9297057,13000000.0,57777.77777777778,8.0
9275893,,Bang Plee,"Buanakarin Road, Bang Kaeo, Bang Plee, Samut Prakan",13.635187,100.667482,2018.0,4.0,4.0,225.0,unknown,0,https://www.ddproperty.com/en/property/pu-128-don-t-miss-4-bed-single-house-for-sale-at-centro-bangna-km-7-corner-unit-nice-design-ref-p-202108-38894-for-sale-9275893,13000000.0,57777.77777777778,8.0
10062108,,Khan Na Yao,"Ramintra Road, Khan Na Yao, Khan Na Yao, Bangkok",13.813243,100.692297,2016.0,4.0,4.0,275.0,Fully Furnished,0,https://www.ddproperty.com/en/property/ขายด่วน-ม-ไลฟ์บางกอกบูเลอวาร์ด-รามอินทรา-เนื้อที่กว้างขวางเกือบ-65-ตร-ว-ตกแต่งครบ-สภาพดีพร้อมอยู่-for-sale-10062108,15900000.0,57818.181818181816,10.0
9410875,,Sai Mai,"Phoemsin Road, Khlong Tanon, Sai Mai, Bangkok",13.900194330868018,100.6348961943462,2017.0,3.0,3.0,190.0,Fully Furnished,0,https://www.ddproperty.com/en/property/บ้านเดี่ยว-โนเบิล-เกเบิล-วัชรพล-3-ห้องนอน-ขาย-noble-gable-watcharapon-3-bedrooms-for-sale-t514-for-sale-9410875,10990000.0,57842.10526315789,9.0
9764291,,Bang Plee,"159 Wat Nam Daeng Road, Bang Kaeo, Bang Plee, Samut Prakan",13.623552580526855,100.64993997065017,2018.0,4.0,3.0,183.0,Partially Furnished,0,https://www.ddproperty.com/en/property/ขาย-บ้านเดี่ยว-มัณฑนา-ศรีนครินทร์-บางนา-บ้านใหม่ยังไม่เคยเข้าอยู่-for-sale-9764291,10590000.0,57868.852459016394,8.0
8797747,,Bang Plee,"68 Bangna-Trad Road, Bang Kaeo, Bang Plee, Samut Prakan",13.642063,100.666464,2018.0,4.0,5.0,285.0,unknown,0,https://www.ddproperty.com/en/property/house-for-sale-rent-at-mantana-1-bangna-km7-16-5-m-thb-thb-70k-month-listing-no-yt01-850-for-sale-8797747,16500000.0,57894.73684210526,8.0
9736764,,Prawet,"Kanchanaphisek Road, Dok Mai, Prawet, Bangkok",13.696744709922807,100.70195127698436,2020.0,4.0,5.0,250.0,Fully Furnished,0,https://www.ddproperty.com/en/property/ด่วนขาย-บ้านเดี่ยว-2ชั้น-casa-grand-onnuch-wongwhean-คาซ่า-แกรนด์-อ่อนนุช-วงแหวน-ขนาด-89ตรว-ราคา-14-5ล้านบาท-เท่านั้น-for-sale-9736764,14500000.0,58000.0,6.0
10034819,,Bueng Kum,"Soi Nawamin 53, Nawamin, Bueng Kum, Bangkok",13.788644751227949,100.64614521200328,2017.0,4.0,3.0,205.0,unknown,0,https://www.ddproperty.com/en/property/house-for-sale-the-city-nawamin-53-very-new-ready-to-move-for-sale-10034819,11900000.0,58048.78048780488,9.0
9713070,,Bueng Kum,"Soi Nawamin 53, Nawamin, Bueng Kum, Bangkok",13.788644751227949,100.64614521200328,2017.0,4.0,3.0,205.0,Fully Furnished,0,https://www.ddproperty.com/en/property/house-for-sale-the-city-nawamin-53-very-new-ready-to-move-for-sale-9713070,11900000.0,58048.78048780488,9.0
8711918,,Bang Plee,"159 Wat Nam Daeng Road, Bang Kaeo, Bang Plee, Samut Prakan",13.623552580526855,100.64993997065017,2018.0,3.0,3.0,155.0,unknown,0,https://www.ddproperty.com/en/property/single-house-mantana-srinakarin-namdang-sps-gh879-for-sale-8711918,9000000.0,58064.51612903226,8.0
10032359,,Kathu,"ถนน เทพกระษัตรี, Kammala, Kathu, Phuket",8.0902854,98.3401364,2014.0,3.0,5.0,423.0,Fully Furnished,0,https://www.ddproperty.com/en/property/3-bedroom-house-for-sale-at-laguna-park-2-u1067142-for-sale-10032359,24600000.0,58156.02836879432,12.0
10032361,,Kathu,"ถนน เทพกระษัตรี, Kammala, Kathu, Phuket",8.0902854,98.3401364,2014.0,3.0,5.0,423.0,Fully Furnished,0,https://www.ddproperty.com/en/property/3-bedroom-house-for-sale-at-laguna-park-2-u1067148-for-sale-10032361,24600000.0,58156.02836879432,12.0
10046645,,Kathu,"ถนน เทพกระษัตรี, Kammala, Kathu, Phuket",8.0902854,98.3401364,2014.0,3.0,5.0,423.0,Fully Furnished,0,https://www.ddproperty.com/en/property/3-bedroom-house-for-sale-at-laguna-park-2-u1067146-for-sale-10046645,24600000.0,58156.02836879432,12.0
10032360,,Kathu,"ถนน เทพกระษัตรี, Kammala, Kathu, Phuket",8.0902854,98.3401364,2014.0,3.0,5.0,423.0,Fully Furnished,0,https://www.ddproperty.com/en/property/3-bedroom-house-for-sale-at-laguna-park-2-u1067144-for-sale-10032360,24600000.0,58156.02836879432,12.0
10032362,,Kathu,"ถนน เทพกระษัตรี, Kammala, Kathu, Phuket",8.0902854,98.3401364,2014.0,3.0,5.0,423.0,Fully Furnished,0,https://www.ddproperty.com/en/property/3-bedroom-house-for-sale-at-laguna-park-2-u1067150-for-sale-10032362,24600000.0,58156.02836879432,12.0
10044016,,Min Buri,"Kheha Rom Klao Road, Min Buri, Min Buri, Bangkok",13.77616450043354,100.73479655628084,2017.0,3.0,3.0,158.0,Fully Furnished,0,https://www.ddproperty.com/en/property/ขาย-บ้านเดี่ยว-มัณฑนา-ศรีนครินทร์-ร่มเกล้า-สภาพดี-สวย-พร้อมอยู่-for-sale-10044016,9200000.0,58227.84810126582,9.0
9045955,,Prawet,"Kanchanaphisek Road, Dok Mai, Prawet, Bangkok",13.690834,100.698748,2017.0,3.0,4.0,257.0,unknown,0,https://www.ddproperty.com/en/property/casa-premium-onnut-wongwhaen-listing-no-yt01-626-for-sale-9045955,14990000.0,58326.848249027236,9.0
8875815,,Bang Kapi,"Soi Krungthep Kreetha 7, Hua Mak, Bang Kapi, Bangkok",13.751984376046398,100.65666944712098,2007.0,3.0,3.0,180.0,Partially Furnished,0,https://www.ddproperty.com/en/property/ขายบ้านเดี่ยว-2-ชั้น-กรองทอง-วิลล่า-พาร์ค-ขนาด-70-ตรวา-ถ-กรุงเทพฯ-กรีฑา-ซ-7-3-ห้องนอน-3-ห้องน้ำ-หลังมุม-for-sale-8875815,10500000.0,58333.333333333336,19.0
8681167,,Bang Lamung,"319 ม.12 จอมเทียน, Bang Lamung, Chon Buri",12.902163936709,100.86598277092,1988.0,10.0,10.0,788.0,Fully Furnished,0,https://www.ddproperty.com/en/property/7-bed-7-bath-in-jomtien-for-46-000-000-thb-pc8219-for-sale-8681167,46000000.0,58375.6345177665,38.0
9238279,,Thawi Watthana,"Phutthamonthon Sai 3 Road, Sala Thammasop, Thawi Watthana, Bangkok",13.771055,100.363195,2017.0,4.0,5.0,307.0,Partially Furnished,0,https://www.ddproperty.com/en/property/ศุภาลัย-พรีม่า-วิลล่า-พุทธมณฑล-สาย3-บิวท์อินทั้งหลัง-for-sale-9238279,18000000.0,58631.92182410423,9.0
9206703,,Bang Lamung,"Chaiyapruek 2 Road, Bang Lamung, Bang Lamung, Chon Buri",12.883683558165322,100.91548712539844,2012.0,3.0,3.0,220.0,unknown,0,https://www.ddproperty.com/en/property/พูลวิลล่าสุดหรู-พัทยา-silk-road-place-for-sale-9206703,12900000.0,58636.36363636364,14.0
7981860,,Suan Luang,"Phatthanakan 20, Phatthanakan Road, Suan Luang, Suan Luang, Bangkok",13.726065,100.616178,2023.0,3.0,4.0,220.0,Partially Furnished,0,https://www.ddproperty.com/en/property/โครงการ-estara-haven-พัฒนาการ20-บ้านเดี่ยวหรู-220ตรม-3นอน-4น้ำ-3-5ชั้น-2จอดรถ-บ้านใหม่-for-sale-7981860,12900000.0,58636.36363636364,3.0
8969523,,Thalang,"147 Moo 6, Choeng Thale, Thalang, Phuket",8.028937170548243,98.295040268494,2022.0,3.0,4.0,664.0,Fully Furnished,0,https://www.ddproperty.com/en/property/3-bedroom-modern-sea-view-villa-for-sale-in-phuket-hhkt28007-for-sale-8969523,39000000.0,58734.93975903615,4.0
10076386,,Khan Na Yao,"Kanchanaphisek Road, Ram Inthra, Khan Na Yao, Bangkok",13.824668705058128,100.6730238067086,2013.0,3.0,4.0,308.0,Fully Furnished,0,https://www.ddproperty.com/en/property/for-sale-single-house-bangkok-boulevard-ramintra-3-trh-330-for-sale-10076386,18100000.0,58766.23376623377,13.0
10078322,,Bang Plee,"159 Wat Nam Daeng Road, Bang Kaeo, Bang Plee, Samut Prakan",13.623552580526855,100.64993997065017,2018.0,4.0,4.0,180.0,Partially Furnished,0,https://www.ddproperty.com/en/property/4-bedroom-brand-new-house-for-sale-in-mantana-srinakarin-bangna-village-only-5-minutes-to-sisb-suvarnabhumi-campus-for-sale-10078322,10590000.0,58833.333333333336,8.0
9784624,,Bang Plee,"159 Wat Nam Daeng Road, Bang Kaeo, Bang Plee, Samut Prakan",13.623552580526855,100.64993997065017,2018.0,4.0,4.0,236.0,Partially Furnished,0,https://www.ddproperty.com/en/property/ขายด่วน-บ้านเดี่ยว82ตารางวา-มัณฑนา-ศรีนครินทร์-บางนา-หน้าบ้านทิศเหนือ-4ห้องนอน-4ห้องน้ำ-4ที่จอดรถ-เนื้อที่เยอะมาก-for-sale-9784624,13900000.0,58898.30508474576,8.0
9994302,,Bang Khen,"Soi Ramintra 14, Tha Rang, Bang Khen, Bangkok",13.848969541342376,100.62453306793954,2017.0,4.0,4.0,236.0,Partially Furnished,0,https://www.ddproperty.com/en/property/ขายบ้านเดี่ยวสุดหรู-สภาพใหม่-ซ-มัยลาภ-หมู่บ้านคาซ่า-เลเจ้นด์-เกษตร-นวมินทร์-casa-legend-kaset-nawamin-4-นอน-4-น้ำ-2-ที่จอดรถ-ราคาสุดพิเศษคะ-for-sale-9994302,13900000.0,58898.30508474576,9.0
9958633,,Bang Plee,"159 Wat Nam Daeng Road, Bang Kaeo, Bang Plee, Samut Prakan",13.623552580526855,100.64993997065017,2018.0,4.0,3.0,183.0,unknown,0,https://www.ddproperty.com/en/property/บ้านเดี่ยว-มัณฑนา-ศรีนครินทร์-บางนา-4-ห้องนอน-ขาย-mantana-srinakarin-bangna-house-4-bedrooms-for-sale-bovi019-for-sale-9958633,10790000.0,58961.74863387978,8.0
8776442,,Pattaya,"Huai Yai, Pattaya, Pattaya",17.05182,104.265479,2014.0,5.0,5.0,2016.0,Fully Furnished,0,https://www.ddproperty.com/en/property/sale-land-with-house-5-bedrooms-id-60645-h-102-2016-sqm-for-sale-8776442,119000000.0,59027.77777777778,12.0
7956933,,Suan Luang,"Phatthanakan 20, Phatthanakan Road, Suan Luang, Suan Luang, Bangkok",13.726065,100.616178,2023.0,3.0,4.0,220.0,unknown,0,https://www.ddproperty.com/en/property/ขาย-estara-haven-พัฒนาการ-20-บ้านหรู-3-ชั้น-พื้นที่ใช้สอยเต็มพื้นที่-ตอบโจทย์บ้านที่มองหา-สุดคุ้มค่า-for-sale-7956933,12990000.0,59045.454545454544,3.0
9965288,,Bang Kapi,"Krungthep Kreetha Road, Hua Mak, Bang Kapi, Bangkok",13.744209164720049,100.67220223333982,2020.0,4.0,4.0,230.0,Partially Furnished,0,https://www.ddproperty.com/en/property/ขายบ้านเดี่ยว-บางกอกบูเลอวาร์ด-พระราม9-ศรีนครินทร์-ถนนกรุงเทพกรีฑา-บ้านสวยพร้อมอยู่-68197-for-sale-9965288,13590000.0,59086.95652173913,6.0
9770000,,Muang Nonthaburi,"- Rattanathibet Road, Sai Ma, Muang Nonthaburi, Nonthaburi",13.870823,100.467008,2018.0,3.0,4.0,240.0,Fully Furnished,0,https://www.ddproperty.com/en/property/sale-nonnicha-phra-nangklao-bridge-3-bedrooms-id-163000-h-181-240-sqm-for-sale-9770000,14200000.0,59166.666666666664,8.0
7613715,,Bang Rak,"Silom, Silom, Bang Rak, Bangkok",13.727075,100.53459,2014.0,1.0,1.0,118.0,Fully Furnished,0,https://www.ddproperty.com/en/property/villa-neuve-avec-piscine-priv%C3%A9e-et-vue-mer-%C3%A0-choeng-mon-husm25338-for-sale-7613715,6990000.0,59237.28813559322,12.0
9656325,,Phasi Charoen,"Soi Mooban Nanthawan, Bang Waek, Phasi Charoen, Bangkok",13.732161441743862,100.4478087679379,2006.0,3.0,3.0,204.0,Partially Furnished,0,https://www.ddproperty.com/en/property/for-sale-nantawan-village-sathorn-ratchaphruek-for-sale-9656325,12100000.0,59313.72549019608,20.0
9865687,,Bang Khen,"Soi Ramintra 14, Tha Rang, Bang Khen, Bangkok",13.848969541342376,100.62453306793954,2017.0,4.0,4.0,236.0,Unfurnished,0,https://www.ddproperty.com/en/property/11512-คาซ่า-เลเจนด์-เกษตร-นวมินทร์-เพียง-10-นาทีถึง-the-walk-เกษตร-นวมินทร์-for-sale-9865687,14000000.0,59322.03389830508,9.0
8483605,,Bang Khun Thian,"Rama II Rd., Tha Kham, Bang Khun Thian, Bangkok",13.615959,100.43711,2013.0,3.0,3.0,106.0,unknown,0,https://www.ddproperty.com/en/property/ขายด่วน-บ้านเดี่ยว-คาซ่า-เพรสโต้-พระราม2-casa-presto-rama2-สวยพร้อมอยู่-รหัสsh644-for-sale-8483605,6290000.0,59339.622641509435,13.0
8128357,,Bang Plee,"Buanakarin Road, Bang Kaeo, Bang Plee, Samut Prakan",13.635187,100.667482,2018.0,4.0,4.0,328.0,unknown,0,https://www.ddproperty.com/en/property/ขายบ้านเดี่ยว-ลัดดารมย์-บางนา-กม-7-บ้านสวย-หลังใหญ่-ทำเลดี-ราคาสุดพิเศษ-for-sale-8128357,19500000.0,59451.21951219512,8.0
9975994,,Bang Khen,"Soi Ram Inthra 23, Anusaowari, Bang Khen, Bangkok",13.867082,100.621047,2015.0,3.0,4.0,200.0,unknown,0,https://www.ddproperty.com/en/property/ขาย-บ้านเดี่ยว-2-ชั้น-107-9-ตรว-โครงกรบางกอก-บูเลอวาร์ด-รามอินทรา-ราคาต่ำกว่าตลาด-เดินทางสะดวกใกล้ทางด่วนเอกมัย-รามอินทรา-for-sale-9975994,11900000.0,59500.0,11.0
9326167,,Pak Kret,"Ratchapruek Road, Om Kret, Pak Kret, Nonthaburi",13.908868618801126,100.45033871784273,2014.0,5.0,5.0,420.0,unknown,0,https://www.ddproperty.com/en/property/detached-house-for-sale-laddarom-elegance-ratchaphruek-ratthanathibet-private-pool-with-guest-house-a-luxury-house-ready-to-move-in-for-sale-9326167,25000000.0,59523.80952380953,12.0
10075172,,Bang Khen,"Soi Ramintra 14, Tha Rang, Bang Khen, Bangkok",13.848969541342376,100.62453306793954,2017.0,3.0,4.0,216.0,Partially Furnished,0,https://www.ddproperty.com/en/property/ขายบ้านเดี่ยวcasa-legend-เกษตร-นวมินทร์-เนื้อที่-54-ตรว-3-ห้องนอน-4-ห้องน้ำ-ห่างจาก-pk20-มัยลาภ-เพียง-1-0-กม-ราคาขาย-12-9-ลบ-for-sale-10075172,12900000.0,59722.22222222222,9.0
8805034,,Cha-Am,"1500 ถนน เพชรเกษม, Cha-am, Cha-Am, Phetchaburi",12.645240239731264,99.95197300855732,2014.0,3.0,4.0,167.0,unknown,0,https://www.ddproperty.com/en/property/boathouse-3-bedroom-3-storey-townhouse-for-sale-8805034,9990000.0,59820.35928143712,12.0
10049726,,Khlong Sam Wa,"Panyaintra Road, Sam Wa Tawan Tok, Khlong Sam Wa, Bangkok",13.869696387180444,100.70844054145434,2012.0,3.0,2.0,130.0,unknown,0,https://www.ddproperty.com/en/property/ขายบ้านเดี่ยว-ฮาบิเทีย-ปัญญาอินทรา1-habitia-panyaintra1-for-sale-10049726,7790000.0,59923.07692307692,14.0
8584665,,Bang Kruai,"Ratchaphruek Road, Mahasawat, Bang Kruai, Nonthaburi",13.81120416435241,100.44910407625358,2005.0,4.0,3.0,250.0,unknown,0,https://www.ddproperty.com/en/property/house-for-sale-at-the-corner-of-siwalee-village-ratchapruek-ratchapruek-road-next-to-the-crystal-park-38-hh-64016-for-sale-8584665,15000000.0,60000.0,21.0
9774836,,Bang Kapi,"Krungthep Kreetha Road, Hua Mak, Bang Kapi, Bangkok",13.756156328373264,100.66896931065986,2015.0,2.0,3.0,165.0,unknown,0,https://www.ddproperty.com/en/property/2-bed-condo-for-sale-rent-at-setthasiri-krungthepkreetha-ref-p-202112-51184-for-sale-9774836,9900000.0,60000.0,11.0
9988244,,Bang Kapi,"Krungthep Kreetha Road, Hua Mak, Bang Kapi, Bangkok",13.756156328373264,100.66896931065986,2015.0,3.0,3.0,165.0,unknown,0,https://www.ddproperty.com/en/property/ขาย-บ้านเดี่ยว-เศรษฐสิริ-กรุงเทพกรีฑา-165-ตรม-52-7-ตร-วา-for-sale-9988244,9900000.0,60000.0,11.0
9787073,,Bang Kapi,"Krungthep Kreetha Road, Hua Mak, Bang Kapi, Bangkok",13.756156328373264,100.66896931065986,2015.0,3.0,3.0,165.0,unknown,0,https://www.ddproperty.com/en/property/bs377-ขายพร้อมผู้เช่า-หมุ่บ้านเศรษฐสิริ-กรุงเทพกรีฑา-ซอย-15-1-ติด-brighton-college-for-sale-9787073,9900000.0,60000.0,11.0
9278232,,Bang Khen,"Soi Ramintra 14, Tha Rang, Bang Khen, Bangkok",13.848969541342376,100.62453306793954,2017.0,4.0,4.0,197.0,unknown,0,https://www.ddproperty.com/en/property/casa-legend-kaset-nawamintra-4-bedrooms-for-sale-คาซ่า-เลเจนด์-เกษตร-นวมินทร์-4-ห้องนอน-ขาย-hl027-for-sale-9278232,11900000.0,60406.09137055837,9.0
8776289,,Bang Na,"Bangna-Trad 13 Bangna-Trad 13, Bang Na, Bang Na, Bangkok",13.670547,100.624587,2014.0,3.0,4.0,240.0,Fully Furnished,0,https://www.ddproperty.com/en/property/sale-setthasiri-bangna-village-3-bedrooms-id-104529-h-173-240-sqm-for-sale-8776289,14500000.0,60416.666666666664,12.0
9946584,,Prawet,"Kanchanaphisek Parallel Road, Dok Mai, Prawet, Bangkok",13.65726121589002,100.69563967590716,2012.0,3.0,3.0,296.0,unknown,0,https://www.ddproperty.com/en/property/ae65037-house-for-sale-corner-plot-burasiri-bangna-area-115-6-sqw-very-for-sale-9946584,17900000.0,60472.97297297297,14.0
8357566,,Sam Phran,"Phutthamonthon Sai 4 Road, Krathum Lom, Sam Phran, Nakhon Pathom",13.719401671648072,100.32997567493815,2019.0,3.0,2.0,152.0,Fully Furnished,0,https://www.ddproperty.com/en/property/l7110363-ขาย-บ้านเดี่ยว-ภัสสร-เพรสทีจ-ลุกซ์-พัฒนาการ-ตึก-2-ชั้น-ขนาด-38-ตร-ว-sell-passorn-prestige-luxe-pattanakarn-for-sale-8357566,9200000.0,60526.31578947369,7.0
9665656,,Bang Khen,"Soi Ramintra 14, Tha Rang, Bang Khen, Bangkok",13.848969541342376,100.62453306793954,2017.0,4.0,4.0,236.0,unknown,0,https://www.ddproperty.com/en/property/ขายบ้านเดี่ยวสุดหรู-สภาพใหม่-หมู่บ้านคาซ่า-เลเจ้นด์-เกษตร-นวมินทร์-for-sale-9665656,14300000.0,60593.220338983054,9.0
9506776,,Prawet,"Sukhaphiban 2 Road, Prawet, Prawet, Bangkok",13.689908805573744,100.70451047631572,2008.0,3.0,2.0,140.0,Fully Furnished,0,https://www.ddproperty.com/en/property/ขายบ้านเดี่ยวแปลงมุม-3-ห้องนอน-72-ตรว-หมู่บ้านมัณฑนา-อ่อนนุช-วงแหวน-4-for-sale-9506776,8500000.0,60714.28571428572,18.0
9034267,,Bang Plee,"Soi Kanchanaphisek 39, Kanchanaphisek Road, Rachathewa, Bang Plee, Samut Prakan",13.683994606075249,100.71235504662708,2020.0,3.0,3.0,140.0,unknown,0,https://www.ddproperty.com/en/property/ขายด่วน-บ้านเดี่ยว-2-ชั้น-บุราสิริ-วงแหวน-อ่อนนุช-พื้นที่-61ตร-วา-3ห้องนอน-3ห้องน้ำ-for-sale-9034267,8500000.0,60714.28571428572,6.0
9996841,,Saphan Sung,"Krungthep Kreetha Road, Saphan Sung, Saphan Sung, Bangkok",13.743164,100.673497,2017.0,3.0,4.0,222.00000000000003,Unfurnished,0,https://www.ddproperty.com/en/property/ขายบ้านเดี่ยว-บางกอก-บูเลอวาร์ด-พระราม-9-ศรีนครินทร์-for-sale-9996841,13500000.0,60810.810810810806,9.0
9995195,,Saphan Sung,"Soi Krungthep Kreetha 37, Si Nakharin-Rom Klao Road, Saphan Sung, Saphan Sung, Bangkok",13.751780104197046,100.68910600000004,2022.0,4.0,4.0,230.0,unknown,0,https://www.ddproperty.com/en/property/ขายบ้านเดี่ยว-หมู่บ้านสัมมากร-ซ-รามคำแหง-162-1-หลังมุม-4-นอน-4-น้ำ-91-ตร-ว-for-sale-9995195,14000000.0,60869.565217391304,4.0
7602911,,Yan Nawa,"Ratchadaphisek Road, Chong Nonsi, Yan Nawa, Bangkok",13.699507,100.54023,2021.0,3.0,3.0,210.0,Fully Furnished,0,https://www.ddproperty.com/en/property/3-bedroom-pool-villa-in-nai-harn-close-to-the-beach-hhkt25271-for-sale-7602911,12800000.0,60952.380952380954,5.0
9936685,,Prawet,"Kanchanaphisek Parallel Road, Dok Mai, Prawet, Bangkok",13.65726121589002,100.69563967590716,2012.0,5.0,5.0,337.0,Unfurnished,0,https://www.ddproperty.com/en/property/kn-0569-ขายด่วน-บุราสิริ-บางนา-บ้านสวย-ระเบียงกว้างขวางรับลมเต็มที่สดชื่น-for-sale-9936685,20600000.0,61127.59643916914,14.0
9452400,,Bang Lamung,"4 พระตำหนัก, Nong Pru, Bang Lamung, Chon Buri",12.9160681,100.8668655,2009.0,3.0,3.0,227.0,Unfurnished,0,https://www.ddproperty.com/en/property/3-bedroom-villa-for-sale-at-emerald-bay-view-u1030368-for-sale-9452400,13900000.0,61233.48017621145,17.0
9452393,,Bang Lamung,"4 พระตำหนัก, Nong Pru, Bang Lamung, Chon Buri",12.9160681,100.8668655,2009.0,3.0,3.0,227.0,Unfurnished,0,https://www.ddproperty.com/en/property/3-bedroom-villa-for-sale-at-emerald-bay-view-u1030156-for-sale-9452393,13900000.0,61233.48017621145,17.0
9452399,,Bang Lamung,"4 พระตำหนัก, Nong Pru, Bang Lamung, Chon Buri",12.9160681,100.8668655,2009.0,3.0,3.0,227.0,Unfurnished,0,https://www.ddproperty.com/en/property/3-bedroom-villa-for-sale-at-emerald-bay-view-u1030366-for-sale-9452399,13900000.0,61233.48017621145,17.0
8284579,,Bang Yai,"Rural Road Nonthaburi 1009, Ban Mai, Bang Yai, Nonthaburi",13.872128,100.341521,2019.0,1.0,1.0,32.0,unknown,0,https://www.ddproperty.com/en/property/ขายขาดทุนด่วน-ราคาดีมาก-คอนโด-เดอะคีย์สาธร-ราชพฤกษ์-ตึก-a-รหัสss0178-for-sale-8284579,1960000.0,61250.0,7.0
10025174,,Bang Plee,"159 Wat Nam Daeng Road, Bang Kaeo, Bang Plee, Samut Prakan",13.623552580526855,100.64993997065017,2018.0,4.0,4.0,235.0,Fully Furnished,0,https://www.ddproperty.com/en/property/house-for-sale-at-mantana-srinakarin-bangna-14-4-m-thb-listing-no-yt01-969-for-sale-10025174,14400000.0,61276.59574468085,8.0
10059362,,Khan Na Yao,"Soi Ram Inthra 64, Ram Inthra Road, Khan Na Yao, Khan Na Yao, Bangkok",13.818424922358206,100.67964848633932,2018.0,3.0,3.0,206.48,Fully Furnished,0,https://www.ddproperty.com/en/property/2-storey-detached-house-for-sale-kin-oku-type-3-bedrooms-3-bathrooms-2-parking-spaces-innovative-houses-the-best-quality-from-japan-on-the-main-road-near-fashion-for-sale-10059362,12690000.0,61458.736923673,8.0
10056306,,Bang Khen,"50 Ramintra Road, Tha Rang, Bang Khen, Bangkok",13.851845290282569,100.65612379738695,2017.0,4.0,3.0,198.0,unknown,0,https://www.ddproperty.com/en/property/6503-1021-house-for-sale-ramintra-khan-na-yao-life-bangkok-boulevard-ramintra-65-4-bedrooms-for-sale-10056306,12200000.0,61616.16161616162,9.0
9806207,,Bang Kapi,"Krungthep Kreetha Road, Hua Mak, Bang Kapi, Bangkok",13.756156328373264,100.66896931065986,2015.0,4.0,4.0,300.0,Fully Furnished,0,https://www.ddproperty.com/en/property/for-sale-ขายบ้านเดี่ยว-หลังมุม-เศรษฐสิริ-กรุงเทพกรีฑา-pst-ann350-for-sale-9806207,18490000.0,61633.333333333336,11.0
9787012,,Bang Kapi,"Krungthep Kreetha Road, Hua Mak, Bang Kapi, Bangkok",13.756156328373264,100.66896931065986,2015.0,4.0,4.0,300.0,unknown,0,https://www.ddproperty.com/en/property/bs385-หมู่บ้านเศรษฐสิริ-กรุงเทพกรีฑา-15-1-ขายพร้อมผู้เช่าครูโรงเรียนนานาชาติ-หลังริมพร้อมสวนข้างบ้านขนาดใหญ่-แปลงหัวมุมใกล้สวนส่วนกลาง-for-sale-9787012,18490000.0,61633.333333333336,11.0
9804558,,Bang Kapi,"Krungthep Kreetha Road, Hua Mak, Bang Kapi, Bangkok",13.756156328373264,100.66896931065986,2015.0,4.0,4.0,300.0,Partially Furnished,0,https://www.ddproperty.com/en/property/k-4615-ขายด่วน-เศรษฐสิริ-กรุงเทพกรีฑา-บ้านสวย-ใกล้-ถนนกรุงเทพกรีฑาตัดใหม่-เดินทางสะดวก-for-sale-9804558,18490000.0,61633.333333333336,11.0
9746629,,Bang Kapi,"Krungthep Kreetha Road, Hua Mak, Bang Kapi, Bangkok",13.756156328373264,100.66896931065986,2015.0,4.0,3.0,193.0,Fully Furnished,0,https://www.ddproperty.com/en/property/ขายบ้านพร้อมผู้เช่า-บ้านเดี่ยว-หมู่บ้านเศรษฐสิริ-กรุงเทพกรีฑา15-1-เหมาะแก่การลงทุน-for-sale-9746629,11900000.0,61658.0310880829,11.0
9155834,,Bang Plee,"Buanakarin Road, Bang Kaeo, Bang Plee, Samut Prakan",13.635187,100.667482,2018.0,4.0,4.0,225.0,Partially Furnished,0,https://www.ddproperty.com/en/property/hh-622990-house-for-sale-centro-bangna-km-7-62-2-sq-m-225-sq-m-4-bedrooms-3-parking-spaces-for-sale-9155834,13900000.0,61777.77777777778,8.0
8574906,,Kathu,"ถนน เทพกระษัตรี, Kammala, Kathu, Phuket",8.0902854,98.3401364,2014.0,5.0,5.0,280.0,Unfurnished,0,https://www.ddproperty.com/en/property/5-bedroom-villa-for-sale-at-laguna-park-u658426-for-sale-8574906,17300000.0,61785.71428571428,12.0
9988240,,Prawet,"Phatthanakan-Onnut Road (New Cut), Prawet, Prawet, Bangkok",13.708832,100.66824,2021.0,4.0,3.0,194.0,unknown,0,https://www.ddproperty.com/en/property/ขาย-บ้านเดี่ยว-เศรษฐสิริ-พัฒนาการ-194-ตรม-64-ตร-วา-for-sale-9988240,11990000.0,61804.12371134021,5.0
9013075,,Prawet,"Kanchanaphisek Road, Dok Mai, Prawet, Bangkok",13.68799,100.690227,2020.0,4.0,4.0,225.0,unknown,0,https://www.ddproperty.com/en/property/kn-0268-ขายด่วน-centro-bangna-บ้านพร้อม-built-in-สไตล์-modern-for-sale-9013075,13910000.0,61822.22222222222,6.0
9118953,,Bang Khen,"Soi Ramintra 14, Tha Rang, Bang Khen, Bangkok",13.848969541342376,100.62453306793954,2017.0,4.0,5.0,250.0,unknown,0,https://www.ddproperty.com/en/property/tu-0089-ขายด่วน-บ้านเดี่ยว-ม-คาซ่าเลเจนด์-ราชพฤกษ์-พระราม-5-หลังใหญ่-ใกล้ทางด่วนใหม่-ถนนราชพฤกษ์-วงเวียนพระราม-5-the-walk-for-sale-9118953,15500000.0,62000.0,9.0
9196051,,Bang Plee,"Soi Kanchanaphisek 39, Kanchanaphisek Road, Rachathewa, Bang Plee, Samut Prakan",13.683994606075249,100.71235504662708,2020.0,3.0,3.0,137.0,Partially Furnished,0,https://www.ddproperty.com/en/property/บุราสิริ-วงแหวน-อ่อนนุช-61ตารางวา-3ห้องนอน-3ห้องน้ำ-หน้าบ้านหันทิศเหนือ-ใกล้เมกาบางนา-รพ-จุฬารัตน์9-กิ่งแก้ว25-1-for-sale-9196051,8500000.0,62043.79562043796,6.0
9743223,,Pak Kret,"Ratchapruek Road, Om Kret, Pak Kret, Nonthaburi",13.908868618801126,100.45033871784273,2014.0,4.0,5.0,370.0,unknown,0,https://www.ddproperty.com/en/property/ขายบ้านเดี่ยว-ลัดดารมย์-อิลิแกนซ์-laddarom-elegance-ราชพฤกษ์-รัตนาธิเบศร์-บิ้วท์อินครบ-สภาพใหม่-พร้อมอยู่-for-sale-9743223,23000000.0,62162.16216216216,12.0
9844489,,Bang Plee,"Lat Krabang Road, Rachathewa, Bang Plee, Samut Prakan",13.714717,100.7251718,2018.0,4.0,4.0,230.0,Fully Furnished,0,https://www.ddproperty.com/en/property/ขายด่วน-บ้านเดี่ยวสุดหรู-ตกเเต่งสวยพร้อมเข้าอยู่-เพียง-14-3-ล้านบาท-ติดต่อ-0968915459-for-sale-9844489,14300000.0,62173.913043478264,8.0
9746545,,Bang Kapi,"Krungthep Kreetha Road, Hua Mak, Bang Kapi, Bangkok",13.756156328373264,100.66896931065986,2015.0,4.0,3.0,193.0,Partially Furnished,0,https://www.ddproperty.com/en/property/ขายด่วน-ถูกที่สุด-บ้านเดี่ยว-หมู่บ้านเศรษฐสิริ-กรุงเทพกรีฑา-ซอย-15-1-เนื้อที่-65-7-วา-แปลงริม-for-sale-9746545,12000000.0,62176.16580310881,11.0
8977572,,Bang Plee,"Soi Kanchanaphisek 39, Kanchanaphisek Road, Rachathewa, Bang Plee, Samut Prakan",13.683994606075249,100.71235504662708,2020.0,4.0,3.0,172.0,unknown,0,https://www.ddproperty.com/en/property/บุราสิริ-วงแหวน-อ่อนนุช-หลังมุม-พร้อมเฟอร์นิเจอร์-for-sale-8977572,10700000.0,62209.3023255814,6.0
9817395,,Bang Plee,"Lat Krabang Road, Rachathewa, Bang Plee, Samut Prakan",13.714717,100.7251718,2018.0,6.0,5.0,400.0,Fully Furnished,0,https://www.ddproperty.com/en/property/detached-house-153-5-sq-w-perfect-masterpiece-sukhumvit-77-suvarnabhumi-onnut-lat-krabang-for-sale-9817395,25000000.0,62500.0,8.0
9809771,,Prawet,"Kanchanaphisek Road, Dok Mai, Prawet, Bangkok",13.696744709922807,100.70195127698436,2020.0,4.0,5.0,270.0,unknown,0,https://www.ddproperty.com/en/property/bs406-ขายบ้านใหม่-ม-คาซ่า-แกรนด์-อ่อนนุช-วงแหวน-บ้านสวย-สไตล์ยุโรป-ใกล้-บางนา-ม-รามคำแหง-2-สุวรรณภูมิ-และ-airport-link-ทับช้าง-for-sale-9809771,16900000.0,62592.59259259259,6.0
9958631,,Bang Plee,"159 Wat Nam Daeng Road, Bang Kaeo, Bang Plee, Samut Prakan",13.623552580526855,100.64993997065017,2018.0,4.0,4.0,236.0,unknown,0,https://www.ddproperty.com/en/property/บ้านเดี่ยว-มัณฑนา-ศรีนครินทร์-บางนา-4-ห้องนอน-ขาย-mantana-srinakarin-bangna-house-4-bedrooms-for-sale-bovi018-for-sale-9958631,14800000.0,62711.86440677966,8.0
9892789,,Bang Plee,"159 Wat Nam Daeng Road, Bang Kaeo, Bang Plee, Samut Prakan",13.623552580526855,100.64993997065017,2018.0,4.0,4.0,236.0,unknown,0,https://www.ddproperty.com/en/property/ae65032-house-for-sale-manthana-srinakarin-bangna-new-condition-read-for-sale-9892789,14800000.0,62711.86440677966,8.0
8547277,,Watthana,"99 Soi Ekamai 10, Khlong Tan Nua, Watthana, Bangkok",13.729154,100.591906,2019.0,7.0,5.0,430.0,Unfurnished,0,https://www.ddproperty.com/en/property/bangkok-townhouse-ekkamai-sale-4-story-renovated-52413-for-sale-8547277,27000000.0,62790.6976744186,7.0
8770387,,Prawet,"Phatthanakan-Onnut Road (New Cut), Prawet, Prawet, Bangkok",13.708832,100.66824,2021.0,4.0,3.0,194.0,unknown,0,https://www.ddproperty.com/en/property/เศรษฐสิริ-พัฒนาการ-ทำเลหลังมุมต้นโครงการ-setthasiri-pattanakarn-for-sale-8770387,12200000.0,62886.59793814433,5.0
10059381,,Khan Na Yao,"Soi Ram Inthra 64, Ram Inthra Road, Khan Na Yao, Khan Na Yao, Bangkok",13.818424922358206,100.67964848633932,2018.0,5.0,4.0,334.78,Fully Furnished,0,https://www.ddproperty.com/en/property/2-storey-detached-house-for-sale-kin-chou-type-5-bedrooms-4-bathrooms-2-parking-spaces-innovative-houses-the-best-quality-from-japan-on-the-main-road-near-fashion-for-sale-10059381,21060000.0,62906.98369078201,8.0
10028176,,Khan Na Yao,"Soi Ram Inthra 64, Ram Inthra Road, Khan Na Yao, Khan Na Yao, Bangkok",13.818424922358206,100.67964848633932,2018.0,5.0,4.0,334.78,unknown,0,https://www.ddproperty.com/en/property/detached-house-for-sale-siamese-kin-ramintra-size-97-square-wa-property-code-02-as-00024-for-sale-10028176,21060000.0,62906.98369078201,8.0
9849638,,Khan Na Yao,"Kanchanaphisek Road, Ram Inthra, Khan Na Yao, Bangkok",13.824668705058128,100.6730238067086,2013.0,4.0,4.0,270.0,Fully Furnished,0,https://www.ddproperty.com/en/property/for-sale-bangkok-boulevard-ramintra-3-4bed-4bath-270sq-m-16-99mb-nm-for-sale-9849638,16990000.0,62925.92592592593,13.0
9348562,,Suan Luang,"Phatthanakan Road, Suan Luang, Suan Luang, Bangkok",13.728357,100.633839,2019.0,3.0,2.0,135.0,Fully Furnished,0,https://www.ddproperty.com/en/property/3-bedroom-house-for-sale-at-passorn-prestige-luxe-pattanakarn-u86129-for-sale-9348562,8500000.0,62962.96296296296,7.0
10027759,,Saphan Sung,"Soi Krungthep Kreetha 37, Si Nakharin-Rom Klao Road, Saphan Sung, Saphan Sung, Bangkok",13.751780104197046,100.68910600000004,2022.0,3.0,4.0,270.0,Unfurnished,0,https://www.ddproperty.com/en/property/k-sh-0581-ขายบ้านเดี่ยว-เนอวานา-บียอนด์-พระราม-9-กรุงเทพกรีฑา-nirvana-beyond-rama-9-krungthepkreetha-สะพานสูง-กรุงเทพกรีฑา-32-ถนนมอเตอร์เวย์-ติดทางด่วน-กรุงเทพ-ชลบุรี-สายใหม่-ใกล้-สุวรรณภูมิ-airport-link-for-sale-10027759,17000000.0,62962.96296296296,4.0
10022329,,Saphan Sung,"Soi Krungthep Kreetha 37, Si Nakharin-Rom Klao Road, Saphan Sung, Saphan Sung, Bangkok",13.751780104197046,100.68910600000004,2022.0,3.0,4.0,270.0,Partially Furnished,0,https://www.ddproperty.com/en/property/jx-ขายบ้านเดี่ยว3-ชั้น-โครงการ-เนอวานา-บียอนด์-พระราม9-กรุงเทพกรีฑา-แต่งสวยเดินทางสะดวก-พร้อมเข้าอยู่-for-sale-10022329,17000000.0,62962.96296296296,4.0
8664688,,Suan Luang,"Phatthanakan Road, Suan Luang, Suan Luang, Bangkok",13.728357,100.633839,2019.0,3.0,2.0,135.0,Fully Furnished,0,https://www.ddproperty.com/en/property/hh-622919-house-for-sale-passorn-prestige-luxe-pattanakarn-44-38-sq-m-135-sq-m-3-bedrooms-for-sale-8664688,8500000.0,62962.96296296296,7.0
10036180,,Saphan Sung,"Soi Krungthep Kreetha 37, Si Nakharin-Rom Klao Road, Saphan Sung, Saphan Sung, Bangkok",13.751780104197046,100.68910600000004,2022.0,3.0,4.0,270.0,Fully Furnished,0,https://www.ddproperty.com/en/property/ขายบ้านเดี่ยว-เนอวานา-บียอนด์-พระราม-9-กรุงเทพกรีฑา-nirvana-beyond-rama-9-krungthepkreetha-สะพานสูง-กรุงเทพกรีฑา-32-ถนนมอเตอร์เวย์-ติดทางด่วน-กรุงเทพ-ชลบุรี-สายใหม่-ใกล้-สุวรรณภูมิ-airport-link-for-sale-10036180,17000000.0,62962.96296296296,4.0
9974816,,Prawet,"Kanchanaphisek Road, Dok Mai, Prawet, Bangkok",13.696744709922807,100.70195127698436,2020.0,4.0,5.0,270.0,unknown,0,https://www.ddproperty.com/en/property/pbs406-house-for-sale-casa-grand-onnuch-wongwaen-for-sale-9974816,17000000.0,62962.96296296296,6.0
9968343,,Saphan Sung,"Soi Krungthep Kreetha 37, Si Nakharin-Rom Klao Road, Saphan Sung, Saphan Sung, Bangkok",13.751780104197046,100.68910600000004,2022.0,3.0,4.0,270.0,Fully Furnished,0,https://www.ddproperty.com/en/property/ขายบ้านเดี่ยว-เนอวานา-บียอนด์-พระราม-9-กรุงเทพกรีฑา-nirvana-beyond-rama-9-krungthepkreetha-สะพานสูง-กรุงเทพกรีฑา-32-ถนนมอเตอร์เวย์-ติดทางด่วน-กรุงเทพ-ชลบุรี-สายใหม่-ใกล้-สุวรรณภูมิ-airport-link-for-sale-9968343,17000000.0,62962.96296296296,4.0
9946489,,Sai Mai,"Sukhaphiban 5 Road, O-Ngoen, Sai Mai, Bangkok",13.895494305747276,100.66007239250936,2017.0,4.0,4.0,222.00000000000003,Partially Furnished,0,https://www.ddproperty.com/en/property/แปลงมุม-ถูกกว่าโครงการ-บ้านเดี่ยว-บุราสิริ-วัชรพล-สุขาภิบาล-5-สายไหม-ออเงิน-บ้าน-1-ปี-ไม่เคยเข้าอยู่-68204-for-sale-9946489,13990000.0,63018.01801801801,9.0
9989431,,Sai Mai,"Sukhaphiban 5 Road, O-Ngoen, Sai Mai, Bangkok",13.895494305747276,100.66007239250936,2017.0,4.0,4.0,222.00000000000003,Partially Furnished,0,https://www.ddproperty.com/en/property/แปลงมุม-ถูกกว่าโครงการ-บ้านเดี่ยว-บุราสิริ-วัชรพล-สุขาภิบาล-5-สายไหม-ออเงิน-บ้าน-1-ปี-ไม่เคยเข้าอยู่-68204-for-sale-9989431,13990000.0,63018.01801801801,9.0
9989420,,Sai Mai,"Sukhaphiban 5 Road, O-Ngoen, Sai Mai, Bangkok",13.895494305747276,100.66007239250936,2017.0,4.0,4.0,222.00000000000003,Partially Furnished,0,https://www.ddproperty.com/en/property/แปลงมุม-ถูกกว่าโครงการ-บ้านเดี่ยว-บุราสิริ-วัชรพล-สุขาภิบาล-5-สายไหม-ออเงิน-บ้าน-1-ปี-ไม่เคยเข้าอยู่-68204-for-sale-9989420,13990000.0,63018.01801801801,9.0
9082139,,Saphan Sung,"Soi Krungthep Kreetha 37, Si Nakharin-Rom Klao Road, Saphan Sung, Saphan Sung, Bangkok",13.751780104197046,100.68910600000004,2022.0,5.0,6.0,380.0,Partially Furnished,0,https://www.ddproperty.com/en/property/5-bedroom-house-for-sale-at-nirvana-beyond-rama-9-u1013290-for-sale-9082139,24000000.0,63157.89473684211,4.0
9743587,,Pak Kret,"Ratchapruek Road, Om Kret, Pak Kret, Nonthaburi",13.908868618801126,100.45033871784273,2014.0,4.0,5.0,450.0,unknown,0,https://www.ddproperty.com/en/property/ขายบ้านเดี่ยว-ลัดดารมย์-อิลิแกนซ์-laddarom-elegance-ราชพฤกษ์-รัตนาธิเบศร์140-ตร-ว-พร้อมเรือนรับรอง-บิ้วท์อินครบ-พร้อมอยู่-for-sale-9743587,28500000.0,63333.333333333336,12.0
9804319,,Prawet,"Phatthanakan-Onnut Road (New Cut), Prawet, Prawet, Bangkok",13.708832,100.66824,2021.0,4.0,4.0,300.0,Fully Furnished,0,https://www.ddproperty.com/en/property/ขายบ้านเดี่ยว-เศรษฐสิริ-พัฒนาการ-แปลงมุม-เนื้อที่-80-ตรว-4-ห้องนอน-4-ห้องน้ำ-ตกแต่งพร้อมเข้าอยู่-for-sale-9804319,19000000.0,63333.333333333336,5.0
9717967,,Wang Thonglang,"Ladprao Road, Phlapphla, Wang Thonglang, Bangkok",13.771863797981522,100.61574173296808,2015.0,3.0,5.0,331.0,Partially Furnished,0,https://www.ddproperty.com/en/property/3-storey-detached-house-for-sale-soul-ekkamai-ladprao-ladprao-road-112-next-to-bodindecha-school-for-sale-9717967,21000000.0,63444.108761329306,11.0
8233516,,Bang Plee,"Buanakarin Road, Bang Kaeo, Bang Plee, Samut Prakan",13.635187,100.667482,2018.0,4.0,4.0,225.0,Fully Furnished,0,https://www.ddproperty.com/en/property/ขายบ้านเดี่ยวหมู่บ้าน-the-centro-บางนา-กม-7-แปลงมุม-spspe386-for-sale-8233516,14300000.0,63555.555555555555,8.0
10069505,,Bang Khen,"Soi Ramintra 14, Tha Rang, Bang Khen, Bangkok",13.848969541342376,100.62453306793954,2017.0,3.0,4.0,196.0,Partially Furnished,0,https://www.ddproperty.com/en/property/svs205h4-2-storey-detached-house-for-sale-casa-legend-kaset-nawamin-for-sale-10069505,12500000.0,63775.510204081635,9.0
9818281,,Bang Lamung,"Thappraya Rd, Nong Pru, Bang Lamung, Chon Buri",12.9098458,100.8687629,1995.0,4.0,7.0,500.0,unknown,0,https://www.ddproperty.com/en/property/prime-estate-4-bedrooms-house-in-jomtien-for-sale-9818281,31900000.0,63800.0,31.0
8934715,,Muang Samut Sakhon,"Rama 2 Road, Bang Nam Chut, Muang Samut Sakhon, Samut Sakhon",13.598819,100.367149,2018.0,4.0,4.0,752.0,unknown,0,https://www.ddproperty.com/en/property/69096-ขายบ้านเดี่ยว-เดอะแกรนด์-พระราม2-อ-เมือง-จ-สมุทรสาคร-for-sale-8934715,48000000.0,63829.78723404255,8.0
9992934,,Khan Na Yao,"Ramintra Road, Khan Na Yao, Khan Na Yao, Bangkok",13.813243,100.692297,2016.0,4.0,3.0,180.0,Partially Furnished,0,https://www.ddproperty.com/en/property/ขายด่วนบ้านเดี่ยวตกแต่งสวยหรู-ทำเลติดถนนรามอินทรา-ม-ไลฟ์-บางกอกบูเลอวาร์ด-รามอินทรา-life-bangkok-boulevard-raminthra-ทำเลดีติดถนนรามอิทรา-ใกล้รถไฟฟ้าสีชมพู-ทางด่วนและถนวงแหวนกาญจนาภิเษก-for-sale-9992934,11500000.0,63888.88888888889,10.0
10061912,,Bang Plee,"159 Wat Nam Daeng Road, Bang Kaeo, Bang Plee, Samut Prakan",13.623552580526855,100.64993997065017,2018.0,3.0,3.0,186.0,Unfurnished,0,https://www.ddproperty.com/en/property/3-bed-single-house-in-compound-for-sale-in-bang-na-br27806sh-for-sale-10061912,11900000.0,63978.49462365591,8.0
9016768,,Lat Phrao,"Soi Nakniwas 45, Lat Phrao, Lat Phrao, Bangkok",13.812971,100.610308,2012.0,5.0,4.0,600.0,unknown,0,https://www.ddproperty.com/en/property/6407-014-rama-9-ratchada-house-for-sale-yu-charoen-ratchada-soi-3-5-for-sale-9016768,38500000.0,64166.666666666664,14.0
9869989,,Prawet,"Kanchanaphisek Parallel Road, Dok Mai, Prawet, Bangkok",13.65726121589002,100.69563967590716,2012.0,5.0,5.0,337.0,unknown,0,https://www.ddproperty.com/en/property/ขายบ้านเดี่ยว-บุราสิริ-บางนา-เรือน-nimmannoradee-เรือนนิมมานรดี-for-sale-9869989,21630000.0,64183.976261127595,14.0
9936590,,Prawet,"Kanchanaphisek Parallel Road, Dok Mai, Prawet, Bangkok",13.65726121589002,100.69563967590716,2012.0,5.0,5.0,337.0,Unfurnished,0,https://www.ddproperty.com/en/property/kn-0568-ขายด่วน-บุราสิริ-บางนา-บ้านสวย-ระเบียงกว้างขวางรับลมเต็มที่สดชื่น-for-sale-9936590,21630000.0,64183.976261127595,14.0
10077606,,Hua Hin,"Soi 102 Moo Baan Hua Na, Nong Kae, Hua Hin, Prachuap Khiri Khan",12.534031910596235,99.93666211380832,2021.0,3.0,4.0,327.0,Fully Furnished,0,https://www.ddproperty.com/en/property/sh90441-luxury-modern-style-pool-villa-for-sale-at-falcon-hill-hua-hin-for-sale-10077606,21000000.0,64220.18348623853,5.0
4087742,,Bang Lamung,"319 ม.12 จอมเทียน, Bang Lamung, Chon Buri",12.902163936709,100.86598277092,1988.0,4.0,2.0,280.0,Fully Furnished,0,https://www.ddproperty.com/en/property/4-bed-2-bath-in-jomtien-for-15-000-000-thb-pc5758-for-sale-4087742,18000000.0,64285.71428571428,38.0
9541583,,Chom Thong,"Kanlapaphruek Road, Bangkhuntien, Chom Thong, Bangkok",13.707839177698547,100.45557757308396,2020.0,4.0,3.0,143.0,Partially Furnished,0,https://www.ddproperty.com/en/property/ขายด่วน-ถูกมากก-บ้านแฝด-ม-golden-neo-สาทร-แบบบ้าน-oxford-for-sale-9541583,9199000.0,64328.67132867133,6.0
8435340,,Sattahip,"Soi Na Jomtien 8, Sukhumvit Road, Na Chom Thian, Sattahip, Chon Buri",12.852168,100.906602,2000.0,6.0,7.0,450.0,Fully Furnished,0,https://www.ddproperty.com/en/property/6-bed-7-bath-in-na-jomtien-bang-saray-for-29-000-000-thb-pc8171-for-sale-8435340,29000000.0,64444.444444444445,26.0
8750840,,Bang Plee,"68 Bangna-Trad Road, Bang Kaeo, Bang Plee, Samut Prakan",13.642063,100.666464,2018.0,4.0,3.0,178.0,unknown,0,https://www.ddproperty.com/en/property/mantana-bangna-km-7-beautifull-house-for-sale-listing-no-yt01-823-for-sale-8750840,11490000.0,64550.56179775281,8.0
9756406,,Bang Kapi,"Krungthep Kreetha Road, Hua Mak, Bang Kapi, Bangkok",13.756156328373264,100.66896931065986,2015.0,4.0,4.0,260.0,Partially Furnished,0,https://www.ddproperty.com/en/property/ขายบ้านเดี่ยวเศรษฐสิริ-กรุงเทพกรีฑา15-1-แปลงมุม-4-นอน-4-น้ำ-71-9-ตรว-for-sale-9756406,16800000.0,64615.38461538462,11.0
8785515,,Bang Plee,"68 Bangna-Trad Road, Bang Kaeo, Bang Plee, Samut Prakan",13.642063,100.666464,2018.0,3.0,4.0,286.0,unknown,0,https://www.ddproperty.com/en/property/house-for-sale-at-mantana-1-bangna-km7-18-5-m-thb-listing-no-yt01-830-for-sale-8785515,18500000.0,64685.31468531468,8.0
9773070,,Suan Luang,"Soi On Nut 39, Sukhumvit 77 Rd., Suan Luang, Suan Luang, Bangkok",13.720551545309014,100.63604920242472,2004.0,4.0,4.0,340.0,Fully Furnished,0,https://www.ddproperty.com/en/property/modern-4-bedrooms-villa-for-sale-in-phuket-hhkt28223-for-sale-9773070,22000000.0,64705.882352941175,22.0
8823885,,Wang Thonglang,"Ladprao Road, Phlapphla, Wang Thonglang, Bangkok",13.771863797981522,100.61574173296808,2015.0,4.0,5.0,400.0,unknown,0,https://www.ddproperty.com/en/property/corner-house-for-sale-4-bedrooms-5-bathrooms-soul-ekkamai-ladprao-for-sale-8823885,25900000.0,64750.0,11.0
8803034,,Thalang,"125 Si Soonthon Road, Choeng Thale, Thalang, Phuket",7.974426859181857,98.28282249719392,2002.0,4.0,4.0,833.82,Fully Furnished,0,https://www.ddproperty.com/en/property/902442t-sale-pool-villa-4-bedrooms-ayara-phuket-for-sale-8803034,54000000.0,64762.17888752968,24.0
9971208,,Bueng Kum,"Ratchada-Ramintra Road, Khlong Kum, Bueng Kum, Bangkok",13.819080790301015,100.65609975628136,2011.0,4.0,4.0,270.0,unknown,0,https://www.ddproperty.com/en/property/ae65045-house-for-sale-the-primary-prestige-ratchada-ramintra-village-4-bedrooms-4-bathrooms-for-sale-9971208,17500000.0,64814.81481481482,15.0
9972525,,Bueng Kum,"Ratchada-Ramintra Road, Khlong Kum, Bueng Kum, Bangkok",13.819080790301015,100.65609975628136,2011.0,4.0,4.0,270.0,Partially Furnished,0,https://www.ddproperty.com/en/property/ขาย-บ้านเดี่ยว-3-ชั้น-เดอะ-ไพรมารี่-เพรสทีจ-รัชดา-รามอินทรา-ใกล้ถนน-เกษตร-นวมินทร์-for-sale-9972525,17500000.0,64814.81481481482,15.0
9871193,,Prawet,"Kanchanaphisek Parallel Road, Dok Mai, Prawet, Bangkok",13.65726121589002,100.69563967590716,2012.0,5.0,5.0,337.0,Partially Furnished,0,https://www.ddproperty.com/en/property/ขายบ้านที่บุราสิริ-บางนา-บ้านtype-ใหญ่ที่สุด-for-sale-9871193,21900000.0,64985.163204747776,14.0
7613767,,Watthana,"9 Soi Ekkamai 12, Ekkamai Road, Khlong Tan Nua, Watthana, Bangkok",13.730775,100.58681,2017.0,4.0,3.0,400.0,Fully Furnished,0,https://www.ddproperty.com/en/property/4-bedrooms-villa-with-panoramic-sea-views-in-hua-thanon-husm25186-for-sale-7613767,26000000.0,65000.0,9.0
9892785,,Bang Plee,"159 Wat Nam Daeng Road, Bang Kaeo, Bang Plee, Samut Prakan",13.623552580526855,100.64993997065017,2018.0,4.0,3.0,183.0,unknown,0,https://www.ddproperty.com/en/property/ae65033-house-for-sale-the-best-location-of-the-project-manthana-srina-for-sale-9892785,11900000.0,65027.32240437158,8.0
9779834,,Min Buri,"Kheha Rom Klao Road, Min Buri, Min Buri, Bangkok",13.77616450043354,100.73479655628084,2017.0,4.0,3.0,183.0,unknown,0,https://www.ddproperty.com/en/property/4-bed-single-house-for-sale-at-บ้านเดี่ยว-มัณฑนา-ศรีนครินทร์-บางนา-refk-p-202112-51192-for-sale-9779834,11900000.0,65027.32240437158,9.0
8820075,,Thalang,"125 Si Soonthon Road, Choeng Thale, Thalang, Phuket",7.974426859181857,98.28282249719392,2002.0,5.0,5.0,1060.0,Fully Furnished,0,https://www.ddproperty.com/en/property/109012t-sale-5-bedrooms-pool-villa-ayarin-surin-for-sale-8820075,69000000.0,65094.339622641506,24.0
10031903,,Bang Lamung,"19 หาดจอมเทียน, Nong Pru, Bang Lamung, Chon Buri",12.8802412,100.8826325,1988.0,6.0,4.0,230.0,unknown,0,https://www.ddproperty.com/en/property/6-bedroom-house-for-sale-at-jomtien-condotel-and-village-u1059450-for-sale-10031903,15000000.0,65217.391304347824,38.0
9614836,,Chom Thong,"Kanlapaphruek Road, Bangkhuntien, Chom Thong, Bangkok",13.707839177698547,100.45557757308396,2020.0,4.0,4.0,161.0,unknown,0,https://www.ddproperty.com/en/property/ขายบ้านใหม่-โกลเด้นนีโอสาทร-กัลปพฤกษ์-บ้านสวยๆสไตล์อังกฤษ-สนใจติดต่อ-0922829196-for-sale-9614836,10500000.0,65217.391304347824,6.0
7581275,,Wang Thonglang,"Ladprao Road, Phlapphla, Wang Thonglang, Bangkok",13.771863797981522,100.61574173296808,2015.0,4.0,5.0,450.0,Partially Furnished,0,https://www.ddproperty.com/en/property/for-sale-soul-ekkamai-ladprao-3-floors-corner-house-82-sq-m-built-in-beautiful-fully-furnished-excellent-location-feng-shui-4-bedrooms-5-bathrooms-for-sale-7581275,29500000.0,65555.55555555556,11.0
8764926,,Bang Lamung,"Toongklom - Talman 8 Road, Nong Pru, Bang Lamung, Chon Buri",12.893634,100.91315,2025.0,3.0,4.0,273.0,Unfurnished,0,https://www.ddproperty.com/en/property/3-bedroom-villa-for-sale-at-the-prospect-u776574-for-sale-8764926,17900000.0,65567.76556776557,1.0
9452401,,Bang Lamung,"4 พระตำหนัก, Nong Pru, Bang Lamung, Chon Buri",12.9160681,100.8668655,2009.0,3.0,3.0,227.0,Unfurnished,0,https://www.ddproperty.com/en/property/3-bedroom-villa-for-sale-at-emerald-bay-view-u1030370-for-sale-9452401,14900000.0,65638.7665198238,17.0
9452402,,Bang Lamung,"4 พระตำหนัก, Nong Pru, Bang Lamung, Chon Buri",12.9160681,100.8668655,2009.0,3.0,3.0,227.0,Unfurnished,0,https://www.ddproperty.com/en/property/3-bedroom-villa-for-sale-at-emerald-bay-view-u1030372-for-sale-9452402,14900000.0,65638.7665198238,17.0
8317425,,Bang Plee,"Lat Krabang Road, Rachathewa, Bang Plee, Samut Prakan",13.714717,100.7251718,2018.0,5.0,4.0,380.0,Fully Furnished,0,https://www.ddproperty.com/en/property/house-for-sale-perfect-masterpiece-sukhumvit-77-samut-prakan-for-sale-8317425,25000000.0,65789.47368421052,8.0
10056027,,Bang Kapi,"Krungthep Kreetha Road, Hua Mak, Bang Kapi, Bangkok",13.756156328373264,100.66896931065986,2015.0,4.0,4.0,223.00000000000003,Fully Furnished,0,https://www.ddproperty.com/en/property/c01ขายถูกกว่าโครงการ-เศรษฐสิริ-กรุงเทพกรีฑา-เฟส2-ใหม่กิ๊ก-สภาพดีเข้าออกได้ทั้ง-รามคำแหงและกรุงเทพกรีฑา-for-sale-10056027,14700000.0,65919.28251121075,11.0
6723119,,Muang Chon Buri,"700 ถนนสุขุมวิท, Saen Suk, Muang Chon Buri, Chon Buri",13.250535,100.92998,2014.0,6.0,6.0,455.00000000000006,unknown,0,https://www.ddproperty.com/en/property/ขายบ้าน-ใกล้ทะเล-บางพระ-ชลบุรี-pool-villa-5-นอน-5-น้ำ-455-ตรม-100-ตรว-บ้านใหม่ไม่เคยเข้าอยู่-for-sale-6723119,30000000.0,65934.06593406592,12.0
7602973,,Watthana,"9 Soi Ekkamai 12, Ekkamai Road, Khlong Tan Nua, Watthana, Bangkok",13.730775,100.58681,2017.0,3.0,3.0,212.00000000000003,Unfurnished,0,https://www.ddproperty.com/en/property/semi-detached-houses-with-pool-and-sea-view-in-choeng-mon-husm24312-for-sale-7602973,14000000.0,66037.7358490566,9.0
7848881,,Muang Phuket,"ราไวย์ Wiset, Chalong, Muang Phuket, Phuket",7.789263,98.330707,2012.0,3.0,3.0,272.0,Unfurnished,0,https://www.ddproperty.com/en/property/920081001-986-galaxy-vip-luxury-villa-for-sale-7848881,17990000.0,66139.70588235294,14.0
10029248,,Hua Hin,"- Soi Hua Hin 7 Petchkasem Road, Hua Hin, Hua Hin, Prachuap Khiri Khan",12.614514,99.95418,2014.0,3.0,3.0,145.0,Fully Furnished,0,https://www.ddproperty.com/en/property/3-bedroom-villa-for-sale-at-the-park-hua-hin-u22422-for-sale-10029248,9606000.0,66248.27586206897,12.0
9742759,,Bang Kapi,"Krungthep Kreetha Road, Hua Mak, Bang Kapi, Bangkok",13.744209164720049,100.67220223333982,2020.0,4.0,5.0,400.0,unknown,0,https://www.ddproperty.com/en/property/ขายบ้านเดี่ยว-แกรนด์-บางกอก-บูเลอวาร์ด-พระราม9-ศรีนครินทร์-สวย-หลังใหญ่-ทำเลดี-ราคาสุดพิเศษ-for-sale-9742759,26500000.0,66250.0,6.0
9819255,,Prawet,"288 Kanchanaphisek Road, Dok Mai, Prawet, Bangkok",13.68129,100.698818,2018.0,4.0,5.0,300.0,unknown,0,https://www.ddproperty.com/en/property/ขาย-บ้านเดี่ยว-2-ชั้น-122-9-ตารางวา-หมู่บ้าน-เดอะ-แกรนด์-บางนา-วงแหวน-the-grand-bangna-wongwaen-ถนนกาญจนาภิเษก-for-sale-9819255,19900000.0,66333.33333333333,8.0
10068548,,Prawet,"288 Kanchanaphisek Road, Dok Mai, Prawet, Bangkok",13.68129,100.698818,2018.0,4.0,5.0,300.0,Fully Furnished,0,https://www.ddproperty.com/en/property/ขายขาดทุน-บ้านเดี่ยว-2ชั้น-หลังมุม-หมู่บ้านเดอะแกรนด์บางนา-วงแหวน-for-sale-10068548,19900000.0,66333.33333333333,8.0
10029247,,Hua Hin,"- Soi Hua Hin 7 Petchkasem Road, Hua Hin, Hua Hin, Prachuap Khiri Khan",12.614514,99.95418,2014.0,3.0,3.0,145.0,Fully Furnished,0,https://www.ddproperty.com/en/property/3-bedroom-villa-for-sale-at-the-park-hua-hin-u22421-for-sale-10029247,9622500.0,66362.06896551725,12.0
7972425,,Prawet,"Phatthanakan-Onnut Road (New Cut), Prawet, Prawet, Bangkok",13.708832,100.66824,2021.0,4.0,3.0,173.0,unknown,0,https://www.ddproperty.com/en/property/ขาย-บ้านเดียว-บ้านสวย-หมู่บ้านเศรษฐสิริ-พัฒนาการ-4-ห้องนอน-for-sale-7972425,11500000.0,66473.98843930635,5.0
10029246,,Hua Hin,"- Soi Hua Hin 7 Petchkasem Road, Hua Hin, Hua Hin, Prachuap Khiri Khan",12.614514,99.95418,2014.0,3.0,3.0,145.0,Fully Furnished,0,https://www.ddproperty.com/en/property/3-bedroom-villa-for-sale-at-the-park-hua-hin-u22420-for-sale-10029246,9639000.0,66475.86206896552,12.0
10046934,,Bang Bon,"Kanchanaphisek Road, Bang Bon, Bang Bon, Bangkok",13.645613418756904,100.40815606994056,2020.0,4.0,5.0,359.0,unknown,0,https://www.ddproperty.com/en/property/detached-house-for-sale-be-motto-kanjanapisek-rama-2-model-house-size-100-square-wa-property-code-02-42393-for-sale-10046934,23890000.0,66545.96100278551,6.0
10053955,,Bang Bon,"Kanchanaphisek Road, Bang Bon, Bang Bon, Bangkok",13.645613418756904,100.40815606994056,2020.0,4.0,5.0,359.0,unknown,0,https://www.ddproperty.com/en/property/house-for-sale-be-motto-kanchanaphisek-rama-2-first-hand-100-3-square-wa-359-square-meters-4-bedrooms-ready-to-move-in-for-sale-10053955,23890000.0,66545.96100278551,6.0
10029245,,Hua Hin,"- Soi Hua Hin 7 Petchkasem Road, Hua Hin, Hua Hin, Prachuap Khiri Khan",12.614514,99.95418,2014.0,3.0,3.0,145.0,Fully Furnished,0,https://www.ddproperty.com/en/property/3-bedroom-villa-for-sale-at-the-park-hua-hin-u22419-for-sale-10029245,9655500.0,66589.6551724138,12.0
9790913,,Suan Luang,"2046 Pattanakarn Road, Suan Luang, Suan Luang, Bangkok",13.735794919492983,100.6380269681949,2009.0,3.0,4.0,450.0,unknown,0,https://www.ddproperty.com/en/property/ราคาพิเศษ-โนเบิล-ทารา-พัฒนาการ-3-ห้องนอน-ขาย-noble-tara-pattanakarn-3-bedrooms-for-sale-tp197-for-sale-9790913,30000000.0,66666.66666666667,17.0
10029244,,Hua Hin,"- Soi Hua Hin 7 Petchkasem Road, Hua Hin, Hua Hin, Prachuap Khiri Khan",12.614514,99.95418,2014.0,3.0,3.0,145.0,Fully Furnished,0,https://www.ddproperty.com/en/property/3-bedroom-villa-for-sale-at-the-park-hua-hin-u22418-for-sale-10029244,9672000.0,66703.44827586207,12.0
10029243,,Hua Hin,"- Soi Hua Hin 7 Petchkasem Road, Hua Hin, Hua Hin, Prachuap Khiri Khan",12.614514,99.95418,2014.0,3.0,3.0,145.0,Fully Furnished,0,https://www.ddproperty.com/en/property/3-bedroom-villa-for-sale-at-the-park-hua-hin-u22417-for-sale-10029243,9688500.0,66817.24137931035,12.0
9863276,,Bang Plee,"Bang Na-Chonburi Expressway, Bangphli Yai, Bang Plee, Samut Prakan",13.61476157264031,100.713172,2020.0,3.0,3.0,100.0,unknown,0,https://www.ddproperty.com/en/property/ขายบ้านเดี่ยว-หมู่บ้านบริทาเนีย-บางนา-กม-12-สมุทรปราการ-พร้อมอยู่-for-sale-9863276,6700000.0,67000.0,6.0
10051832,,Bang Khen,"Soi Ramintra 14, Tha Rang, Bang Khen, Bangkok",13.848969541342376,100.62453306793954,2017.0,3.0,4.0,185.0,Partially Furnished,0,https://www.ddproperty.com/en/property/ขายบ้านเดี่ยว-ซ-มัยลาภ-รามอินทรา-14-คาซ่า-เลเจ้นด์-เกษตร-นวมินทร์-casa-legend-kaset-nawamin-ท่าแร้ง-บางเขน-ถ-ประเสริฐมนูกิจ-ใกล้เซ็นทรัล-รามอินทรา-ม-เกษตร-รถไฟฟ้า-bts-for-sale-10051832,12399000.0,67021.62162162163,9.0
10017549,,Bang Kapi,"Krungthep Kreetha Road, Hua Mak, Bang Kapi, Bangkok",13.744209164720049,100.67220223333982,2020.0,4.0,5.0,400.0,Fully Furnished,0,https://www.ddproperty.com/en/property/r2739-ขายบ้านพร้อมอยู่-400-ตรม-หมู่บ้านแกรนด์บางกอก-บูเลอวาร์ด-พระราม-9-ถ-กรุงเทพกรีฑา-ตรงข้าม-รร-นานาชาติเวลลิงตัน-for-sale-10017549,26900000.0,67250.0,6.0
10036664,,Saphan Sung,"Krungthep Kreetha Road, Saphan Sung, Saphan Sung, Bangkok",13.743164,100.673497,2017.0,4.0,5.0,400.0,Fully Furnished,0,https://www.ddproperty.com/en/property/dbh0327-luxury-detached-house-for-sale-grand-bangkok-boulevard-village-rama-9-beautiful-house-shady-furniture-complete-electrical-appliances-ready-to-move-in-for-sale-10036664,26900000.0,67250.0,9.0
10053329,,Saphan Sung,"Krungthep Kreetha Road, Saphan Sung, Saphan Sung, Bangkok",13.743164,100.673497,2017.0,4.0,5.0,400.0,unknown,0,https://www.ddproperty.com/en/property/k-4771-ขายด่วน-แกรนด์บางกอก-บูเลอวาร์ด-พระราม-9-บ้านสวย-มีพื้นที่สวน-ลมพัดเย็นสบาย-for-sale-10053329,26900000.0,67250.0,9.0
10070795,,Bang Kapi,"Krungthep Kreetha Road, Hua Mak, Bang Kapi, Bangkok",13.744209164720049,100.67220223333982,2020.0,4.0,5.0,400.0,unknown,0,https://www.ddproperty.com/en/property/ขายบ้านเดี่ยว-พร้อมเฟอร์-แกรนด์-บางกอกบูเลอวาร์ด-พระราม9-bdd-for-sale-10070795,26900000.0,67250.0,6.0
10023603,,Saphan Sung,"Krungthep Kreetha Road, Saphan Sung, Saphan Sung, Bangkok",13.743164,100.673497,2017.0,4.0,5.0,400.0,Partially Furnished,0,https://www.ddproperty.com/en/property/single-detached-house-for-sale-grand-bangkok-boulevard-rama-9-size-100-sq-wa-4-bedroom-house-on-the-edge-near-krungthep-kreetha-golf-course-nyg043-for-sale-10023603,26900000.0,67250.0,9.0
10056346,,Saphan Sung,"Krungthep Kreetha Road, Saphan Sung, Saphan Sung, Bangkok",13.743164,100.673497,2017.0,4.0,5.0,400.0,unknown,0,https://www.ddproperty.com/en/property/6503-997-house-for-sale-krungthep-kreetha-rama-9-grand-bangkok-boulevard-rama-9-4-bedrooms-for-sale-10056346,26900000.0,67250.0,9.0
10014664,,Bang Kapi,"Krungthep Kreetha Road, Hua Mak, Bang Kapi, Bangkok",13.744209164720049,100.67220223333982,2020.0,4.0,5.0,400.0,unknown,0,https://www.ddproperty.com/en/property/inform-the-code-xm65-773-single-house-grand-bangkok-boulevard-village-rama-9-type-4-bedrooms-5-bathrooms-living-area-400-sq-m-2-floors-sell-for-26-900-000-baht-line-0962215326-khun-omelette-for-sale-10014664,26900000.0,67250.0,6.0
10064765,,Bang Kapi,"Krungthep Kreetha Road, Hua Mak, Bang Kapi, Bangkok",13.744209164720049,100.67220223333982,2020.0,4.0,5.0,400.0,Fully Furnished,0,https://www.ddproperty.com/en/property/r2778-ขายบ้านหรู-grand-bangkok-boulevard-กรุงเทพกรีฑา-for-sale-10064765,26900000.0,67250.0,6.0
10070027,,Bang Kapi,"Krungthep Kreetha Road, Hua Mak, Bang Kapi, Bangkok",13.744209164720049,100.67220223333982,2020.0,4.0,5.0,400.0,Fully Furnished,0,https://www.ddproperty.com/en/property/ขาย-บ้านหรู-หมู่บ้านแกรนด์บางกอก-บูเลอวาร์ด-พระราม-9-ถ-กรุงเทพกรีฑา-ตรงข้าม-รร-นานาชาติเวลลิงตัน-wellingtoncollegebangkok-for-sale-10070027,26900000.0,67250.0,6.0
9401346,,Thawi Watthana,"106/5 Phutthamonthon Sai 2 Road, Soi 24, Sala Thammasop, Thawi Watthana, Bangkok",13.788182051349782,100.35032760935222,2003.0,4.0,4.0,297.0,Unfurnished,0,https://www.ddproperty.com/en/property/house-for-sale-noble-anawana-pinklao-nakhon-borommaratchachonnani-135-sq-wa-balinese-style-4-beds-4-baths-with-beautiful-garden-inside-the-house-good-location-phutthamonthon-thawi-watthana-central-pinklao-major-pinklao-mahidol-for-sale-9401346,20000000.0,67340.06734006734,23.0
9737500,,Bang Kapi,"Krungthep Kreetha Road, Hua Mak, Bang Kapi, Bangkok",13.744209164720049,100.67220223333982,2020.0,4.0,5.0,399.0,unknown,0,https://www.ddproperty.com/en/property/luxury-house-for-sale-grand-bangkok-boulevard-rama9-thb-26-9-for-sale-9737500,26900000.0,67418.5463659148,6.0
10023272,,Bang Kapi,"Krungthep Kreetha Road, Hua Mak, Bang Kapi, Bangkok",13.744209164720049,100.67220223333982,2020.0,4.0,5.0,399.0,Fully Furnished,0,https://www.ddproperty.com/en/property/ขาย-บ้านเดี่ยว-2-ชั้น-4-ห้องนอน-ทำเลดี-หมู่บ้านแกรนด์-บางกอก-บูเลอวาร์ด-พระราม9-ถ-กรุงเทพกรีฑา-gant-for-sale-10023272,26900000.0,67418.5463659148,6.0
10023356,,Bang Kapi,"Krungthep Kreetha Road, Hua Mak, Bang Kapi, Bangkok",13.744209164720049,100.67220223333982,2020.0,4.0,5.0,399.0,Fully Furnished,0,https://www.ddproperty.com/en/property/single-house-for-sale-grand-bangkok-boulevard-rama-9-beautifully-decorated-house-4-bedrooms-area-100-sq-wa-near-wellington-college-international-school-nyg042-for-sale-10023356,26900000.0,67418.5463659148,6.0
9792940,,Bang Kapi,"Krungthep Kreetha Road, Hua Mak, Bang Kapi, Bangkok",13.744209164720049,100.67220223333982,2020.0,4.0,5.0,399.0,Fully Furnished,0,https://www.ddproperty.com/en/property/single-house-for-sale-srinakarin-area-near-sky-train-yellow-line-si-kritha-station-for-sale-9792940,26900000.0,67418.5463659148,6.0
9534857,,Bang Kapi,"Krungthep Kreetha Road, Hua Mak, Bang Kapi, Bangkok",13.744209164720049,100.67220223333982,2020.0,4.0,5.0,399.0,Fully Furnished,0,https://www.ddproperty.com/en/property/tel-085-1413333-single-house-for-sale-srinakarin-area-near-sky-train-yellow-line-si-kritha-station-for-sale-9534857,26900000.0,67418.5463659148,6.0
10055549,,Bang Khen,"Soi Ramintra 14, Tha Rang, Bang Khen, Bangkok",13.848969541342376,100.62453306793954,2017.0,3.0,4.0,200.0,Fully Furnished,0,https://www.ddproperty.com/en/property/ขาย-บ้านเดี่ยว-2-ชั้น-โครงการ-casa-legend-ถนนเกษตร-นวมินทร์-ซอยรามอินทรา-14-ซอยมัยลาภ-ใกล้เซ็นทรัล-อีสต์วิลล์-05701-for-sale-10055549,13500000.0,67500.0,9.0
9840066,,Bang Lamung,"414  ม. 12 ทัพพระยา, Bang Lamung, Chon Buri",12.900396534789,100.86791396141,1995.0,3.0,2.0,170.0,unknown,0,https://www.ddproperty.com/en/property/jomtien-condotel-village-for-sale-for-sale-9840066,11500000.0,67647.05882352941,31.0
8917907,,Chom Thong,"Kanlapaphruek Road, Bangkhuntien, Chom Thong, Bangkok",13.707839177698547,100.45557757308396,2020.0,4.0,4.0,161.0,Unfurnished,0,https://www.ddproperty.com/en/property/r1948-ขายบ้านเดี่ยว2ชั้น-4-ห้องนอน-golden-neo-sathorn-for-sale-8917907,10900000.0,67701.86335403727,6.0
9968837,,Sai Mai,"Sukhaphiban 5 Road, O-Ngoen, Sai Mai, Bangkok",13.895494305747276,100.66007239250936,2017.0,5.0,5.0,175.0,unknown,0,https://www.ddproperty.com/en/property/ขาย-บ้านเดี่ยว-บุราสิริ-วัชรพล-175-393-ตรม-80-5-ตร-วา-for-sale-9968837,11900000.0,68000.0,9.0
10034607,,Thawi Watthana,"Sala Thammasop Road, Sala Thammasop, Thawi Watthana, Bangkok",13.800111,100.335861,2021.0,4.0,3.0,248.0,unknown,0,https://www.ddproperty.com/en/property/ขายด่วน-ทำเลดี-บ้านเดี่ยวหลังริม-เศรษฐสิริ-ปิ่นเกล้า-กาญจนาภิเษก-รหัสss0244-for-sale-10034607,16900000.0,68145.16129032258,5.0
9793088,,Phra Khanong,"Soi Sukhumvit 101, Sukhumvit Road, Bang Chak, Phra Khanong, Bangkok",13.692077152115914,100.62269500000002,2020.0,4.0,5.0,440.0,unknown,0,https://www.ddproperty.com/en/property/crp-d4-hh-640129-hot-promotion-and-limited-time-the-gentry-sukhumvit-best-location-housing-project-come-with-qualities-living-are-in-limited-promotion-for-sale-9793088,29990000.0,68159.09090909091,6.0
8825159,,Thalang,"ป่าตอง Layan, Choeng Thale, Thalang, Phuket",8.029699,98.294885,2012.0,4.0,5.0,440.0,Fully Furnished,0,https://www.ddproperty.com/en/property/for-sale-4-bedrooms-apartment-with-pool-layan-beach-phuket-for-sale-8825159,30000000.0,68181.81818181818,14.0
9865663,,Min Buri,"Kheha Rom Klao Road, Min Buri, Min Buri, Bangkok",13.77616450043354,100.73479655628084,2017.0,4.0,4.0,189.0,unknown,0,https://www.ddproperty.com/en/property/ขายด่วนบ้านเดี่ยว-2-ชั้น-หมู่บ้านมัณฑนา-ศรีนครินทร์-ร่มเกล้า-ไซส์ใหญ่-หลังมุม-built-in-จัดเต็ม-for-sale-9865663,12900000.0,68253.96825396825,9.0
9562247,,Bang Plee,"Soi Kanchanaphisek 39, Kanchanaphisek Road, Rachathewa, Bang Plee, Samut Prakan",13.683994606075249,100.71235504662708,2020.0,3.0,4.0,208.0,unknown,0,https://www.ddproperty.com/en/property/sss110-house-for-sale-burasiri-wongwang-on-nut-fully-furnished-for-sale-9562247,14200000.0,68269.23076923077,6.0
9819703,,Bang Plee,"Soi Kanchanaphisek 39, Kanchanaphisek Road, Rachathewa, Bang Plee, Samut Prakan",13.683994606075249,100.71235504662708,2020.0,3.0,2.0,208.0,unknown,0,https://www.ddproperty.com/en/property/ขาย-บ้านเดี่ยว-บุราสิริ-วงแหวน-อ่อนนุช-ซอยกาญจนาภิเษก-39-ถนนกาญจนาภิเษก-วงแหวนรอบนอก-lb52-019090-for-sale-9819703,14200000.0,68269.23076923077,6.0
9241113,,Bang Plee,"Soi Kanchanaphisek 39, Kanchanaphisek Road, Rachathewa, Bang Plee, Samut Prakan",13.683994606075249,100.71235504662708,2020.0,3.0,4.0,208.0,Fully Furnished,0,https://www.ddproperty.com/en/property/k-4378-ขายด่วน-หมู่บ้าน-บุราสิริ-วงแหวน-อ่อนนุช-เดินทางง่าย-ใกล้-airport-rail-link-สถานีลาดกระบัง-for-sale-9241113,14200000.0,68269.23076923077,6.0
8942839,,Chom Thong,"Kanlapaphruek Road, Bangkhuntien, Chom Thong, Bangkok",13.707839177698547,100.45557757308396,2020.0,4.0,4.0,161.0,Unfurnished,0,https://www.ddproperty.com/en/property/detached-house-golden-neo-sathorn-corrner-unit-41-sqw-4-bedrooms-4-baht-with-161-sqm-area-for-sale-8942839,11000000.0,68322.98136645963,6.0
7613754,,Kathu,"- Vichitsongkram Road, Kathu, Kathu, Phuket",7.907531,98.35512,2014.0,3.0,3.0,130.0,Fully Furnished,0,https://www.ddproperty.com/en/property/3-bedrooms-villa-in-a-residential-area-close-to-rawai-beach-and-nai-harn-beach-hhkt25170-for-sale-7613754,8900000.0,68461.53846153847,12.0
9298588,,Prawet,"Sukhaphiban 2 Road, Prawet, Prawet, Bangkok",13.689908805573744,100.70451047631572,2008.0,4.0,5.0,284.0,unknown,0,https://www.ddproperty.com/en/property/manthana-onnut-wongwsen-5-english-version-below-listing-no-yt01-885-for-sale-9298588,19500000.0,68661.97183098592,18.0
8287610,,Phra Khanong,"Sukhumvit 101 Road, Bang Chak, Phra Khanong, Bangkok",13.691705,100.624756,2020.0,3.0,4.0,287.0,unknown,0,https://www.ddproperty.com/en/property/ขาย-บ้านแฝด-ไอเด็น-สุขุมวิท-101-โทร-02-512-5909-084-543-4833-086-397-4454-for-sale-8287610,19780000.0,68919.8606271777,6.0
9728690,,Muang Samut Sakhon,"Rama 2 Road, Bang Nam Chut, Muang Samut Sakhon, Samut Sakhon",13.598819,100.367149,2018.0,4.0,4.0,290.0,unknown,0,https://www.ddproperty.com/en/property/single-house-for-sale-luxury-project-the-grand-rama-2-next-to-rama-2-road-grandio-zone-34-hh-64144-for-sale-9728690,20000000.0,68965.5172413793,8.0
9851605,,Bang Plee,"159 Wat Nam Daeng Road, Bang Kaeo, Bang Plee, Samut Prakan",13.623552580526855,100.64993997065017,2018.0,3.0,3.0,100.0,unknown,0,https://www.ddproperty.com/en/property/ขายบ้านเดี่ยว-มัณฑนา-ศรีนครินทร์-mantana-srinakarin-สมุทรปราการ-for-sale-9851605,6900000.0,69000.0,8.0
9081346,,Prawet,"New Pattanakarn Road, Prawet, Prawet, Bangkok",13.710845,100.669081,2018.0,4.0,5.0,210.0,Partially Furnished,0,https://www.ddproperty.com/en/property/hh-622983-house-for-sale-burasiri-phatthanakan-210-sqm-4-bedrooms-2-parking-spaces-for-sale-9081346,14500000.0,69047.61904761905,8.0
10036406,,Prawet,"New Pattanakarn Road, Prawet, Prawet, Bangkok",13.710845,100.669081,2018.0,6.0,7.0,650.0,Fully Furnished,0,https://www.ddproperty.com/en/property/great-luxurious-home-burasiri-pattanakarn-prop001265ehl3-for-sale-10036406,45000000.0,69230.76923076923,8.0
9665800,,Prawet,"New Pattanakarn Road, Prawet, Prawet, Bangkok",13.710845,100.669081,2018.0,4.0,4.0,257.0,Fully Furnished,0,https://www.ddproperty.com/en/property/ขายบ้านเดี่ยว-2-ชั้น-หมู่บ้าน-บุราสิริ-พัฒนาการ-ถนนพัฒนาการ-ถนนสุขุมวิท77-for-sale-9665800,17800000.0,69260.70038910506,8.0
9700144,,Prawet,"New Pattanakarn Road, Prawet, Prawet, Bangkok",13.710845,100.669081,2018.0,4.0,4.0,257.0,unknown,0,https://www.ddproperty.com/en/property/detached-house-burasiri-pattanakarn-บ้านเดี่ยว-บุราสิริพัฒนาการ-sps-gh1402-for-sale-9700144,17800000.0,69260.70038910506,8.0
9807352,,Bueng Kum,"Nawamin Road, Khlong Kum, Bueng Kum, Bangkok",13.816274592605485,100.65402071517698,2015.0,3.0,5.0,281.0,unknown,0,https://www.ddproperty.com/en/property/บ้านเดี่ยว-นาราสิริ-โทเพียรี่-นวมินทร์-3-ห้องนอน-ขาย-narasiri-topiary-nawamin-3-bedrooms-for-sale-hl393-for-sale-9807352,19467000.0,69277.58007117438,11.0
10069219,,Bueng Kum,"Nawamin Road, Khlong Kum, Bueng Kum, Bangkok",13.816274592605485,100.65402071517698,2015.0,4.0,7.0,281.0,unknown,0,https://www.ddproperty.com/en/property/for-sale-single-house-narasiri-topiary-for-sale-10069219,19500000.0,69395.0177935943,11.0
9043384,,Bang Plee,"68 Bangna-Trad Road, Bang Kaeo, Bang Plee, Samut Prakan",13.642063,100.666464,2018.0,4.0,3.0,180.0,unknown,0,https://www.ddproperty.com/en/property/house-for-sale-at-mantana-bangna-km7-village-location-on-bangna-road-km-7-listing-no-yt01-710-for-sale-9043384,12500000.0,69444.44444444444,8.0
8764943,,Bang Lamung,"Toongklom - Talman 8 Road, Nong Pru, Bang Lamung, Chon Buri",12.893634,100.91315,2025.0,3.0,4.0,341.0,Unfurnished,0,https://www.ddproperty.com/en/property/3-bedroom-villa-for-sale-at-the-prospect-u776586-for-sale-8764943,23700000.0,69501.46627565983,1.0
9011018,,Bang Plee,"Soi Kanchanaphisek 39, Kanchanaphisek Road, Rachathewa, Bang Plee, Samut Prakan",13.683994606075249,100.71235504662708,2020.0,4.0,3.0,172.0,unknown,0,https://www.ddproperty.com/en/property/บุราสิริ-วงแหวน-อ่อนนุช-เฟอร์นิเจอร์พร้อมอยู่-for-sale-9011018,12000000.0,69767.44186046511,6.0
9780864,,Bang Kapi,"Krungthep Kreetha Road, Hua Mak, Bang Kapi, Bangkok",13.744209164720049,100.67220223333982,2020.0,4.0,5.0,400.0,unknown,0,https://www.ddproperty.com/en/property/for-sale-2-storeys-luxury-detached-house-103-sq-wa-grand-bangkok-boulevard-rama-9-for-sale-9780864,28000000.0,70000.0,6.0
10016200,,Khan Na Yao,"Soi Ram Inthra 64, Ram Inthra Road, Khan Na Yao, Khan Na Yao, Bangkok",13.818424922358206,100.67964848633932,2018.0,4.0,4.0,292.0,unknown,0,https://www.ddproperty.com/en/property/บ้านเดี่ยว-ไซมิส-คิน-รามอินทรา-3-ห้องนอนบ้านเดี่ยว-ไซมิส-คิน-รามอินทรา-4-ห้องนอน-ขาย-siamese-kin-ramintra-house-4-bedrooms-for-sale-tn080-ขาย-siamese-kin-ramintra-house-3-bedrooms-for-sale-tn080-for-sale-10016200,20440000.0,70000.0,8.0
10065039,,Saphan Sung,"Krungthep Kreetha Road, Saphan Sung, Saphan Sung, Bangkok",13.743164,100.673497,2017.0,4.0,4.0,220.0,Fully Furnished,0,https://www.ddproperty.com/en/property/house-for-sale-bangkok-boulevard-praram-9-srinakarin-for-sale-10065039,15400000.0,70000.0,9.0
10031229,,Prawet,"Phatthanakan-Onnut Road (New Cut), Prawet, Prawet, Bangkok",13.708832,100.66824,2021.0,3.0,3.0,285.0,Fully Furnished,0,https://www.ddproperty.com/en/property/3-bedroom-house-for-sale-at-setthasiri-pattanakarn-u1047978-for-sale-10031229,20000000.0,70175.43859649122,5.0
9807200,,Bang Plee,"68 Bangna-Trad Road, Bang Kaeo, Bang Plee, Samut Prakan",13.642063,100.666464,2018.0,4.0,4.0,235.0,unknown,0,https://www.ddproperty.com/en/property/house-for-sale-rent-at-mantana-1-bangna-km7-16-5-m-thb-thb-70k-month-listing-no-yt01-850-for-sale-9807200,16500000.0,70212.76595744681,8.0
9036267,,Phaya Thai,"Soi Inthamara 9, Samsen Nai, Phaya Thai, Bangkok",13.79086623909883,100.55389362683404,2015.0,4.0,5.0,413.00000000000006,Partially Furnished,0,https://www.ddproperty.com/en/property/for-sale-ฺbeautiful-luxury-house-at-ratchada-high-ceiling-near-huai-khwang-mrt-station-for-sale-9036267,29000000.0,70217.91767554478,11.0
9950168,,Bang Kapi,"Krungthep Kreetha Road, Hua Mak, Bang Kapi, Bangkok",13.744209164720049,100.67220223333982,2020.0,5.0,6.0,468.0,unknown,0,https://www.ddproperty.com/en/property/luxury-house-for-sale-grand-bangkok-boulevard-rama-9-modern-luxury-style-next-to-krungthep-kreetha-road-near-rama-9-expressway-52-hh-65018-for-sale-9950168,32900000.0,70299.1452991453,6.0
9556619,,Lat Phrao,"Sukhonthasawat Road, Lat Phrao, Lat Phrao, Bangkok",13.832597,100.620898,2019.0,5.0,6.0,454.0,unknown,0,https://www.ddproperty.com/en/property/hh-630059-house-for-sale-bann-klang-muang-classe-3-floors-5-bedrooms-6-bathrooms-size-67-sq-m-usable-area-454-sq-m-for-sale-9556619,32000000.0,70484.58149779735,7.0
9342730,,Lat Phrao,"Sukhonthasawat Road, Lat Phrao, Lat Phrao, Bangkok",13.832597,100.620898,2019.0,5.0,6.0,454.0,Fully Furnished,0,https://www.ddproperty.com/en/property/r2226-ขายบ้านเดี่ยว-3-ชั้น-ระดับ-super-luxury-โครงการ-baan-klang-muang-classe-เอกมัย-รามอินทรา-for-sale-9342730,32000000.0,70484.58149779735,7.0
9569203,,Lat Phrao,"Sukhonthasawat Road, Lat Phrao, Lat Phrao, Bangkok",13.832597,100.620898,2019.0,5.0,6.0,454.0,unknown,0,https://www.ddproperty.com/en/property/r059-22-7-บ้านเดี่ยว-3-ชั้น-baan-klang-muang-classe-ชั้นsuper-luxury-เอกมัย-รามอินทรา-แบบบ้าน-classe-villas-monte-3ชั้น-for-sale-9569203,32000000.0,70484.58149779735,7.0
9617315,,Lat Phrao,"Sukhonthasawat Road, Lat Phrao, Lat Phrao, Bangkok",13.832597,100.620898,2019.0,5.0,6.0,454.0,unknown,0,https://www.ddproperty.com/en/property/detached-house-for-sale-super-luxury-baan-klang-muang-classe-ladprao-the-most-private-for-sale-9617315,32000000.0,70484.58149779735,7.0
9342725,,Lat Phrao,"Sukhonthasawat Road, Lat Phrao, Lat Phrao, Bangkok",13.832597,100.620898,2019.0,5.0,6.0,454.0,Fully Furnished,0,https://www.ddproperty.com/en/property/r2226-ขายบ้านเดี่ยว-3-ชั้น-ระดับ-super-luxury-โครงการ-baan-klang-muang-classe-เอกมัย-รามอินทรา-for-sale-9342725,32000000.0,70484.58149779735,7.0
10016201,,Khan Na Yao,"Soi Ram Inthra 64, Ram Inthra Road, Khan Na Yao, Khan Na Yao, Bangkok",13.818424922358206,100.67964848633932,2018.0,4.0,4.0,292.0,unknown,0,https://www.ddproperty.com/en/property/บ้านเดี่ยว-ไซมิส-คิน-รามอินทรา-4-ห้องนอน-ขาย-siamese-kin-ramintra-house-4-bedrooms-for-sale-tn081-for-sale-10016201,20590000.0,70513.69863013699,8.0
10031973,,Bang Saphan,"Phetkasem Phetkasem, Chaikasam, Bang Saphan, Prachuap Khiri Khan",12.5361402,99.87719,2014.0,4.0,6.0,85.0,unknown,0,https://www.ddproperty.com/en/property/4-bedroom-house-for-sale-at-luxury-townhome-for-sale-at-the-win-east-pattaya-u1059906-for-sale-10031973,6000000.0,70588.23529411765,12.0
8776709,,Bang Na,"- Sukhumvit 105 Road, Bang Na, Bang Na, Bangkok",13.661448,100.623951,2012.0,6.0,7.0,848.0000000000001,unknown,0,https://www.ddproperty.com/en/property/sale-6-bedroom-super-luxury-house-in-lasalle-bangkok-samut-prakan-house-for-sale-bangkok-6-bedrooms-id-149616-h-062-848-sqm-for-sale-8776709,59900000.0,70636.79245283018,14.0
10029249,,Hua Hin,"- Soi Hua Hin 7 Petchkasem Road, Hua Hin, Hua Hin, Prachuap Khiri Khan",12.614514,99.95418,2014.0,3.0,3.0,145.0,Fully Furnished,0,https://www.ddproperty.com/en/property/3-bedroom-villa-for-sale-at-the-park-hua-hin-u22423-for-sale-10029249,10255000.0,70724.13793103448,12.0
10016202,,Khan Na Yao,"Soi Ram Inthra 64, Ram Inthra Road, Khan Na Yao, Khan Na Yao, Bangkok",13.818424922358206,100.67964848633932,2018.0,4.0,4.0,292.0,unknown,0,https://www.ddproperty.com/en/property/บ้านเดี่ยว-ไซมิส-คิน-รามอินทรา-4-ห้องนอน-ขาย-siamese-kin-ramintra-house-4-bedrooms-for-sale-tn082-for-sale-10016202,20700000.0,70890.4109589041,8.0
9821659,,Bang Plee,"159 Wat Nam Daeng Road, Bang Kaeo, Bang Plee, Samut Prakan",13.623552580526855,100.64993997065017,2018.0,4.0,3.0,183.0,Partially Furnished,0,https://www.ddproperty.com/en/property/for-sale-2-storeys-detached-house-mantana-srinakarin-bangna-4-bedroom-for-sale-9821659,13000000.0,71038.25136612022,8.0
9834531,,Bang Plee,"159 Wat Nam Daeng Road, Bang Kaeo, Bang Plee, Samut Prakan",13.623552580526855,100.64993997065017,2018.0,4.0,3.0,183.0,unknown,0,https://www.ddproperty.com/en/property/ae65012-house-for-sale-manthana-srinakarin-bangna-soi-wat-nam-daeng-for-sale-9834531,13000000.0,71038.25136612022,8.0
9805625,,Muang Nonthaburi,"Rachapruk Road, Bang Rak Noi, Muang Nonthaburi, Nonthaburi",13.870367792379607,100.45210276575764,2015.0,5.0,6.0,563.0,unknown,0,https://www.ddproperty.com/en/property/tu-0296-ขาย-บ้านเดี่ยว-3-ชั้น-สุดหรูgrand-bangkok-boulevard-ราชพฤกษ์-พระราม-5-บนถนนนครอินทร์-จาก-sc-asset-บ้านหลังมุม-พร้อมลิฟท์-for-sale-9805625,40000000.0,71047.95737122558,11.0
9398389,,Pak Kret,"ซอยแจ้งวัฒ ถนนแจ้งวัฒนะ, Ban Mai, Pak Kret, Nonthaburi",13.8834366,100.5829017,2012.0,3.0,3.0,408.0,unknown,0,https://www.ddproperty.com/en/property/petfriendly-townhouse-for-rent-and-sale-phrom-phong-hs-00069-for-sale-9398389,29000000.0,71078.43137254902,14.0
9592348,,Kathu,"10/33 Kamala, Kammala, Kathu, Phuket",7.939621,98.292125,2012.0,4.0,6.0,450.0,Fully Furnished,0,https://www.ddproperty.com/en/property/roomy-4-br-house-at-royal-kamala-phuket-id-471534-for-sale-9592348,32000000.0,71111.11111111111,14.0
9959973,,Bueng Kum,"Nawamin Road, Khlong Kum, Bueng Kum, Bangkok",13.816274592605485,100.65402071517698,2015.0,3.0,5.0,281.0,unknown,0,https://www.ddproperty.com/en/property/ขายบ้านเดี่ยว-พร้อมเฟอร์-นาราสิริ-โทเพียรี่-นวมินทร์-bdd-for-sale-9959973,20000000.0,71174.37722419928,11.0
8781232,,Bang Na,"- Sukhumvit 105 Road, Bang Na, Bang Na, Bangkok",13.661448,100.623951,2012.0,4.0,5.0,664.0,unknown,0,https://www.ddproperty.com/en/property/sale-super-luxury-4-bedroom-house-for-sale-in-lasalle-samut-prakan-bangkok-4-bedrooms-id-149661-h-063-664-sqm-for-sale-8781232,47277000.0,71200.30120481928,14.0
10051787,,Bang Kapi,"Krungthep Kreetha Road, Hua Mak, Bang Kapi, Bangkok",13.744209164720049,100.67220223333982,2020.0,4.0,5.0,400.0,unknown,0,https://www.ddproperty.com/en/property/pbs382-house-for-sale-grand-bangkok-boulevard-rama-9-for-sale-10051787,28500000.0,71250.0,6.0
9975876,,Bang Kapi,"Krungthep Kreetha Road, Hua Mak, Bang Kapi, Bangkok",13.744209164720049,100.67220223333982,2020.0,4.0,5.0,400.0,unknown,0,https://www.ddproperty.com/en/property/pbs382-house-for-sale-grand-bangkok-boulevard-rama-9-for-sale-9975876,28500000.0,71250.0,6.0
9982595,,Chom Thong,"Kanlapaphruek Road, Bangkhuntien, Chom Thong, Bangkok",13.707839177698547,100.45557757308396,2020.0,4.0,4.0,161.0,unknown,0,https://www.ddproperty.com/en/property/ขาย-บ้านแฝด-สวย-โกลเด้น-นีโอ-สาทร-161-ตรม-41-ตร-วา-ถูก-for-sale-9982595,11500000.0,71428.57142857143,6.0
9784773,,Bang Plee,"68 Bangna-Trad Road, Bang Kaeo, Bang Plee, Samut Prakan",13.642063,100.666464,2018.0,4.0,4.0,236.0,unknown,0,https://www.ddproperty.com/en/property/ขายบ้านเดี่ยว-มัณฑนา-บางนา-กม-7-บ้านสวย-พื้นที่ใช้สอยเยอะ-ใกล้เมกะ-บางนาตราด-ทำเลดี-ถูกมาก-for-sale-9784773,16900000.0,71610.16949152542,8.0
10064763,,Min Buri,"Kheha Rom Klao Road, Min Buri, Min Buri, Bangkok",13.77616450043354,100.73479655628084,2017.0,4.0,5.0,222.00000000000003,Partially Furnished,0,https://www.ddproperty.com/en/property/the-new-house-manthana-srinakarin-romklao-for-sale-10064763,15900000.0,71621.62162162161,9.0
10080686,,Lat Phrao,"Sukhonthasawat Road, Lat Phrao, Lat Phrao, Bangkok",13.832597,100.620898,2019.0,4.0,5.0,346.0,unknown,0,https://www.ddproperty.com/en/property/luxury-house-for-sale-classe-eakamai-ramindra-for-sale-10080686,24800000.0,71676.30057803469,7.0
9699656,,Bang Plee,"Lat Krabang Road, Rachathewa, Bang Plee, Samut Prakan",13.714717,100.7251718,2018.0,4.0,4.0,230.0,Partially Furnished,0,https://www.ddproperty.com/en/property/ขายบ้านเดี่ยวหลังมุม-เพอร์เฟคเพลส-สุขุมวิท77-80ตร-ว-ลาดกระบัง20-3-4ห้องนอน-บ้านอยู่ต้นซอย-ใกล้รปภ-สุวรรณภูมิ-for-sale-9699656,16500000.0,71739.13043478261,8.0
9817133,,Bang Plee,"68 Bangna-Trad Road, Bang Kaeo, Bang Plee, Samut Prakan",13.642063,100.666464,2018.0,4.0,4.0,235.0,unknown,0,https://www.ddproperty.com/en/property/house-for-sale-at-mantana-1-bangna-km7-16-9-m-thb-listing-no-yt01-938-for-sale-9817133,16900000.0,71914.89361702128,8.0
9825426,,Prawet,"On Nut Road, Prawet, Prawet, Bangkok",13.706772866129118,100.67429491799172,2019.0,4.0,4.0,235.0,Fully Furnished,0,https://www.ddproperty.com/en/property/for-sale-2-storeys-detached-house-the-city-pattanakarn-4-bedroom-for-sale-9825426,16900000.0,71914.89361702128,7.0
9992033,,Bang Kapi,"Krungthep Kreetha Road, Hua Mak, Bang Kapi, Bangkok",13.756156328373264,100.66896931065986,2015.0,5.0,5.0,312.0,unknown,0,https://www.ddproperty.com/en/property/ขาย-บ้านเดี่ยว-2-ชั้น-100-ตารางวา-หมู่บ้าน-เศรษฐสิริ-กรุงเทพกรีฑา-for-sale-9992033,22500000.0,72115.38461538461,11.0
7602899,,Kathu,"- Vichitsongkram Road, Kathu, Kathu, Phuket",7.907531,98.35512,2014.0,5.0,5.0,730.0,Fully Furnished,0,https://www.ddproperty.com/en/property/spacious-5-bedrooms-villa-close-to-layan-beach-hhkt25432-for-sale-7602899,53000000.0,72602.7397260274,12.0
9657202,,Bang Plee,"Buanakarin Road, Bang Kaeo, Bang Plee, Samut Prakan",13.635187,100.667482,2018.0,4.0,3.0,172.0,unknown,0,https://www.ddproperty.com/en/property/detached-house-centro-bangna-km7-บ้านเดี่ยวหมู่บ้านเซนโทรบางนา-กม-7-sps-gh1385-for-sale-9657202,12500000.0,72674.41860465116,8.0
8776428,,Suan Luang,"- Soi Phatthanakan 26, Phatthanakan Road, Suan Luang, Suan Luang, Bangkok",13.73611721200266,100.61692536193664,2012.0,4.0,3.0,114.0,Unfurnished,0,https://www.ddproperty.com/en/property/sale-townhouse-noble-cube-4-bedrooms-id-40537-h-027-114-sqm-for-sale-8776428,8300000.0,72807.01754385965,14.0
10028685,,Bang Kruai,"Nakhon In Road, Bang Khun Kong, Bang Kruai, Nonthaburi",13.82316484716796,100.44276569110326,2010.0,5.0,4.0,295.0,Partially Furnished,0,https://www.ddproperty.com/en/property/ขายบ้าน-หลังมุม-ลัดดารมย์-อีลีแกนซ์-พระราม5-2-ติดถนนพระราม5-พร้อมเรือนรับรอง-เนื้อที่-148-4-ตร-ว-lb193-019201-for-sale-10028685,21500000.0,72881.35593220338,16.0
8161996,,Cha-Am,"1500 ถนน เพชรเกษม, Cha-am, Cha-Am, Phetchaburi",12.645240239731264,99.95197300855732,2014.0,3.0,3.0,240.0,Fully Furnished,0,https://www.ddproperty.com/en/property/pool-villa-with-private-jacuzzi-sea-view-at-boat-house-for-sale-for-sale-8161996,17500000.0,72916.66666666667,12.0
9949112,,Bang Plee,"68 Bangna-Trad Road, Bang Kaeo, Bang Plee, Samut Prakan",13.642063,100.666464,2018.0,5.0,3.0,172.0,unknown,0,https://www.ddproperty.com/en/property/detached-house-mantana-bangna-km7-บ้านเดี่ยว-มัณฑนา-บางนา-กม-7-gh-17-for-sale-9949112,12550000.0,72965.11627906977,8.0
8837404,,Bang Plee,"68 Bangna-Trad Road, Bang Kaeo, Bang Plee, Samut Prakan",13.642063,100.666464,2018.0,4.0,5.0,222.00000000000003,unknown,0,https://www.ddproperty.com/en/property/for-sale-mantana-bangna-km-7-listing-no-yt01-815-for-sale-8837404,16200000.0,72972.97297297296,8.0
8326623,,Bang Plee,"68 Bangna-Trad Road, Bang Kaeo, Bang Plee, Samut Prakan",13.642063,100.666464,2018.0,4.0,3.0,178.0,Fully Furnished,0,https://www.ddproperty.com/en/property/single-house-mantana-km7-sps-gh543-for-sale-8326623,12990000.0,72977.52808988764,8.0
8826903,,Bang Plee,"68 Bangna-Trad Road, Bang Kaeo, Bang Plee, Samut Prakan",13.642063,100.666464,2018.0,4.0,3.0,178.0,Fully Furnished,0,https://www.ddproperty.com/en/property/detached-house-single-house-mantana-km7-บ้านเดี่ยวมัณฑนา-กม7-sps-gh1008-for-sale-8826903,12990000.0,72977.52808988764,8.0
10030777,,Chom Thong,"Kanlapaphruek Road, Bangkhuntien, Chom Thong, Bangkok",13.71016770165858,100.45487426256568,2020.0,4.0,4.0,161.0,Unfurnished,0,https://www.ddproperty.com/en/property/4-bedroom-house-for-sale-at-golden-neo-sathorn-u975448-for-sale-10030777,11790000.0,73229.81366459628,6.0
8010551,,Lat Phrao,"Sukhonthasawat Road, Lat Phrao, Lat Phrao, Bangkok",13.832597,100.620898,2019.0,5.0,6.0,450.0,Unfurnished,0,https://www.ddproperty.com/en/property/ขายด่วน-บ้านเดี่ยวหรู-3-ชั้น-5-นอน-6-น้ำ-สุคนธสวัสดิ์-เกษตรนวมินทร์-พื้นที่ใช้สอยเยอะ-the-classe-เอกมัย-รามอินทรา-สนใจติดต่อเข้าชมโครงการ-063-9803555-for-sale-8010551,33000000.0,73333.33333333333,7.0
10046925,,Bang Bon,"Kanchanaphisek Road, Bang Bon, Bang Bon, Bangkok",13.645613418756904,100.40815606994056,2020.0,4.0,5.0,271.0,unknown,0,https://www.ddproperty.com/en/property/detached-house-for-sale-be-motto-kanjanapisek-rama-2-model-house-size-119-square-wa-property-code-02-42294-for-sale-10046925,19900000.0,73431.73431734317,6.0
10061492,,Bang Bon,"Kanchanaphisek Road, Bang Bon, Bang Bon, Bangkok",13.645613418756904,100.40815606994056,2020.0,4.0,5.0,271.0,unknown,0,https://www.ddproperty.com/en/property/house-for-sale-be-motto-kanchanaphisek-rama-2-first-hand-119-4-square-wa-271-square-meters-4-bedrooms-ready-to-move-in-for-sale-10061492,19900000.0,73431.73431734317,6.0
8776512,,Wang Thonglang,"Pradit Manutham Road, Khlong Chaokhun Sing, Wang Thonglang, Bangkok",13.792825,100.613132,2016.0,4.0,4.0,543.0,Fully Furnished,0,https://www.ddproperty.com/en/property/sale-the-honor-video-4-bedrooms-id-40295-h-022-543-sqm-for-sale-8776512,40000000.0,73664.82504604051,10.0
9732792,,Bang Kapi,"788 Ramkamhang Road, Hua Mak, Bang Kapi, Bangkok",13.762599671388358,100.64868202331354,2011.0,5.0,6.0,529.0,Unfurnished,0,https://www.ddproperty.com/en/property/920071001-9081-penthouse-5-bedrooms-panoramic-views-for-sale-9732792,39000000.0,73724.00756143668,15.0
9012263,,Bang Plee,"Bang Phli-Tamru Road, Bangphli Yai, Bang Plee, Samut Prakan",13.587061,100.701899,2003.0,5.0,5.0,400.0,unknown,0,https://www.ddproperty.com/en/property/วรารมย์-เลควิว-เทพารักษ์-บ้านหลังใหญ่-พื้นที่เยอะ-for-sale-9012263,29500000.0,73750.0,23.0
8811279,,Thalang,"125 Si Soonthon Road, Choeng Thale, Thalang, Phuket",7.974426859181857,98.28282249719392,2002.0,4.0,4.0,799.9999999999999,Fully Furnished,0,https://www.ddproperty.com/en/property/902445t-sale-pool-villa-4-bedrooms-ayara-surin-for-sale-8811279,59000000.0,73750.00000000001,24.0
8269034,,Prawet,"Phatthanakan-Onnut Road (New Cut), Prawet, Prawet, Bangkok",13.708832,100.66824,2021.0,4.0,3.0,250.0,unknown,0,https://www.ddproperty.com/en/property/single-house-setthasiri-pattanakarn-sps-gh399-for-sale-8269034,18500000.0,74000.0,5.0
7802084,,Hua Hin,"Nong Kae, Hua Hin, Prachuap Khiri Khan",13.783935,100.489972,2021.0,3.0,3.0,135.0,Fully Furnished,0,https://www.ddproperty.com/en/property/luxury-3-bedroom-pool-villa-for-sale-in-hua-hin-hhhq27371-for-sale-7802084,10000000.0,74074.07407407407,5.0
10030807,,Chom Thong,"Kanlapaphruek Road, Bangkhuntien, Chom Thong, Bangkok",13.71016770165858,100.45487426256568,2020.0,4.0,4.0,160.0,Unfurnished,0,https://www.ddproperty.com/en/property/4-bedroom-house-for-sale-at-golden-neo-sathorn-u1003488-for-sale-10030807,11900000.0,74375.0,6.0
8776157,,Lak Si,"Thung Song Hong, Lak Si, Bangkok",13.794508,100.650975,2016.0,5.0,2.0,605.0,Fully Furnished,0,https://www.ddproperty.com/en/property/sale-green-park-i-5-bedrooms-id-92941-h-122-605-sqm-for-sale-8776157,45100000.0,74545.45454545454,10.0
9410173,,Prawet,"Phatthanakan-Onnut Road (New Cut), Prawet, Prawet, Bangkok",13.708832,100.66824,2021.0,4.0,4.0,264.0,Fully Furnished,0,https://www.ddproperty.com/en/property/k-4455-ขายด่วน-เศรษฐสิริ-พัฒนาการ-ทำเลศักยภาพถนนพัฒนาการตัดใหม่-for-sale-9410173,19790000.0,74962.12121212122,5.0
8305536,,Bang Plee,"68 Bangna-Trad Road, Bang Kaeo, Bang Plee, Samut Prakan",13.642063,100.666464,2018.0,5.0,3.0,172.0,Fully Furnished,0,https://www.ddproperty.com/en/property/sale-with-tenant-manthana-bangna-km-7-next-to-mega-bangna-for-sale-8305536,12900000.0,75000.0,8.0
9411222,,Phaya Thai,"Soi Inthamara 9, Samsen Nai, Phaya Thai, Bangkok",13.79086623909883,100.55389362683404,2015.0,4.0,5.0,413.00000000000006,Partially Furnished,0,https://www.ddproperty.com/en/property/i-nine-4-bedrooms-for-sale-ไอ-ไนน์-บ้านเดี่ยว-3-ชั้น-4-ห้องนอน-ขาย-sky396-for-sale-9411222,31000000.0,75060.53268765133,11.0
9867319,,Prawet,"On Nut Road, Prawet, Prawet, Bangkok",13.706772866129118,100.67429491799172,2019.0,4.0,4.0,225.0,Fully Furnished,0,https://www.ddproperty.com/en/property/kie-116-ด่วน-ลด-1ล้านบาท-the-city-พัฒนาการ-ตกแต่งหรู-พร้อมอยู่-for-sale-9867319,16900000.0,75111.11111111111,7.0
9873341,,Bang Kapi,"Krungthep Kreetha Road, Hua Mak, Bang Kapi, Bangkok",13.756156328373264,100.66896931065986,2015.0,5.0,4.0,318.0,Partially Furnished,0,https://www.ddproperty.com/en/property/b2030265-ขาย-บ้านเดี่ยว-เศรษฐสิริ-กรุงเทพกรีฑา-1-ตึก-2-ชั้น-ขนาดพื้นที่-92-8-ตร-ว-sell-setthasiri-krungthep-kreetha-1-for-sale-9873341,24000000.0,75471.69811320755,11.0
9852449,,Bang Kapi,"Krungthep Kreetha Road, Hua Mak, Bang Kapi, Bangkok",13.756156328373264,100.66896931065986,2015.0,5.0,4.0,318.0,Fully Furnished,0,https://www.ddproperty.com/en/property/ขายบ้านเศรษฐสิริ-กรุงเทพกรีฑา-1-ถนนกรุงเทพกรีฑาตัดใหม่-ร่มเกล้า-หน้าบ้านทิศใต้-for-sale-9852449,24000000.0,75471.69811320755,11.0
9802878,,Bang Kapi,"Krungthep Kreetha Road, Hua Mak, Bang Kapi, Bangkok",13.756156328373264,100.66896931065986,2015.0,4.0,4.0,318.0,Partially Furnished,0,https://www.ddproperty.com/en/property/ขายบ้านหรูหลังมุม92-8ตรว-ม-เศรษฐสิริ-กรุงเทพกรีฑา-สวยสภาพดีพร้อมอยู่-ราคาคุยกันได้ค่ะ-for-sale-9802878,24000000.0,75471.69811320755,11.0
9826159,,Bang Kapi,"Krungthep Kreetha Road, Hua Mak, Bang Kapi, Bangkok",13.756156328373264,100.66896931065986,2015.0,5.0,4.0,318.0,Fully Furnished,0,https://www.ddproperty.com/en/property/ขายด่วน-บ้านเศรษฐสิริ-กรุงเทพกรีฑา-5-ห้องนอน-แต่งสวย-กรุงเทพกรีฑาตัดใหม่-gant-for-sale-9826159,24000000.0,75471.69811320755,11.0
9871720,,Bang Kapi,"Krungthep Kreetha Road, Hua Mak, Bang Kapi, Bangkok",13.756156328373264,100.66896931065986,2015.0,5.0,4.0,318.0,Partially Furnished,0,https://www.ddproperty.com/en/property/ขายบ้านเศรษฐสิริ-กรุงเทพกรีฑา15-1-ใกล้โรงเรียนนานาชาติ-brighton-college-for-sale-9871720,24000000.0,75471.69811320755,11.0
9868872,,Bang Kapi,"Krungthep Kreetha Road, Hua Mak, Bang Kapi, Bangkok",13.756156328373264,100.66896931065986,2015.0,5.0,4.0,318.0,Fully Furnished,0,https://www.ddproperty.com/en/property/house-for-sale-setthasiri-krungthep-kreetha-1-for-sale-9868872,24000000.0,75471.69811320755,11.0
9946428,,Bang Kapi,"Krungthep Kreetha Road, Hua Mak, Bang Kapi, Bangkok",13.756156328373264,100.66896931065986,2015.0,5.0,4.0,318.0,Partially Furnished,0,https://www.ddproperty.com/en/property/sk03884-ขายบ้านเดี่ยว-หมู่บ้านเศรษฐสิริ-กรุงเทพกรีฑา-5-นอน-4-น้ำ-ติดถนนตัดใหม่กรุงเทพกรีฑา-ร่มเกล้า-for-sale-9946428,24000000.0,75471.69811320755,11.0
9856654,,Bang Kapi,"Krungthep Kreetha Road, Hua Mak, Bang Kapi, Bangkok",13.756156328373264,100.66896931065986,2015.0,5.0,4.0,318.0,Partially Furnished,0,https://www.ddproperty.com/en/property/ขายบ้านเดี่ยว-2-ชั้น-เศรษฐสิริ-กรุงเทพกรีฑา-ถนนศรีนครินทร์-ร่มเกล้า-for-sale-9856654,24000000.0,75471.69811320755,11.0
9722110,,Bang Kapi,"Krungthep Kreetha Road, Hua Mak, Bang Kapi, Bangkok",13.756156328373264,100.66896931065986,2015.0,4.0,4.0,318.0,unknown,0,https://www.ddproperty.com/en/property/บ้านเดี่ยว-เศรษฐสิริ-กรุงเทพกรีฑา-4-ห้องนอน-ขาย-setthasiri-krungthep-kreetha-house-4-bedrooms-for-sale-tp107-for-sale-9722110,24000000.0,75471.69811320755,11.0
9992741,,Bang Kapi,"Krungthep Kreetha Road, Hua Mak, Bang Kapi, Bangkok",13.756156328373264,100.66896931065986,2015.0,5.0,4.0,318.0,Partially Furnished,0,https://www.ddproperty.com/en/property/5-bedrooms-single-house-for-sale-setthasiri-krungthep-kreetha-near-the-nine-rama9-for-sale-9992741,24000000.0,75471.69811320755,11.0
9994336,,Bang Kapi,"Krungthep Kreetha Road, Hua Mak, Bang Kapi, Bangkok",13.756156328373264,100.66896931065986,2015.0,5.0,4.0,318.0,unknown,0,https://www.ddproperty.com/en/property/ขายบ้านเดี่ยว-ม-เศรษฐสิริ-กรุงเทพกรีฑา-เฟส1-93-ตรว-ตกแต่งหรูหรา-หลังมุม-สวยน่าอยู่-for-sale-9994336,24000000.0,75471.69811320755,11.0
9872188,,Bang Kapi,"Krungthep Kreetha Road, Hua Mak, Bang Kapi, Bangkok",13.756156328373264,100.66896931065986,2015.0,5.0,4.0,318.0,unknown,0,https://www.ddproperty.com/en/property/r112-76-ขาย-บ้านเดี่ยว-2-ชั้น-318-ตารางเมตร-บ้านเศรษฐสิริ-กรุงเทพกรีฑา-1-for-sale-9872188,24000000.0,75471.69811320755,11.0
9971622,,Bang Kapi,"Krungthep Kreetha Road, Hua Mak, Bang Kapi, Bangkok",13.756156328373264,100.66896931065986,2015.0,5.0,4.0,318.0,Fully Furnished,0,https://www.ddproperty.com/en/property/ขายบ้านเดี่ยว-เศรษฐสิริ-กรุงเทพกรีฑา1-บ้านหลังมุม-หน้าบ้านหันทิศใต้-93ตร-ว-5ห้องนอน-4ห้องน้ำ-มีห้องแม่บ้าน-ถนนกรุงเทพกรีฑาตัดใหม่-ร่มเกล้า15-1-พระราม9-หัวหมาก-บางกะปิ-ถนนศรีนครินทร์-ร่มเกล้า-for-sale-9971622,24000000.0,75471.69811320755,11.0
9964536,,Bang Kapi,"Krungthep Kreetha Road, Hua Mak, Bang Kapi, Bangkok",13.756156328373264,100.66896931065986,2015.0,5.0,4.0,318.0,Partially Furnished,0,https://www.ddproperty.com/en/property/เศรษฐสิริ-กรุงเทพกรีฑา1-พร้อมเข้าอยู่-for-sale-9964536,24000000.0,75471.69811320755,11.0
10048283,,Bang Kapi,"Krungthep Kreetha Road, Hua Mak, Bang Kapi, Bangkok",13.756156328373264,100.66896931065986,2015.0,5.0,4.0,318.0,Fully Furnished,0,https://www.ddproperty.com/en/property/ขายบ้านเดี่ยวตกแต่งสวย-หมู่บ้านเศรษฐสิริ1-กรุงเทพกรีฑา-pst-eve420-for-sale-10048283,24000000.0,75471.69811320755,11.0
9999592,,Bang Kapi,"Krungthep Kreetha Road, Hua Mak, Bang Kapi, Bangkok",13.756156328373264,100.66896931065986,2015.0,5.0,4.0,318.0,Fully Furnished,0,https://www.ddproperty.com/en/property/for-sale-ขายบ้านเดี่ยว-เศรษฐสิริ-กรุงเทพกรีฑา-1-pst-ann368-for-sale-9999592,24000000.0,75471.69811320755,11.0
9870995,,Bang Kapi,"Krungthep Kreetha Road, Hua Mak, Bang Kapi, Bangkok",13.756156328373264,100.66896931065986,2015.0,5.0,4.0,318.0,Fully Furnished,0,https://www.ddproperty.com/en/property/ขายบ้านเศรษฐสิริ-กรุงเทพกรีฑา-1-ถนนกรุงเทพกรีฑาตัดใหม่-ร่มเกล้า-for-sale-9870995,24000000.0,75471.69811320755,11.0
10006474,,Bang Khen,"Soi Ramintra 14, Tha Rang, Bang Khen, Bangkok",13.848969541342376,100.62453306793954,2017.0,4.0,4.0,218.0,unknown,0,https://www.ddproperty.com/en/property/bh-01221-บ้านเดี่ยว-คาซ่า-เลเจ้นด์-เกษตร-นวมินทร์-หลังริม-หลังมุม-casa-legend-kaset-nawamin-for-sale-10006474,16500000.0,75688.07339449541,9.0
10014480,,Bang Khen,"Soi Ramintra 14, Tha Rang, Bang Khen, Bangkok",13.848969541342376,100.62453306793954,2017.0,4.0,4.0,218.0,unknown,0,https://www.ddproperty.com/en/property/pbh-01221-house-for-sale-casa-legend-kaset-nawamin-for-sale-10014480,16500000.0,75688.07339449541,9.0
9764581,,Bang Kapi,"Krungthep Kreetha Road, Hua Mak, Bang Kapi, Bangkok",13.756156328373264,100.66896931065986,2015.0,3.0,3.0,165.0,unknown,0,https://www.ddproperty.com/en/property/6411-641-house-for-sale-krungthep-kreetha-saphan-sung-setthasiri-krun-for-sale-9764581,12500000.0,75757.57575757576,11.0
8771996,,Bang Lamung,"Toongklom - Talman 8 Road, Nong Pru, Bang Lamung, Chon Buri",12.893634,100.91315,2025.0,4.0,5.0,389.0,Unfurnished,0,https://www.ddproperty.com/en/property/4-bedroom-villa-for-sale-at-the-prospect-u776590-for-sale-8771996,29500000.0,75835.47557840617,1.0
8805701,,Cha-Am,"1500 ถนน เพชรเกษม, Cha-am, Cha-Am, Phetchaburi",12.645240239731264,99.95197300855732,2014.0,3.0,3.0,230.0,unknown,0,https://www.ddproperty.com/en/property/boathouse-beautiful-design-3-bed-pool-villa-100-meters-from-the-beach-with-sea-views-for-sale-8805701,17500000.0,76086.95652173914,12.0
8709186,,Bang Plee,"Soi Sukhumvit 105 (Lasalle), Bang Kaeo, Bang Plee, Samut Prakan",13.652403,100.644615,2020.0,3.0,4.0,230.0,Fully Furnished,0,https://www.ddproperty.com/en/property/ขาย-หมู่บ้าน-นารา-โบทานิค-ศรีนครินทร์-ลาซาล-ถนนเมน-ใกล้คลับเฮาส์-for-sale-8709186,17500000.0,76086.95652173914,6.0
9793094,,Phra Khanong,"Soi Sukhumvit 101, Sukhumvit Road, Bang Chak, Phra Khanong, Bangkok",13.692077152115914,100.62269500000002,2020.0,4.0,5.0,440.0,unknown,0,https://www.ddproperty.com/en/property/crp-d4-hh-640130-hot-promotion-and-limited-time-the-gentry-sukhumvit-best-location-housing-project-come-with-qualities-living-are-in-limited-promotion-for-sale-9793094,33500000.0,76136.36363636363,6.0
9489966,,Bang Plee,"68 Bangna-Trad Road, Bang Kaeo, Bang Plee, Samut Prakan",13.642063,100.666464,2018.0,4.0,3.0,172.0,Fully Furnished,0,https://www.ddproperty.com/en/property/kn-0477-ขายพร้อมผู้เช่าด่วน-มัณฑณา-บางนา-กม-7-บ้านสวย-ข้างบ้านต่อเติมหลังคา-ยกพื้นเป็นที่นั่งพักผ่อน-for-sale-9489966,13100000.0,76162.79069767441,8.0
9857913,,Prawet,"On Nut Road, Prawet, Prawet, Bangkok",13.706772866129118,100.67429491799172,2019.0,4.0,4.0,235.0,unknown,0,https://www.ddproperty.com/en/property/ขายด่วน-บ้านเดี่ยว-thecity-pattanakarn-เพียง-5-นาทีจากทางด่วน-for-sale-9857913,17900000.0,76170.21276595745,7.0
9981977,,Bang Kapi,"Krungthep Kreetha Road, Hua Mak, Bang Kapi, Bangkok",13.756156328373264,100.66896931065986,2015.0,5.0,4.0,315.0,unknown,0,https://www.ddproperty.com/en/property/หลังมุม-บ้านเดี่ยว-2-ชั้น-เศรษฐสิริ-กรุงเทพกรีฑา-พื้นที่-92-8ตร-วา-5ห้องนอน-4ห้องน้ำ-3ที่จอดรถ-for-sale-9981977,24000000.0,76190.47619047618,11.0
8776235,,Suan Luang,"Suan Luang, Suan Luang, Bangkok",15.678691,103.006038,2015.0,3.0,3.0,246.0,Fully Furnished,0,https://www.ddproperty.com/en/property/sale-house-huamak-3-bedrooms-id-107109-hf-5714-246-sqm-for-sale-8776235,18800000.0,76422.76422764227,11.0
10071068,,Bang Kapi,"Krungthep Kreetha Road, Hua Mak, Bang Kapi, Bangkok",13.756156328373264,100.66896931065986,2015.0,4.0,5.0,314.0,unknown,0,https://www.ddproperty.com/en/property/tu-0341-ขายด่วน-ราคาพิเศษ-บ้านเดี่ยวหรู-แต่งครบ-เศรษฐสิริ-กรุงเทพกรีฑา-1-โครงการของ-sansiri-พระราม-9-ใกล้-สุวรรณภูมิ-เพียง-15-นาที-for-sale-10071068,24000000.0,76433.12101910828,11.0
8675074,,Muang Samut Sakhon,"Rama 2 Road, Bang Nam Chut, Muang Samut Sakhon, Samut Sakhon",13.598819,100.367149,2018.0,4.0,4.0,208.0,unknown,0,https://www.ddproperty.com/en/property/บ้านเดี่ยว-the-grand-คอร์ทยาร์ด-พระราม-2-บ้านใหม่มาก-4-นอน-4-ห้องน้ำ-แปลงส่วนตัว-ใกล้สวน-พร้อมอยู่-15-9-ล้าน-for-sale-8675074,15900000.0,76442.30769230769,8.0
8393643,,Muang Samut Sakhon,"Rama 2 Road, Bang Nam Chut, Muang Samut Sakhon, Samut Sakhon",13.598819,100.367149,2018.0,3.0,4.0,208.0,unknown,0,https://www.ddproperty.com/en/property/ด่วน-บ้านเดี่ยวหลังมุม-เดอะแกรนด์-พระราม2-เนื้อที่กว่า-100-ตารางวา-โซนต้นโครงการ-รหัสsh651-for-sale-8393643,15900000.0,76442.30769230769,8.0
8590896,,Phra Khanong,"Sukhumvit 101 Road, Bang Chak, Phra Khanong, Bangkok",13.691705,100.624756,2020.0,5.0,7.0,574.0,Partially Furnished,0,https://www.ddproperty.com/en/property/5-bedroom-house-for-sale-at-iden-sukhumvit-101-u649590-for-sale-8590896,43980000.0,76620.20905923344,6.0
8287645,,Phra Khanong,"Sukhumvit 101 Road, Bang Chak, Phra Khanong, Bangkok",13.691705,100.624756,2020.0,3.0,4.0,574.0,unknown,0,https://www.ddproperty.com/en/property/ขาย-บ้านแฝด-ไอเด็น-สุขุมวิท-101-โทร-02-512-5909-084-543-4833-086-397-4454-for-sale-8287645,43980000.0,76620.20905923344,6.0
10028732,,Saphan Sung,"Krungthep Kreetha Road, Saphan Sung, Saphan Sung, Bangkok",13.743164,100.673497,2017.0,4.0,5.0,300.0,unknown,0,https://www.ddproperty.com/en/property/ขาย-บ้านเดี่ยว-แกรนด์-บางกอก-บูเลอวาร์ด-พระราม-9-ศรีนครินทร์-300-ตรม-75-ตร-วา-สภาพสวย-สภาพดีมาก-for-sale-10028732,23000000.0,76666.66666666667,9.0
9456461,,Bang Plee,"68 Bangna-Trad Road, Bang Kaeo, Bang Plee, Samut Prakan",13.642063,100.666464,2018.0,4.0,3.0,172.0,Partially Furnished,0,https://www.ddproperty.com/en/property/sale-with-tenant-manthana-bangna-km-7-for-sale-9456461,13200000.0,76744.18604651163,8.0
8811156,,Thalang,"125 Si Soonthon Road, Choeng Thale, Thalang, Phuket",7.974426859181857,98.28282249719392,2002.0,4.0,4.0,1432.0,Fully Furnished,0,https://www.ddproperty.com/en/property/800654t-sale-pool-villa-4-bedrooms-ayara-surin-villa-for-sale-8811156,110000000.0,76815.64245810056,24.0
8773346,,Prawet,"Phatthanakan-Onnut Road (New Cut), Prawet, Prawet, Bangkok",13.708832,100.66824,2021.0,5.0,5.0,389.0,Fully Furnished,0,https://www.ddproperty.com/en/property/ขายบ้านหน้าสวน-บ้านเดี่ยวเศรษฐสิริพัฒนาการ-พื้นที่-101-ตารางวา-5-ห้องนอน-5-ห้องน้ำ-สวยมากfully-furnished-เลขที่บ้าน-อยู่แล้วเฮง-for-sale-8773346,29900000.0,76863.75321336761,5.0
9206883,,Lat Phrao,"Sukhonthasawat Road, Lat Phrao, Lat Phrao, Bangkok",13.832597,100.620898,2019.0,5.0,6.0,454.0,unknown,0,https://www.ddproperty.com/en/property/r087-091-ขายด่วน-บ้านเดี่ยว-แต่งครบ-หรูหรา-พร้อมอยู่-บ้านกลางเมืองคลาสเซ่-เอกมัย-รามอินทรา-baan-klang-muang-classe-ekkamai-ramintra-for-sale-9206883,34900000.0,76872.24669603525,7.0
8898029,,Thalang,"บางเทา Layan, Choeng Thale, Thalang, Phuket",8.101133,98.324993,2012.0,3.0,2.0,390.0,Fully Furnished,0,https://www.ddproperty.com/en/property/3-bedroom-house-for-sale-at-blue-canyon-golf-and-country-club-home-2-u149134-for-sale-8898029,30000000.0,76923.07692307692,14.0
10030472,,Prawet,"Phatthanakan-Onnut Road (New Cut), Prawet, Prawet, Bangkok",13.708832,100.66824,2021.0,3.0,3.0,240.0,Fully Furnished,0,https://www.ddproperty.com/en/property/3-bedroom-house-for-sale-at-setthasiri-pattanakarn-u634030-for-sale-10030472,18500000.0,77083.33333333333,5.0
8882604,,Phra Khanong,"Soi Sukhumvit 101, Sukhumvit Road, Bang Chak, Phra Khanong, Bangkok",13.692077152115914,100.62269500000002,2020.0,4.0,4.0,465.0,Unfurnished,0,https://www.ddproperty.com/en/property/r1896-ขาย-ให้เช่า-the-gentry-sukhumvit-101-manhattan-elitte-ไม่มีเฟอร์นิเจอร์-for-sale-8882604,35900000.0,77204.30107526881,6.0
9123192,,Phra Khanong,"Soi Sukhumvit 101, Sukhumvit Road, Bang Chak, Phra Khanong, Bangkok",13.692077152115914,100.62269500000002,2020.0,4.0,4.0,465.0,Unfurnished,0,https://www.ddproperty.com/en/property/4-bedrooms-house-for-sale-at-sukhumvit-101-for-sale-9123192,35900000.0,77204.30107526881,6.0
9674509,,Suan Luang,"Pattanakarn Road, Suan Luang, Suan Luang, Bangkok",13.72945590775848,100.62227109469325,2023.0,4.0,5.0,440.0,unknown,0,https://www.ddproperty.com/en/property/crp-d4-hh-640049-hot-promotion-and-limited-time-the-gentry-pattanakarn-best-location-housing-project-come-with-qualities-living-are-in-limited-promotion-for-sale-9674509,34000000.0,77272.72727272728,3.0
9792065,,Suan Luang,"Pattanakarn Road, Suan Luang, Suan Luang, Bangkok",13.72945590775848,100.62227109469325,2023.0,4.0,5.0,440.0,unknown,0,https://www.ddproperty.com/en/property/crp-d4-hh-640127-hot-promotion-and-limited-time-the-gentry-pattanakarn-best-location-housing-project-come-with-qualities-living-are-in-limited-promotion-for-sale-9792065,34000000.0,77272.72727272728,3.0
9803069,,Khan Na Yao,"Ramintra Road, Khan Na Yao, Khan Na Yao, Bangkok",13.813243,100.692297,2016.0,3.0,4.0,336.0,Fully Furnished,0,https://www.ddproperty.com/en/property/ขายด่วน-บ้านเดี่ยว-ติดถนนรามอินทรา-105-ราคาถูกมาก-ราคาต่อรองได้อีก-da-0119-for-sale-9803069,26000000.0,77380.95238095238,10.0
8684874,,Thalang,"Thepkasattri Road, Mai Khao, Thalang, Phuket",8.136234,98.337696,2020.0,2.0,2.0,155.0,Unfurnished,0,https://www.ddproperty.com/en/property/2-bedroom-villa-for-sale-at-utopia-maikhao-u73696-for-sale-8684874,12000000.0,77419.35483870968,6.0
8682199,,Thalang,"Thepkasattri Road, Mai Khao, Thalang, Phuket",8.136234,98.337696,2020.0,2.0,2.0,155.0,Unfurnished,0,https://www.ddproperty.com/en/property/2-bedroom-villa-for-sale-at-utopia-maikhao-u589468-for-sale-8682199,12000000.0,77419.35483870968,6.0
8896928,,Thalang,"Thepkasattri Road, Mai Khao, Thalang, Phuket",8.136234,98.337696,2020.0,2.0,2.0,155.0,Unfurnished,0,https://www.ddproperty.com/en/property/2-bedroom-villa-for-sale-at-utopia-maikhao-u589466-for-sale-8896928,12000000.0,77419.35483870968,6.0
8692938,,Thalang,"Thepkasattri Road, Mai Khao, Thalang, Phuket",8.136234,98.337696,2020.0,2.0,2.0,155.0,Unfurnished,0,https://www.ddproperty.com/en/property/2-bedroom-villa-for-sale-at-utopia-maikhao-u73697-for-sale-8692938,12000000.0,77419.35483870968,6.0
8684643,,Thalang,"Thepkasattri Road, Mai Khao, Thalang, Phuket",8.136234,98.337696,2020.0,2.0,2.0,155.0,Unfurnished,0,https://www.ddproperty.com/en/property/2-bedroom-villa-for-sale-at-utopia-maikhao-u73698-for-sale-8684643,12000000.0,77419.35483870968,6.0
8696873,,Thalang,"Thepkasattri Road, Mai Khao, Thalang, Phuket",8.136234,98.337696,2020.0,2.0,2.0,155.0,Unfurnished,0,https://www.ddproperty.com/en/property/2-bedroom-villa-for-sale-at-utopia-maikhao-u73695-for-sale-8696873,12000000.0,77419.35483870968,6.0
8697308,,Thalang,"Thepkasattri Road, Mai Khao, Thalang, Phuket",8.136234,98.337696,2020.0,2.0,2.0,155.0,Unfurnished,0,https://www.ddproperty.com/en/property/2-bedroom-villa-for-sale-at-utopia-maikhao-u73685-for-sale-8697308,12000000.0,77419.35483870968,6.0
8925844,,Thalang,"Thepkasattri Road, Mai Khao, Thalang, Phuket",8.136234,98.337696,2020.0,2.0,2.0,155.0,Unfurnished,0,https://www.ddproperty.com/en/property/2-bedroom-villa-for-sale-at-utopia-maikhao-u589464-for-sale-8925844,12000000.0,77419.35483870968,6.0
8602024,,Thalang,"Thepkasattri Road, Mai Khao, Thalang, Phuket",8.136234,98.337696,2020.0,2.0,2.0,155.0,Unfurnished,0,https://www.ddproperty.com/en/property/2-bedroom-villa-for-sale-at-utopia-maikhao-u73678-for-sale-8602024,12000000.0,77419.35483870968,6.0
8237814,,Thalang,"Thepkasattri Road, Mai Khao, Thalang, Phuket",8.136234,98.337696,2020.0,2.0,2.0,155.0,Unfurnished,0,https://www.ddproperty.com/en/property/2-bedroom-villa-for-sale-at-utopia-maikhao-u73693-for-sale-8237814,12000000.0,77419.35483870968,6.0
8900663,,Thalang,"Thepkasattri Road, Mai Khao, Thalang, Phuket",8.136234,98.337696,2020.0,2.0,2.0,155.0,Unfurnished,0,https://www.ddproperty.com/en/property/2-bedroom-villa-for-sale-at-utopia-maikhao-u73684-for-sale-8900663,12000000.0,77419.35483870968,6.0
8811248,,Thalang,"125 Si Soonthon Road, Choeng Thale, Thalang, Phuket",7.974426859181857,98.28282249719392,2002.0,4.0,4.0,799.9999999999999,Fully Furnished,0,https://www.ddproperty.com/en/property/902444t-sale-pool-villa-4-bedrooms-ayara-surin-for-sale-8811248,62000000.0,77500.00000000001,24.0
9982592,,Chom Thong,"Kanlapaphruek Road, Bangkhuntien, Chom Thong, Bangkok",13.707839177698547,100.45557757308396,2020.0,5.0,4.0,161.0,unknown,0,https://www.ddproperty.com/en/property/ขาย-บ้านแฝด-โกลเด้น-นีโอ-สาทร-161-ตรม-44-ตร-วา-สภาพดีมาก-for-sale-9982592,12500000.0,77639.75155279503,6.0
9807910,,Chom Thong,"Kanlapaphruek Road, Bangkhuntien, Chom Thong, Bangkok",13.707839177698547,100.45557757308396,2020.0,5.0,4.0,161.0,Partially Furnished,0,https://www.ddproperty.com/en/property/for-sale-golden-neo-sathorn-british-design-5-bedroom-near-bts-wutthakat-for-sale-9807910,12500000.0,77639.75155279503,6.0
8037759,,Muang Nonthaburi,"690 Rattanathibet Road, Bang Kra So, Muang Nonthaburi, Nonthaburi",13.869339196359936,100.4888495758901,2010.0,5.0,5.0,360.0,Partially Furnished,0,https://www.ddproperty.com/en/property/house-for-sale-166-sq-wa-the-city-rattanathibet-khaerai-the-city-rattanathibet-khaerai-5-bedrooms-5-bathrooms-1-maid-s-room-fully-furnished-for-sale-8037759,28000000.0,77777.77777777778,16.0
9146210,,Bang Bon,"Kanchanaphisek Road, Bang Bon, Bang Bon, Bangkok",13.645613418756904,100.40815606994056,2020.0,5.0,5.0,250.0,unknown,0,https://www.ddproperty.com/en/property/ขายบ้านเดี่ยว-be-motto-กาญจนาภิเษก-bdd-for-sale-9146210,19500000.0,78000.0,6.0
8112204,,Prawet,"Phatthanakan-Onnut Road (New Cut), Prawet, Prawet, Bangkok",13.708832,100.66824,2021.0,3.0,3.0,250.0,Fully Furnished,0,https://www.ddproperty.com/en/property/ขายบ้านเดี่ยว-เศรษฐสิริ-พัฒนาการ-อ่อนนุช-เนื้อที่-88-ตร-ว-แต่งครบ-พร้อมเข้าอยู่-for-sale-8112204,19500000.0,78000.0,5.0
9315293,,Suan Luang,"Phatthanakan Road, Suan Luang, Suan Luang, Bangkok",13.737933247973007,100.65514297668642,2019.0,4.0,6.0,536.0,unknown,0,https://www.ddproperty.com/en/property/sale-3-storey-luxury-house-with-private-pool-and-elevator-near-by-motorway-and-pattanakarn-53-for-sale-9315293,42000000.0,78358.20895522388,7.0
9509660,,Thalang,"171/7 Cape Yamu, Pa Khlok, Thalang, Phuket",7.991829,98.414609,2012.0,3.0,3.0,268.0,Fully Furnished,0,https://www.ddproperty.com/en/property/3-bedroom-house-for-sale-at-baan-yamu-residences-u666982-for-sale-9509660,21000000.0,78358.20895522388,14.0
10035673,,Prawet,"New Pattanakarn Road, Prawet, Prawet, Bangkok",13.710845,100.669081,2018.0,3.0,6.0,255.0,Fully Furnished,0,https://www.ddproperty.com/en/property/house-for-sale-burasiri-pattanakarn-for-sale-10035673,20000000.0,78431.37254901961,8.0
9928024,,Phra Khanong,"Soi Sukhumvit 101, Sukhumvit Road, Bang Chak, Phra Khanong, Bangkok",13.692077152115914,100.62269500000002,2020.0,4.0,4.0,465.0,unknown,0,https://www.ddproperty.com/en/property/modern-4-br-house-at-the-gentry-sukhumvit-near-bts-punnawithi-id-677948-for-sale-9928024,36500000.0,78494.62365591398,6.0
8906410,,Phra Khanong,"Soi Sukhumvit 101, Sukhumvit Road, Bang Chak, Phra Khanong, Bangkok",13.692077152115914,100.62269500000002,2020.0,4.0,4.0,465.0,unknown,0,https://www.ddproperty.com/en/property/the-gentry-sukhumvit-for-sale-8906410,36500000.0,78494.62365591398,6.0
9229332,,Phra Khanong,"Soi Sukhumvit 101, Sukhumvit Road, Bang Chak, Phra Khanong, Bangkok",13.692077152115914,100.62269500000002,2020.0,4.0,4.0,465.0,unknown,0,https://www.ddproperty.com/en/property/bh-01142-ขาย-ให้เช่า-บ้านเดี่ยว-เดอะ-เจนทริ-สุขุมวิท-101-the-gentry-sukhumvit-101-ซอยสุขุมวิท-101-ใกล้btsปุณณวิถี-ใกล้-โรงเรียน-anglo-singapore-เซนต์-โรงเรียนนานาชาติ-andrews-for-sale-9229332,36500000.0,78494.62365591398,6.0
9893481,,Phra Khanong,"Soi Sukhumvit 101, Sukhumvit Road, Bang Chak, Phra Khanong, Bangkok",13.692077152115914,100.62269500000002,2020.0,4.0,4.0,465.0,unknown,0,https://www.ddproperty.com/en/property/บ้าน-the-gentry-sukhumvit-4-นอน-ทันสมัย-ใกล้-bts-ปุณณวิถี-id-580172-for-sale-9893481,36500000.0,78494.62365591398,6.0
7557827,,Muang Samut Sakhon,"Rama 2 Road, Bang Nam Chut, Muang Samut Sakhon, Samut Sakhon",13.598819,100.367149,2018.0,5.0,5.0,700.0,Fully Furnished,0,https://www.ddproperty.com/en/property/เดอะแกรนด์-พระราม-2-the-grand-rama-2-351-ตร-ว-เกาะส่วนตัว-ต่อเติมเพิ่มเติม-for-sale-7557827,55000000.0,78571.42857142857,8.0
9712915,,Prawet,"On Nut Road, Prawet, Prawet, Bangkok",13.706772866129118,100.67429491799172,2019.0,5.0,6.0,375.0,unknown,0,https://www.ddproperty.com/en/property/ขายบ้านตัวอย่าง-the-city-พัฒนาการ-ราคา-29-5-ล้านบาท-listing-no-yt01-680-for-sale-9712915,29500000.0,78666.66666666667,7.0
8741251,,Bang Plee,"68 Bangna-Trad Road, Bang Kaeo, Bang Plee, Samut Prakan",13.642063,100.666464,2018.0,4.0,5.0,222.00000000000003,unknown,0,https://www.ddproperty.com/en/property/for-sale-mantana-bangna-km-7-listing-no-yt01-815-for-sale-8741251,17500000.0,78828.82882882882,8.0
9807945,,Suan Luang,"Pattanakarn Road, Suan Luang, Suan Luang, Bangkok",13.72945590775848,100.62227109469325,2023.0,4.0,5.0,440.0,unknown,0,https://www.ddproperty.com/en/property/crp-d4-hh-640134-hot-promotion-and-limited-time-the-gentry-pattanakarn-best-location-housing-project-come-with-qualities-living-are-in-limited-promotion-for-sale-9807945,34800000.0,79090.90909090909,3.0
10032017,,Bang Lamung,"19 หาดจอมเทียน, Nong Pru, Bang Lamung, Chon Buri",12.8802412,100.8826325,1988.0,2.0,2.0,125.0,unknown,0,https://www.ddproperty.com/en/property/2-bedroom-house-for-sale-at-jomtien-condotel-and-village-u1060222-for-sale-10032017,9900000.0,79200.0,38.0
9542323,,Lat Phrao,"Sukhonthasawat Road, Lat Phrao, Lat Phrao, Bangkok",13.832597,100.620898,2019.0,5.0,6.0,454.0,unknown,0,https://www.ddproperty.com/en/property/6409-279-house-for-sale-ekamai-ramintra-nawamin-city-avenue-baan-kl-for-sale-9542323,36000000.0,79295.15418502202,7.0
10025668,,Khan Na Yao,"Soi Ram Inthra 64, Ram Inthra Road, Khan Na Yao, Khan Na Yao, Bangkok",13.818424922358206,100.67964848633932,2018.0,4.0,4.0,334.0,Fully Furnished,0,https://www.ddproperty.com/en/property/for-sale-siamese-kin-the-ultimate-scg-innovative-house-a-luxurious-big-house-100-square-wa-good-location-close-to-bts-and-expressway-decorated-5-million-for-sale-10025668,26500000.0,79341.31736526947,8.0
9803332,,Suan Luang,"Pattanakarn Road, Suan Luang, Suan Luang, Bangkok",13.72945590775848,100.62227109469325,2023.0,4.0,5.0,440.0,unknown,0,https://www.ddproperty.com/en/property/crp-d4-hh-640131-hot-promotion-and-limited-time-the-gentry-pattanakarn-best-location-housing-project-come-with-qualities-living-are-in-limited-promotion-for-sale-9803332,34990000.0,79522.72727272728,3.0
9792080,,Suan Luang,"Pattanakarn Road, Suan Luang, Suan Luang, Bangkok",13.72945590775848,100.62227109469325,2023.0,4.0,5.0,440.0,unknown,0,https://www.ddproperty.com/en/property/crp-d4-hh-640128-hot-promotion-and-limited-time-the-gentry-pattanakarn-best-location-housing-project-come-with-qualities-living-are-in-limited-promotion-for-sale-9792080,35000000.0,79545.45454545454,3.0
9819865,,Suan Luang,"Pattanakarn Road, Suan Luang, Suan Luang, Bangkok",13.72945590775848,100.62227109469325,2023.0,4.0,5.0,440.0,unknown,0,https://www.ddproperty.com/en/property/crp-d4-hh-650003-hot-promotion-and-limited-time-the-gentry-pattanakarn-best-location-housing-project-come-with-qualities-living-are-in-limited-promotion-for-sale-9819865,35000000.0,79545.45454545454,3.0
9819771,,Phra Khanong,"Soi Sukhumvit 101, Sukhumvit Road, Bang Chak, Phra Khanong, Bangkok",13.692077152115914,100.62269500000002,2020.0,4.0,5.0,440.0,unknown,0,https://www.ddproperty.com/en/property/crp-d4-hh-650001-hot-promotion-and-limited-time-the-gentry-sukhumvit-best-location-housing-project-come-with-qualities-living-are-in-limited-promotion-for-sale-9819771,35000000.0,79545.45454545454,6.0
10019367,,Prawet,"On Nut Road, Prawet, Prawet, Bangkok",13.706772866129118,100.67429491799172,2019.0,4.0,4.0,225.0,Fully Furnished,0,https://www.ddproperty.com/en/property/detached-house-the-city-pattanakran-บ้านเดี่ยว-เดอะ-ซิตี้-พัฒนาการ-gh-81co-for-sale-10019367,17900000.0,79555.55555555556,7.0
9943931,,Prawet,"New Pattanakarn Road, Prawet, Prawet, Bangkok",13.710845,100.669081,2018.0,3.0,6.0,250.0,Fully Furnished,0,https://www.ddproperty.com/en/property/k-4696-ขายด่วน-บุราสิริ-พัฒนาการ-บ้านสวย-เฟอร์นิเจอร์และเครื่องใช้ไฟฟ้าครบ-พร้อมอยู่-for-sale-9943931,19900000.0,79600.0,8.0
10024915,,Prawet,"New Pattanakarn Road, Prawet, Prawet, Bangkok",13.710845,100.669081,2018.0,3.0,6.0,250.0,unknown,0,https://www.ddproperty.com/en/property/ae65068-house-for-sale-burasiri-phatthanakan-72-sqw-with-1-small-house-fully-furnished-for-sale-10024915,19900000.0,79600.0,8.0
8942374,,Thalang,"171/7 Cape Yamu, Pa Khlok, Thalang, Phuket",7.991829,98.414609,2012.0,3.0,2.0,226.0,Fully Furnished,0,https://www.ddproperty.com/en/property/3-bedroom-villa-for-sale-at-baan-yamu-residences-u884668-for-sale-8942374,18000000.0,79646.01769911505,14.0
10064696,,Prawet,"New Pattanakarn Road, Prawet, Prawet, Bangkok",13.710845,100.669081,2018.0,4.0,5.0,299.0,Partially Furnished,0,https://www.ddproperty.com/en/property/for-sale-burasiri-pattanakarn-village-108-4-sq-wa-299-sq-m-good-condition-with-luxury-design-built-in-located-in-pattanakarn-onnut-road-for-sale-10064696,23900000.0,79933.11036789298,8.0
9869865,,Prawet,"New Pattanakarn Road, Prawet, Prawet, Bangkok",13.710845,100.669081,2018.0,4.0,5.0,299.0,Partially Furnished,0,https://www.ddproperty.com/en/property/for-sale-new-single-house-in-burasiri-pattanakarn-last-unit-sale-beautiful-land-for-sale-9869865,23900000.0,79933.11036789298,8.0
8734229,,Prawet,"New Pattanakarn Road, Prawet, Prawet, Bangkok",13.710845,100.669081,2018.0,4.0,5.0,299.0,Partially Furnished,0,https://www.ddproperty.com/en/property/kie-322-ด่วน-บ้านบุราสิริ-พัฒนาการ-for-sale-8734229,23900000.0,79933.11036789298,8.0
9397270,,Pak Kret,"22 Rachapruk Road, Om Kret, Pak Kret, Nonthaburi",13.906209,100.45014,2012.0,5.0,6.0,2000.0,unknown,0,https://www.ddproperty.com/en/property/selling-prukpirom-regent-sukhumvit-160-000-000-baht-listing-no-yt01-896-for-sale-9397270,160000000.0,80000.0,14.0
9975431,,Thalang,"116/13 Laguna, Choeng Thale, Thalang, Phuket",8.020299,98.30029,2012.0,4.0,4.0,500.0,Fully Furnished,0,https://www.ddproperty.com/en/property/private-pool-villa-for-sale-in-laguna-popular-complex-bangtao-beach-phuket-for-sale-9975431,40000000.0,80000.0,14.0
8475666,,Bang Khen,"Motorway 9 Frontage Road, Tha Rang, Bang Khen, Bangkok",13.866507,100.677246,2022.0,4.0,4.0,200.0,Fully Furnished,0,https://www.ddproperty.com/en/property/t-ขาย-บ้านหรู-แกรนดิโอ-นวมินทร์-มีบ่อปลาน้ำตกสวนสวย-อากาศดี-thipp2-for-sale-8475666,16000000.0,80000.0,4.0
9656795,,Don Mueang,"Vibhavadi-Rangsit Road, Si Khan, Don Mueang, Bangkok",13.891255437927244,100.58598105823032,2015.0,4.0,4.0,150.0,unknown,0,https://www.ddproperty.com/en/property/ขาย-ทาวน์โฮม-ใกล้-รถไฟฟ้าสายสีแดงเข้ม-สถานีหลักสี่-ชวนชื่น-โมดัส-วิภาวดี-150-ตรม-49-ตร-วา-ติดถนนวิภาวดี-for-sale-9656795,12000000.0,80000.0,11.0
10043216,,Phra Khanong,"Soi Sukhumvit 101, Sukhumvit Road, Bang Chak, Phra Khanong, Bangkok",13.692077152115914,100.62269500000002,2020.0,4.0,4.0,448.0,Unfurnished,0,https://www.ddproperty.com/en/property/r2741-for-sell-the-gentry-sukhumvit-101-for-sale-10043216,35900000.0,80133.92857142857,6.0
8296682,,Bang Khen,"Sukhaphiban 5 Road, Tha Rang, Bang Khen, Bangkok",13.875522592236196,100.65151012683518,2018.0,4.0,4.0,186.0,unknown,0,https://www.ddproperty.com/en/property/ถูกที่สุด-ขายบ้านหลังมุม-เศรษฐสิริ-พหล-วัชรพล-เนื้อที่-67-ตารางวา-พร้อมเรื่อนรับรอง-รหัสss0297-for-sale-8296682,14950000.0,80376.3440860215,8.0
8539929,,Bang Plee,"68 Bangna-Trad Road, Bang Kaeo, Bang Plee, Samut Prakan",13.642063,100.666464,2018.0,4.0,5.0,286.0,unknown,0,https://www.ddproperty.com/en/property/ขาย-มัณฑนา-1-บางนา-กม-7-บ้านใหม่-ไม่เคยเข้าอยู่-ที่ดินเยอะ-listing-no-yt01-713-for-sale-8539929,23000000.0,80419.58041958042,8.0
8689794,,Phra Khanong,"Sukhumvit 101 Road, Bang Chak, Phra Khanong, Bangkok",13.691705,100.624756,2020.0,5.0,7.0,574.0,Partially Furnished,0,https://www.ddproperty.com/en/property/5-bedroom-house-for-sale-at-iden-sukhumvit-101-u649588-for-sale-8689794,46170000.0,80435.54006968641,6.0
10016789,,Prawet,"New Pattanakarn Road, Prawet, Prawet, Bangkok",13.710845,100.669081,2018.0,4.0,4.0,257.0,unknown,0,https://www.ddproperty.com/en/property/pbs345-house-for-sale-burasiri-pattanakarn-for-sale-10016789,20700000.0,80544.74708171206,8.0
10054649,,Prawet,"New Pattanakarn Road, Prawet, Prawet, Bangkok",13.710845,100.669081,2018.0,4.0,4.0,257.0,unknown,0,https://www.ddproperty.com/en/property/pbs345-house-for-sale-burasiri-pattanakarn-for-sale-10054649,20700000.0,80544.74708171206,8.0
9522153,,Prawet,"New Pattanakarn Road, Prawet, Prawet, Bangkok",13.710845,100.669081,2018.0,4.0,4.0,257.0,unknown,0,https://www.ddproperty.com/en/property/bs345-ขาย-บุราสิริ-พัฒนาการ-บ้านเดี่ยวสไตล์รีสอร์ท-ร่มรื่น-ไม่เคยเข้าอยู่-แปลงหัวมุม-พื้นที่สวนหน้าบ้านจัดแต่งสวยงาม-บรรยากาศร่มรื่น-ใกล้-clubhouse-for-sale-9522153,20700000.0,80544.74708171206,8.0
10030261,,Wang Thonglang,"Pradit Manutham Road, Khlong Chaokhun Sing, Wang Thonglang, Bangkok",13.792825,100.613132,2016.0,4.0,5.0,446.00000000000006,Partially Furnished,0,https://www.ddproperty.com/en/property/4-bedroom-villa-for-sale-at-the-honor-u264019-for-sale-10030261,36000000.0,80717.48878923766,10.0
9824066,,Pak Kret,"Chaiyapruek Road, Khlong Phra Udom, Pak Kret, Nonthaburi",13.926237755982218,100.46455480807208,2010.0,3.0,3.0,128.8,Partially Furnished,0,https://www.ddproperty.com/en/property/for-sale-single-house-laddarom-chaiyapruek-chaengwattana-for-sale-9824066,10400000.0,80745.34161490682,16.0
10063761,,Prawet,"New Pattanakarn Road, Prawet, Prawet, Bangkok",13.710845,100.669081,2018.0,3.0,7.0,260.0,Fully Furnished,0,https://www.ddproperty.com/en/property/house-for-sale-burasiri-phatthanakan-new-pattanakarn-road-for-sale-10063761,21000000.0,80769.23076923077,8.0
9255394,,Bang Plee,"Soi Kanchanaphisek 39, Kanchanaphisek Road, Rachathewa, Bang Plee, Samut Prakan",13.683994606075249,100.71235504662708,2020.0,4.0,4.0,221.0,Unfurnished,0,https://www.ddproperty.com/en/property/k-4381-ขายด่วน-บุราสิริ-วงแหวน-อ่อนนุช-บ้านสวย-airport-link-สถานีลาดกระบัง-for-sale-9255394,17900000.0,80995.47511312217,6.0
7613841,,Bang Rak,"Silom, Silom, Bang Rak, Bangkok",13.727075,100.53459,2014.0,4.0,4.0,799.9999999999999,Fully Furnished,0,https://www.ddproperty.com/en/property/contemporary-designed-villa-with-a-stunning-panoramic-sea-view-husm25043-for-sale-7613841,65000000.0,81250.00000000001,12.0
9958708,,Watthana,"Sukhumvit Road, Phra Kanong Nua, Watthana, Bangkok",13.722188201456154,100.5881315499664,2011.0,4.0,5.0,675.0,Fully Furnished,0,https://www.ddproperty.com/en/property/luxury-4-storey-house-for-sale-soi-sukhumvit-65-fully-furnished-with-elevator-and-swimming-pool-for-sale-9958708,55000000.0,81481.48148148147,15.0
9975909,,Bang Kapi,"Krungthep Kreetha Road, Hua Mak, Bang Kapi, Bangkok",13.744209164720049,100.67220223333982,2020.0,5.0,7.0,441.0,Unfurnished,0,https://www.ddproperty.com/en/property/10844-บ้านเดี่ยว-แกรนด์-บางกอก-บูเลอวาร์ด-พระราม-9-ศรีนครินทร์-หลังแรกหน้าโครงการพร้อมสระว่ายน้ำ-for-sale-9975909,36000000.0,81632.6530612245,6.0
9985491,,Prawet,"New Pattanakarn Road, Prawet, Prawet, Bangkok",13.710845,100.669081,2018.0,4.0,4.0,257.0,Unfurnished,0,https://www.ddproperty.com/en/property/k-4737-ขายด่วน-บุราสิริ-พัฒนาการ-บ้านสวย-พื้นที่ใช้สอยเยอะ-for-sale-9985491,21000000.0,81712.06225680934,8.0
9998213,,Phra Khanong,"Soi Sukhumvit 101, Sukhumvit Road, Bang Chak, Phra Khanong, Bangkok",13.692077152115914,100.62269500000002,2020.0,4.0,4.0,465.0,Fully Furnished,0,https://www.ddproperty.com/en/property/contemporary-4-br-house-at-the-gentry-sukhumvit-near-bts-punnawithi-id-702866-for-sale-9998213,38000000.0,81720.43010752689,6.0
9893610,,Phra Khanong,"Soi Sukhumvit 101, Sukhumvit Road, Bang Chak, Phra Khanong, Bangkok",13.692077152115914,100.62269500000002,2020.0,4.0,4.0,465.0,unknown,0,https://www.ddproperty.com/en/property/บ้าน-the-gentry-sukhumvit-4-นอน-ทันสมัย-ใกล้-bts-ปุณณวิถี-id-588137-for-sale-9893610,38000000.0,81720.43010752689,6.0
9801099,,Bang Kapi,"Krungthep Kreetha Road, Hua Mak, Bang Kapi, Bangkok",13.756156328373264,100.66896931065986,2015.0,5.0,4.0,318.0,Partially Furnished,0,https://www.ddproperty.com/en/property/บ้านสวยเศรษฐสิริ-กรุงเทพกรีฑา-for-sale-9801099,26000000.0,81761.00628930818,11.0
9794537,,Bang Kapi,"Krungthep Kreetha Road, Hua Mak, Bang Kapi, Bangkok",13.756156328373264,100.66896931065986,2015.0,5.0,4.0,318.0,Fully Furnished,0,https://www.ddproperty.com/en/property/ขายบ้านบ้านเดี่ยว-2ชั้น-เศรษฐสิริ-กรุงเทพกรีฑา-5-นอน-4-น้ำ-3-จอด-ขนาด-92-8-ตรว-พื้นที่ใช้สอย-318-ตรม-for-sale-9794537,26000000.0,81761.00628930818,11.0
8272246,,Wang Thonglang,"Pradit Manutham Road, Khlong Chaokhun Sing, Wang Thonglang, Bangkok",13.792825,100.613132,2016.0,4.0,5.0,446.00000000000006,Unfurnished,0,https://www.ddproperty.com/en/property/for-sale-house-the-honor-ekamai-ramindra-aol-f68-2009002691-for-sale-8272246,36500000.0,81838.56502242152,10.0
9871231,,Prawet,"New Pattanakarn Road, Prawet, Prawet, Bangkok",13.710845,100.669081,2018.0,5.0,6.0,399.0,Partially Furnished,0,https://www.ddproperty.com/en/property/บุราสิริ-พัฒนาการ-บ้านเดี่ยว-5-ห้องนอน-ทำเลดี-for-sale-9871231,32700000.0,81954.88721804511,8.0
9943006,,Prawet,"New Pattanakarn Road, Prawet, Prawet, Bangkok",13.710845,100.669081,2018.0,3.0,6.0,250.0,Fully Furnished,0,https://www.ddproperty.com/en/property/สวยมาก-บ้านเดี่ยว-บุราสิริ-พัฒนาการ-3-ห้องนอน-ขาย-burasiri-pattanakarn-house-3-bedrooms-for-sale-tp284-for-sale-9943006,20500000.0,82000.0,8.0
10069688,,Saphan Sung,"Krungthep Kreetha Road, Saphan Sung, Saphan Sung, Bangkok",13.743164,100.673497,2017.0,3.0,3.0,340.0,Fully Furnished,0,https://www.ddproperty.com/en/property/grand-bangkok-boulevard-rama-9-srinakarin-stunning-family-home-detached-residence-sale-for-sale-10069688,28000000.0,82352.94117647059,9.0
8745671,,Bang Plee,"68 Bangna-Trad Road, Bang Kaeo, Bang Plee, Samut Prakan",13.642063,100.666464,2018.0,4.0,4.0,236.0,Partially Furnished,0,https://www.ddproperty.com/en/property/sell-a-single-house-manthana-bangna-km-7-corner-plot-for-sale-8745671,19500000.0,82627.1186440678,8.0
9773071,,Muang Phuket,"Thai Highway-4030 Road, Rawai, Muang Phuket, Phuket",7.769664,98.308717,2021.0,3.0,3.0,165.0,Fully Furnished,0,https://www.ddproperty.com/en/property/new-villa-for-sale-in-rawai-hhkt28226-for-sale-9773071,13650000.0,82727.27272727272,5.0
9980738,,Bang Kapi,"Krungthep Kreetha Road, Hua Mak, Bang Kapi, Bangkok",13.756156328373264,100.66896931065986,2015.0,4.0,3.0,193.0,unknown,0,https://www.ddproperty.com/en/property/ขาย-บ้านเดี่ยว-เศรษฐสิริ-กรุงเทพกรีฑา-193-ตรม-81-ตร-วา-4-ห้องนอน-ตกแต่งสวยพร้อมอยู่-for-sale-9980738,16000000.0,82901.55440414508,11.0
7927745,,Wang Thonglang,"Pradit Manutham Road, Khlong Chaokhun Sing, Wang Thonglang, Bangkok",13.792825,100.613132,2016.0,4.0,5.0,446.00000000000006,unknown,0,https://www.ddproperty.com/en/property/sell-ขายบ้าน-4-ห้องนอน-the-honor-ekamai-ramindra-099-5919653-for-sale-7927745,37000000.0,82959.64125560537,10.0
7640529,,Wang Thonglang,"Pradit Manutham Road, Khlong Chaokhun Sing, Wang Thonglang, Bangkok",13.792825,100.613132,2016.0,4.0,5.0,446.00000000000006,Unfurnished,0,https://www.ddproperty.com/en/property/brand-new-luxury-4-bedrooms-house-in-compound-for-sale-hbkk27095-for-sale-7640529,37000000.0,82959.64125560537,10.0
8277150,,Suan Luang,"Phatthanakan Road, Suan Luang, Suan Luang, Bangkok",13.737933247973007,100.65514297668642,2019.0,4.0,4.0,536.0,Fully Furnished,0,https://www.ddproperty.com/en/property/4-bedroom-villa-for-sale-at-the-urban-reserve-u291781-for-sale-8277150,44500000.0,83022.3880597015,7.0
9635404,,Bang Khen,"Soi Ram Inthra 23, Anusaowari, Bang Khen, Bangkok",13.867082,100.621047,2015.0,4.0,5.0,360.0,Fully Furnished,0,https://www.ddproperty.com/en/property/crp-s1-hh-640058-a-luxury-house-for-sell-life-bangkok-boulevard-ram-intra-4-1-beds-5-baths-92-5-sq-w-close-to-bts-pink-line-for-sale-9635404,29900000.0,83055.55555555556,11.0
8871778,,Bang Khen,"Soi Ram Inthra 23, Anusaowari, Bang Khen, Bangkok",13.867082,100.621047,2015.0,3.0,4.0,336.0,Fully Furnished,0,https://www.ddproperty.com/en/property/ma109-ขายบ้าน-life-bangkok-boulevard-ramintra-23-ไลฟ์-บางกอก-บูเลอวาร์ด-รามอินทรา-23-ขนาด-105-ตรว-3ห้องนอน-4ห้องน้ำ-เฟอร์ครบ-for-sale-8871778,28000000.0,83333.33333333333,11.0
8746737,,Muang Nonthaburi,"690 Rattanathibet Road, Bang Kra So, Muang Nonthaburi, Nonthaburi",13.869339196359936,100.4888495758901,2010.0,4.0,4.0,300.0,Partially Furnished,0,https://www.ddproperty.com/en/property/luxury-detached-house-for-sale-the-city-rattanathibet-khae-rai-behind-the-corner-near-mrt-purple-line-38-hh-64023-for-sale-8746737,25000000.0,83333.33333333333,16.0
9200339,,Bang Plee,"68 Bangna-Trad Road, Bang Kaeo, Bang Plee, Samut Prakan",13.642063,100.666464,2018.0,4.0,5.0,222.00000000000003,unknown,0,https://www.ddproperty.com/en/property/6408-058-house-for-sale-manthana-bangna-1-km-7-4-bedrooms-4-car-park-for-sale-9200339,18500000.0,83333.33333333333,8.0
8886648,,Taling Chan,"Phutthamonthon Sai 1 Road, Bang Ra Mat, Taling Chan, Bangkok",13.773455,100.426636,2021.0,4.0,5.0,432.0,Fully Furnished,0,https://www.ddproperty.com/en/property/sale-chewawan-pinklao-sathorn-modern-house-4-bedroom-for-sale-in-pinklao-bangkok-4-bedrooms-id-157150-h-141-432-sqm-for-sale-8886648,36000000.0,83333.33333333333,5.0
8540930,,Saphan Sung,"Soi Krungthep Kreetha 37, Si Nakharin-Rom Klao Road, Saphan Sung, Saphan Sung, Bangkok",13.751780104197046,100.68910600000004,2022.0,4.0,4.0,310.0,unknown,0,https://www.ddproperty.com/en/property/ขาย-บ้านเดี่ยว-3-ชั้น-เนอวานา-บียอนด์-พระราม-9-กรุงเทพกรีฑา-ขนาด-67-ตร-ว-สไตล์-natural-modern-ระดับ-hi-end-ติดถนนเฉลิมพระเกียรติ-ร-9-ติดทางด่วน-กรุงเทพ-ชลบุรี-สายใหม่-ใกล้-สุวรรณภูมิ-for-sale-8540930,25900000.0,83548.3870967742,4.0
9348449,,Muang Phuket,"22/1 Thepkrasatti, Ko Kaeo, Muang Phuket, Phuket",7.964698,98.385007,2012.0,4.0,3.0,287.0,Fully Furnished,0,https://www.ddproperty.com/en/property/4-bedroom-villa-for-sale-at-boat-lagoon-u1023908-for-sale-9348449,24000000.0,83623.69337979094,14.0
9988024,,Phra Khanong,"Soi Sukhumvit 101, Sukhumvit Road, Bang Chak, Phra Khanong, Bangkok",13.692077152115914,100.62269500000002,2020.0,4.0,4.0,448.0,Unfurnished,0,https://www.ddproperty.com/en/property/for-sale-the-gentry-sukhumvit-101-for-sale-9988024,37500000.0,83705.35714285714,6.0
8737338,,Prawet,"New Pattanakarn Road, Prawet, Prawet, Bangkok",13.710845,100.669081,2018.0,5.0,5.0,400.0,Unfurnished,0,https://www.ddproperty.com/en/property/ขายบ้านเดี่ยว-บุราสิริ-พัฒนาการ-แปลงมุม-ที่ดิน-104-ตรว-วิวสวน-for-sale-8737338,33500000.0,83750.0,8.0
9781063,,Phaya Thai,"Phahonyothin Road, Samsen Nai, Phaya Thai, Bangkok",13.786701038114296,100.55280823806427,2020.0,4.0,4.0,590.0,Fully Furnished,0,https://www.ddproperty.com/en/property/for-sell-price-49-600-000-artha-phahon-ari-4-bed-4-bath-3-5-story-590-sq-m-for-sale-9781063,49600000.0,84067.79661016949,6.0
9676149,,Suan Luang,"Pattanakarn Road, Suan Luang, Suan Luang, Bangkok",13.72945590775848,100.62227109469325,2023.0,4.0,5.0,440.0,unknown,0,https://www.ddproperty.com/en/property/crp-d4-hh-640053-hot-promotion-and-limited-time-the-gentry-pattanakarn-best-location-housing-project-come-with-qualities-living-are-in-limited-promotion-for-sale-9676149,37000000.0,84090.90909090909,3.0
8800562,,Bang Plee,"68 Bangna-Trad Road, Bang Kaeo, Bang Plee, Samut Prakan",13.642063,100.666464,2018.0,4.0,5.0,285.0,unknown,0,https://www.ddproperty.com/en/property/for-sale-rent-mantana-bangna-km7-beautifull-house-for-sale-8800562,24000000.0,84210.52631578948,8.0
10078229,,Bang Plee,"68 Bangna-Trad Road, Bang Kaeo, Bang Plee, Samut Prakan",13.642063,100.666464,2018.0,4.0,5.0,222.00000000000003,Fully Furnished,0,https://www.ddproperty.com/en/property/fully-furnished-mantana-1-bangna-km-7-mantana-bangna-km-7-for-sale-10078229,18700000.0,84234.23423423422,8.0
9163616,,Bang Plee,"68 Bangna-Trad Road, Bang Kaeo, Bang Plee, Samut Prakan",13.642063,100.666464,2018.0,4.0,5.0,222.00000000000003,unknown,0,https://www.ddproperty.com/en/property/มัณฑนา-บางนา-กม-7-for-sale-9163616,18700000.0,84234.23423423422,8.0
8326646,,Bang Plee,"68 Bangna-Trad Road, Bang Kaeo, Bang Plee, Samut Prakan",13.642063,100.666464,2018.0,4.0,4.0,236.0,Fully Furnished,0,https://www.ddproperty.com/en/property/single-house-mantana-km7-sps-gh544-for-sale-8326646,19900000.0,84322.03389830509,8.0
8938971,,Bang Lamung,"Sukhumvit Road, Poong, Bang Lamung, Chon Buri",12.936476877735188,100.9848973055098,2014.0,3.0,2.0,160.0,Fully Furnished,0,https://www.ddproperty.com/en/property/3-bedroom-villa-for-sale-at-the-vineyard-phase-3-u12775-for-sale-8938971,13500000.0,84375.0,12.0
8776658,,Bang Kho Laem,"สาทรใต้ สาทรใต้, Bang Klo, Bang Kho Laem, Bangkok",13.6918646,100.5132376,2012.0,4.0,6.0,770.0,unknown,0,https://www.ddproperty.com/en/property/sale-single-house-with-big-garden-6-parking-spots-in-sathorn-4-bedrooms-id-130313-h-031-770-sqm-for-sale-8776658,65000000.0,84415.58441558441,14.0
8748274,,Saphan Sung,"Kanchanaphisek Road, Saphan Sung, Saphan Sung, Bangkok",13.738084944461162,100.70370599738558,2014.0,4.0,4.0,200.0,unknown,0,https://www.ddproperty.com/en/property/ขายหมู่บ้าน-บางกอก-บูเลอวาร์ด-พระราม-9-แปลงริม-หน้าสวน-for-sale-8748274,16900000.0,84500.0,12.0
8886672,,Prawet,"49 Soi Srinakarin 49 Srinakarin Road, Nong Bon, Prawet, Bangkok",13.6969821,100.649383,2012.0,4.0,5.0,400.0,unknown,0,https://www.ddproperty.com/en/property/sale-the-palazzo-srinakarin-house-for-sale-luxury-housing-compound-in-bangkok-thailand-4-bedrooms-id-156792-h-109-400-sqm-for-sale-8886672,33900000.0,84750.0,14.0
10047066,,Bang Plee,"Soi Kanchanaphisek 39, Kanchanaphisek Road, Rachathewa, Bang Plee, Samut Prakan",13.683994606075249,100.71235504662708,2020.0,4.0,3.0,223.00000000000003,unknown,0,https://www.ddproperty.com/en/property/บุราสิริ-วงแหวน-อ่อนนุช-for-sale-10047066,18900000.0,84753.36322869954,6.0
10067961,,Bang Plee,"Soi Kanchanaphisek 39, Kanchanaphisek Road, Rachathewa, Bang Plee, Samut Prakan",13.683994606075249,100.71235504662708,2020.0,4.0,3.0,223.00000000000003,unknown,0,https://www.ddproperty.com/en/property/house-for-sale-rent-at-burasiri-wongwean-onnut-big-garden-big-parking-lot-corner-unit-6-parking-lisitng-no-yt01-978-for-sale-10067961,18900000.0,84753.36322869954,6.0
9410105,,Prawet,"Phatthanakan-Onnut Road (New Cut), Prawet, Prawet, Bangkok",13.708832,100.66824,2021.0,4.0,3.0,194.0,Unfurnished,0,https://www.ddproperty.com/en/property/k-4454-ขายด่วน-เศรษฐสิริ-พัฒนาการ-บ้านสวย-ทำเลศักยภาพถนนพัฒนาการตัดใหม่-for-sale-9410105,16500000.0,85051.54639175258,5.0
9950894,,Bang Plee,"68 Bangna-Trad Road, Bang Kaeo, Bang Plee, Samut Prakan",13.642063,100.666464,2018.0,4.0,5.0,222.00000000000003,unknown,0,https://www.ddproperty.com/en/property/bs397-บ้านเดี่ยวใกล้เมกะบางนา-มัณฑนา-1-บางนา-กม-7-พื้นที่-95-1-ตร-วา-พื้นที่ใช้สอย-222-ตร-ม-ไม่รวมห้องรองเท้าที่ต่อเติมเพิ่ม-for-sale-9950894,18900000.0,85135.13513513512,8.0
9892805,,Prawet,"New Pattanakarn Road, Prawet, Prawet, Bangkok",13.710845,100.669081,2018.0,5.0,5.0,399.0,unknown,0,https://www.ddproperty.com/en/property/ae65028-house-for-sale-burasiri-phatthanakan-area-101-4-sqw-5-beds-5ba-for-sale-9892805,34000000.0,85213.03258145363,8.0
8132612,,Prawet,"New Pattanakarn Road, Prawet, Prawet, Bangkok",13.710845,100.669081,2018.0,5.0,5.0,399.0,unknown,0,https://www.ddproperty.com/en/property/kie-070-บ้านใหม่-บุราสิริ-พัฒนาการ-for-sale-8132612,34000000.0,85213.03258145363,8.0
9994321,,Bang Plee,"Soi Kanchanaphisek 39, Kanchanaphisek Road, Rachathewa, Bang Plee, Samut Prakan",13.683994606075249,100.71235504662708,2020.0,4.0,4.0,221.0,Fully Furnished,0,https://www.ddproperty.com/en/property/ใกล้ทางด่วน-มอเตอร์เวย์-หมู่บ้านบุราสิริ-วงแหวน-อ่อนนุช-สภาพใหม่-for-sale-9994321,18900000.0,85520.36199095023,6.0
8886654,,Taling Chan,"Phutthamonthon Sai 1 Road, Bang Ra Mat, Taling Chan, Bangkok",13.773455,100.426636,2021.0,4.0,5.0,333.0,Fully Furnished,0,https://www.ddproperty.com/en/property/sale-chewawan-pinklao-sathorn-4-bedrooms-id-157129-h-140-333-sqm-for-sale-8886654,28500000.0,85585.58558558559,5.0
9123141,,Phra Khanong,"Soi Sukhumvit 101, Sukhumvit Road, Bang Chak, Phra Khanong, Bangkok",13.692077152115914,100.62269500000002,2020.0,4.0,4.0,465.0,Fully Furnished,0,https://www.ddproperty.com/en/property/4-bedroom-house-for-sale-at-sukhumvit101-for-sale-9123141,39900000.0,85806.45161290323,6.0
10031798,,Prawet,"New Pattanakarn Road, Prawet, Prawet, Bangkok",13.710845,100.669081,2018.0,3.0,6.0,250.0,Fully Furnished,0,https://www.ddproperty.com/en/property/3-bedroom-house-for-sale-at-burasiri-pattanakarn-u1058772-for-sale-10031798,21650000.0,86600.0,8.0
8776156,,Watthana,"Soi Pridi Banomyong 41, Sukhumvit 63 Road, Khlong Tan Nua, Watthana, Bangkok",13.73346,100.592022,2022.0,4.0,3.0,1056.0,unknown,0,https://www.ddproperty.com/en/property/sale-house-ekkamai-4-bedrooms-id-131070-h-032-1056-sqm-for-sale-8776156,91560000.0,86704.54545454546,4.0
8642872,,Thalang,"171/7 Cape Yamu, Pa Khlok, Thalang, Phuket",7.991829,98.414609,2012.0,4.0,4.0,1268.0,Fully Furnished,0,https://www.ddproperty.com/en/property/4-bedroom-villa-for-sale-at-baan-yamu-residences-u668460-for-sale-8642872,110000000.0,86750.78864353312,14.0
8278627,,Thalang,"171/7 Cape Yamu, Pa Khlok, Thalang, Phuket",7.991829,98.414609,2012.0,5.0,5.0,1268.0,Fully Furnished,0,https://www.ddproperty.com/en/property/5-bedroom-villa-for-sale-at-baan-yamu-residences-u59460-for-sale-8278627,110000000.0,86750.78864353312,14.0
9627950,,Watthana,"136 Soi Sukhumvit 23, Sukhumvit Road, Khlongtoei Nua, Watthana, Bangkok",13.73945,100.564353,2009.0,2.0,2.0,99.0,Fully Furnished,0,https://www.ddproperty.com/en/property/charming-2-br-house-at-wind-sukhumvit-23-near-bts-asoke-id-509247-for-sale-9627950,8600000.0,86868.68686868687,17.0
9506539,,Prawet,"New Pattanakarn Road, Prawet, Prawet, Bangkok",13.710845,100.669081,2018.0,4.0,5.0,299.0,Partially Furnished,0,https://www.ddproperty.com/en/property/k-4474-ขายด่วน-บุราสิริ-พัฒนาการ-บ้านสวย-ทำเลดี-เดินทางสะดวก-for-sale-9506539,26000000.0,86956.52173913043,8.0
9658659,,Prawet,"New Pattanakarn Road, Prawet, Prawet, Bangkok",13.710845,100.669081,2018.0,4.0,5.0,299.0,Fully Furnished,0,https://www.ddproperty.com/en/property/x18221064-ขาย-บ้านเดี่ยว-2-ชั้น-หมู่บ้าน-burasiri-pattanakarn-บุราสิริ-พัฒนาการ-4-นอน-5-น้ำ-เนื้อที่-93-ตรว-for-sale-9658659,26000000.0,86956.52173913043,8.0
9457343,,Prawet,"New Pattanakarn Road, Prawet, Prawet, Bangkok",13.710845,100.669081,2018.0,4.0,5.0,299.0,Fully Furnished,0,https://www.ddproperty.com/en/property/ขาย-เช่า-บ้านเดี่ยว-บุราสิริ-พัฒนาการ-ที่ดิน-93-70-ตรว-ตกแต่งสวยพร้อมเฟอร์นิเจอร์-for-sale-9457343,26000000.0,86956.52173913043,8.0
9460375,,Prawet,"New Pattanakarn Road, Prawet, Prawet, Bangkok",13.710845,100.669081,2018.0,4.0,5.0,299.0,Fully Furnished,0,https://www.ddproperty.com/en/property/for-sale-burasiri-pattanakarn-beautiful-house-fully-furnished-ready-to-move-for-sale-9460375,26000000.0,86956.52173913043,8.0
9600467,,Prawet,"New Pattanakarn Road, Prawet, Prawet, Bangkok",13.710845,100.669081,2018.0,4.0,5.0,299.0,Fully Furnished,0,https://www.ddproperty.com/en/property/r2407-ขายบ้าน-หมู่บ้านบุราสิริ-พัฒนาการ-รายละเอียด-4-ห้องนอน-5-ห้องน้ำ-1-ห้องนอนและห้องน้ำแม่บ้าน-for-sale-9600467,26000000.0,86956.52173913043,8.0
9499758,,Prawet,"New Pattanakarn Road, Prawet, Prawet, Bangkok",13.710845,100.669081,2018.0,4.0,5.0,299.0,Partially Furnished,0,https://www.ddproperty.com/en/property/r2340-ขายบ้าน-หมู่บ้านบุราสิริ-พัฒนาการ-for-sale-9499758,26000000.0,86956.52173913043,8.0
9499750,,Prawet,"New Pattanakarn Road, Prawet, Prawet, Bangkok",13.710845,100.669081,2018.0,4.0,5.0,299.0,Partially Furnished,0,https://www.ddproperty.com/en/property/r2340-ขายบ้าน-หมู่บ้านบุราสิริ-พัฒนาการ-for-sale-9499750,26000000.0,86956.52173913043,8.0
9553254,,Prawet,"New Pattanakarn Road, Prawet, Prawet, Bangkok",13.710845,100.669081,2018.0,4.0,5.0,299.0,unknown,0,https://www.ddproperty.com/en/property/r095-129-sh9000-ขายบ้านเดี่ยว-บุราสิริ-พัฒนาการ-burasiri-pattanakarn-แปลงสวย-ใกล้ส่วนกลาง-แต่งสวย-เฟอร์นิเจอร์ครบ-พร้อมอยู่-for-sale-9553254,26000000.0,86956.52173913043,8.0
9600462,,Prawet,"New Pattanakarn Road, Prawet, Prawet, Bangkok",13.710845,100.669081,2018.0,4.0,5.0,299.0,Fully Furnished,0,https://www.ddproperty.com/en/property/r2407-ขายบ้าน-หมู่บ้านบุราสิริ-พัฒนาการ-รายละเอียด-4-ห้องนอน-5-ห้องน้ำ-1-ห้องนอนและห้องน้ำแม่บ้าน-for-sale-9600462,26000000.0,86956.52173913043,8.0
7623098,,Khlong Toei,"4 Soi Sukhumvit 40, Phra Kanong, Khlong Toei, Bangkok",13.717235,100.581156,1998.0,3.0,3.0,304.0,Fully Furnished,0,https://www.ddproperty.com/en/property/3-bedroom-luxury-villa-for-sale-in-plai-laem-husm25740-for-sale-7623098,26500000.0,87171.05263157895,28.0
9737709,,Bang Plee,"68 Bangna-Trad Road, Bang Kaeo, Bang Plee, Samut Prakan",13.642063,100.666464,2018.0,4.0,6.0,286.0,unknown,0,https://www.ddproperty.com/en/property/for-sale-manthana-1-bangna-km-7-biggest-house-beautiful-house-corner-plot-near-the-club-for-sale-25-million-baht-listing-no-yt01-923-for-sale-9737709,25000000.0,87412.58741258741,8.0
10071163,,Bang Plee,"Soi Kanchanaphisek 39, Kanchanaphisek Road, Rachathewa, Bang Plee, Samut Prakan",13.683994606075249,100.71235504662708,2020.0,3.0,3.0,223.00000000000003,unknown,0,https://www.ddproperty.com/en/property/บ้านเดี่ยว-บุราสิริ-วงแหวน-อ่อนนุช-3-ห้องนอน-ขาย-burasiri-wongwaen-on-nut-house-3-bedrooms-for-sale-tp333-for-sale-10071163,19500000.0,87443.9461883408,6.0
10059840,,Bang Kapi,"Krungthep Kreetha Road, Hua Mak, Bang Kapi, Bangkok",13.744209164720049,100.67220223333982,2020.0,4.0,5.0,400.0,Fully Furnished,0,https://www.ddproperty.com/en/property/4-bedrooms-luxury-single-house-for-sale-grand-bangkok-boulevard-rama-9-on-krungthep-kreetha-rd-near-wellington-college-bangkok-for-sale-10059840,35000000.0,87500.0,6.0
10059714,,Bang Kapi,"Krungthep Kreetha Road, Hua Mak, Bang Kapi, Bangkok",13.744209164720049,100.67220223333982,2020.0,4.0,5.0,400.0,unknown,0,https://www.ddproperty.com/en/property/ให้แจ้งรหัส-xa65-877-บ้านคฤหาสน์หรู-หมู่บ้านแกรนด์บางกอก-บูเลวาร์ด-พระราม-9-แบบ-4-ห้องนอน-5-ห้องน้ำ-พท-ใช้สอย-400-ตร-ม-2-ชั้น-ขาย-35-000-000-บาท-หากไม่รับสาย-ให้แอดไลน์-0962215326-คุณ-ออน-for-sale-10059714,35000000.0,87500.0,6.0
10030027,,Saphan Sung,"Soi Krungthep Kreetha 37, Si Nakharin-Rom Klao Road, Saphan Sung, Saphan Sung, Bangkok",13.751780104197046,100.68910600000004,2022.0,3.0,3.0,240.0,Unfurnished,0,https://www.ddproperty.com/en/property/3-bedroom-house-for-sale-at-nirvana-beyond-rama-9-u160216-for-sale-10030027,21000000.0,87500.0,4.0
8513032,,Prawet,"New Pattanakarn Road, Prawet, Prawet, Bangkok",13.710845,100.669081,2018.0,5.0,5.0,400.0,unknown,0,https://www.ddproperty.com/en/property/burasiri-pattanakarn-house-forsall-5bed-5bath-400sqm-fully-furnished-for-sale-8513032,35000000.0,87500.0,8.0
9407322,,Prawet,"New Pattanakarn Road, Prawet, Prawet, Bangkok",13.710845,100.669081,2018.0,4.0,4.0,257.0,Unfurnished,0,https://www.ddproperty.com/en/property/k-4443-ขายด่วน-หมู่บ้าน-บุราสิริ-พัฒนาการ-บ้านสวย-บ้านใหม่ไม่เคยพักอาศัย-for-sale-9407322,22500000.0,87548.63813229572,8.0
9292644,,Prawet,"New Pattanakarn Road, Prawet, Prawet, Bangkok",13.710845,100.669081,2018.0,4.0,4.0,257.0,Partially Furnished,0,https://www.ddproperty.com/en/property/kie-415-บ้านเดี่ยวบุราสิริ-พัฒนาการ-บ้านใหม่ยังไม่เคยเข้าอยู่-for-sale-9292644,22500000.0,87548.63813229572,8.0
8682001,,Suan Luang,"Phatthanakan Road, Suan Luang, Suan Luang, Bangkok",13.737933247973007,100.65514297668642,2019.0,4.0,5.0,516.0,Fully Furnished,0,https://www.ddproperty.com/en/property/4-bedroom-villa-for-sale-at-the-urban-reserve-u292075-for-sale-8682001,45190000.0,87577.51937984496,7.0
9980602,,Pak Kret,"22 Rachapruk Road, Om Kret, Pak Kret, Nonthaburi",13.906209,100.45014,2012.0,5.0,6.0,485.0,unknown,0,https://www.ddproperty.com/en/property/ขาย-บ้านเดี่ยว-พฤกษ์ภิรมย์-ราชพฤกษ์-รัตนาธิเบศร์-485-ตรม-241-5-ตร-วา-5-ห้องนอน-ตกแต่งสวยหรู-for-sale-9980602,42500000.0,87628.86597938144,14.0
10064673,,Prawet,"New Pattanakarn Road, Prawet, Prawet, Bangkok",13.710845,100.669081,2018.0,4.0,4.0,257.0,Unfurnished,0,https://www.ddproperty.com/en/property/for-sale-burasiri-pattanakarn-village-82-4-sq-wa-257-sq-m-good-condition-with-luxury-design-located-in-pattanakarn-onnut-road-for-sale-10064673,22700000.0,88326.84824902724,8.0
8918228,,Phaya Thai,"Soi Inthamara 9, Samsen Nai, Phaya Thai, Bangkok",13.79086623909883,100.55389362683404,2015.0,3.0,6.0,300.0,Partially Furnished,0,https://www.ddproperty.com/en/property/sell-rent-a-detached-house-luxury-project-i-nine-phaholyothin-soi-inthamara-9-suthisan-winitchai-road-50-hh-64030-for-sale-8918228,26500000.0,88333.33333333333,11.0
9328709,,Bang Plee,"Lat Krabang Road, Rachathewa, Bang Plee, Samut Prakan",13.714717,100.7251718,2018.0,5.0,6.0,673.0,unknown,0,https://www.ddproperty.com/en/property/detached-house-perfect-place-sukhumvit77-หมู่บ้านเพอร์เฟคเพลส-สุขุมวิท77-sps-gh1288-for-sale-9328709,60000000.0,89153.04606240713,8.0
10064938,,Bang Plee,"Soi Kanchanaphisek 39, Kanchanaphisek Road, Rachathewa, Bang Plee, Samut Prakan",13.683994606075249,100.71235504662708,2020.0,3.0,3.0,223.00000000000003,Fully Furnished,0,https://www.ddproperty.com/en/property/single-house-for-sale-burasiri-wongwaen-on-nut-project-decorated-in-resort-style-luxurious-full-set-of-furniture-for-sale-10064938,19900000.0,89237.66816143497,6.0
9787448,,Bang Khen,"50 Ramintra Road, Tha Rang, Bang Khen, Bangkok",13.851845290282569,100.65612379738695,2017.0,4.0,5.0,336.0,unknown,0,https://www.ddproperty.com/en/property/for-sale-life-bangkok-boulevard-raminthra-trh-190-for-sale-9787448,30000000.0,89285.71428571429,9.0
8896978,,Bang Lamung,"Sukhumvit Road, Poong, Bang Lamung, Chon Buri",12.936476877735188,100.9848973055098,2014.0,3.0,3.0,330.0,Fully Furnished,0,https://www.ddproperty.com/en/property/3-bedroom-villa-for-sale-at-the-vineyard-phase-3-u12772-for-sale-8896978,29500000.0,89393.93939393939,12.0
9798246,,Prawet,"New Pattanakarn Road, Prawet, Prawet, Bangkok",13.710845,100.669081,2018.0,4.0,5.0,210.0,Fully Furnished,0,https://www.ddproperty.com/en/property/k-4608-ขายด่วน-บุราสิริ-พัฒนาการ-บ้านสวย-บิ๊วอินทั้งหลัง-มีสัญญาณกันขโมยให้เรียบร้อย-for-sale-9798246,18800000.0,89523.80952380953,8.0
9997060,,Prawet,"New Pattanakarn Road, Prawet, Prawet, Bangkok",13.710845,100.669081,2018.0,4.0,5.0,210.0,unknown,0,https://www.ddproperty.com/en/property/for-sale-burasiri-village-pattanakarn-89-3-sq-wa-good-condition-with-luxury-design-located-in-pattanakarn-onnut-road-for-sale-9997060,18800000.0,89523.80952380953,8.0
10045426,,Prawet,"New Pattanakarn Road, Prawet, Prawet, Bangkok",13.710845,100.669081,2018.0,4.0,5.0,210.0,Partially Furnished,0,https://www.ddproperty.com/en/property/kie-001-ราคาดีที่สุด-บ้านเดี่ยวบุราสิริ-พัฒนาการ-for-sale-10045426,18800000.0,89523.80952380953,8.0
10069457,,Prawet,"New Pattanakarn Road, Prawet, Prawet, Bangkok",13.710845,100.669081,2018.0,4.0,5.0,210.0,Partially Furnished,0,https://www.ddproperty.com/en/property/ugent-sale-4-bedroom-2-storey-detached-house-corner-unit-in-burasiri-pattanakarn-only-15-minutes-to-thonglor-ekkamai-10-minutes-to-seacon-srinakarin-paradaise-park-rama9-park-for-sale-10069457,18800000.0,89523.80952380953,8.0
9968932,,Prawet,"New Pattanakarn Road, Prawet, Prawet, Bangkok",13.710845,100.669081,2018.0,4.0,5.0,210.0,unknown,0,https://www.ddproperty.com/en/property/ขาย-บ้านเดี่ยว-บุราสิริ-พัฒนาการ-210-ตรม-89-ตร-วา-สภาพดีมาก-for-sale-9968932,18800000.0,89523.80952380953,8.0
9851153,,Prawet,"New Pattanakarn Road, Prawet, Prawet, Bangkok",13.710845,100.669081,2018.0,4.0,5.0,210.0,Fully Furnished,0,https://www.ddproperty.com/en/property/ขายถูกมาก-บ้านเดี่ยว-บุราสิริ-พัฒนาการ-ตกแต่งสวยหรู-เนื้อที่-89-วา-4-นอน-แปลงริม-for-sale-9851153,18800000.0,89523.80952380953,8.0
9794470,,Prawet,"New Pattanakarn Road, Prawet, Prawet, Bangkok",13.710845,100.669081,2018.0,4.0,5.0,210.0,unknown,0,https://www.ddproperty.com/en/property/detached-house-burasiri-pattanakarn-บ้านเดี่ยว-บุราสิริ-พัฒนาการ-sps-gh1447-for-sale-9794470,18800000.0,89523.80952380953,8.0
9256612,,Prawet,"288 Kanchanaphisek Road, Dok Mai, Prawet, Bangkok",13.68129,100.698818,2018.0,4.0,3.0,290.0,Fully Furnished,0,https://www.ddproperty.com/en/property/ติดสวน-บ้านเดี่ยว-the-grand-บางนา-วงแหวน-พื้นที่-110ตารางวา-4ห้องนอน-3ห้องน้ำ-for-sale-9256612,26000000.0,89655.1724137931,8.0
9256465,,Prawet,"288 Kanchanaphisek Road, Dok Mai, Prawet, Bangkok",13.68129,100.698818,2018.0,3.0,3.0,290.0,Fully Furnished,0,https://www.ddproperty.com/en/property/ติดสวน-บ้านเดี่ยว-the-grand-บางนา-วงแหวน-พื้นที่-110ตารางวา-3ห้องนอน-3ห้องน้ำ-for-sale-9256465,26000000.0,89655.1724137931,8.0
8781237,,Watthana,"9 Soi Sukhumvit 65, Sukhumvit Road, Phra Kanong Nua, Watthana, Bangkok",13.720662,100.588166,2010.0,4.0,5.0,390.0,Fully Furnished,0,https://www.ddproperty.com/en/property/sale-residence-sukhumvit-65-video-4-bedrooms-id-57498-390-sqm-for-sale-8781237,35000000.0,89743.58974358975,16.0
9743598,,Prawet,"On Nut Road, Prawet, Prawet, Bangkok",13.706772866129118,100.67429491799172,2019.0,4.0,3.0,200.0,Fully Furnished,0,https://www.ddproperty.com/en/property/p-1565-ขายด่วน-the-city-pattanakarn-เฟอร์นิเจอร์และเครื่องใช้ไฟฟ้าครบ-ตกแต่งสวย-คุ้มค่า-คุ้มราคา-for-sale-9743598,18000000.0,90000.0,7.0
8527374,,Muang Samut Sakhon,"Rama 2 Road, Bang Nam Chut, Muang Samut Sakhon, Samut Sakhon",13.598819,100.367149,2018.0,5.0,5.0,400.0,Fully Furnished,0,https://www.ddproperty.com/en/property/for-sale-the-grand-rama-2-luxury-5-br-5-br-private-swimming-pool-for-sale-8527374,36000000.0,90000.0,8.0
9397603,,Pak Kret,"ซอยแจ้งวัฒ ถนนแจ้งวัฒนะ, Ban Mai, Pak Kret, Nonthaburi",13.8834366,100.5829017,2012.0,3.0,2.0,300.0,Unfurnished,0,https://www.ddproperty.com/en/property/renovated-townhouse-for-sale-asoke-hs-00130-for-sale-9397603,27000000.0,90000.0,14.0
10076239,,Suan Luang,"2046 Pattanakarn Road, Suan Luang, Suan Luang, Bangkok",13.735794919492983,100.6380269681949,2009.0,3.0,4.0,311.0,unknown,0,https://www.ddproperty.com/en/property/single-house-noble-tara-sky-train-yellow-line-pattanakarn-station-for-sale-10076239,28000000.0,90032.15434083602,17.0
10014821,,Suan Luang,"2046 Pattanakarn Road, Suan Luang, Suan Luang, Bangkok",13.735794919492983,100.6380269681949,2009.0,4.0,4.0,311.0,Partially Furnished,0,https://www.ddproperty.com/en/property/for-sale-noble-tara-pattanakarn-158-sq-wa-3-bedrooms-with-private-swimming-pool-garden-for-sale-10014821,28000000.0,90032.15434083602,17.0
9831529,,Bang Plee,"68 Bangna-Trad Road, Bang Kaeo, Bang Plee, Samut Prakan",13.642063,100.666464,2018.0,4.0,3.0,172.0,Unfurnished,0,https://www.ddproperty.com/en/property/for-sale-mantana-bangna-km7-for-sale-9831529,15500000.0,90116.27906976744,8.0
8690189,,Suan Luang,"Phatthanakan Road, Suan Luang, Suan Luang, Bangkok",13.737933247973007,100.65514297668642,2019.0,4.0,5.0,516.0,Fully Furnished,0,https://www.ddproperty.com/en/property/4-bedroom-villa-for-sale-at-the-urban-reserve-u292083-for-sale-8690189,46500000.0,90116.27906976744,7.0
9308994,,Prawet,"Kanchanaphisek Road, Dok Mai, Prawet, Bangkok",13.675298437686354,100.6919014673393,2019.0,4.0,6.0,610.0,unknown,0,https://www.ddproperty.com/en/property/for-sale-two-grand-monaco-55-m-thb-listing-no-yt01-564-for-sale-9308994,55000000.0,90163.9344262295,7.0
10075720,,Prawet,"On Nut Road, Prawet, Prawet, Bangkok",13.706772866129118,100.67429491799172,2019.0,4.0,3.0,175.0,Fully Furnished,0,https://www.ddproperty.com/en/property/f-f-luxury-house-for-sale-inthe-city-pattanakarn-village-4-bed-3-bath-usable-area-175-sq-m-land-size-68-sq-wa-only-3-mins-to-suanluang-rama-ix-for-sale-10075720,15800000.0,90285.71428571429,7.0
9962655,,Muang Nonthaburi,"Rachapruk Road, Bang Rak Noi, Muang Nonthaburi, Nonthaburi",13.870367792379607,100.45210276575764,2015.0,4.0,5.0,431.0,Unfurnished,0,https://www.ddproperty.com/en/property/r2667-ขายคฤหาสน์หรูที่ดินใหญ่-149-3-วา-ติดถนนใหญ่ราชพฤกษ์-for-sale-9962655,39090000.0,90696.05568445475,11.0
8824680,,Kathu,"Kammala, Kathu, Phuket",7.946718,98.268805,2020.0,1.0,1.0,65.0,unknown,0,https://www.ddproperty.com/en/property/kamala-garden-view-cottage-7-x-15-yrs-for-sale-8824680,5900000.0,90769.23076923077,6.0
8680520,,Suan Luang,"Phatthanakan Road, Suan Luang, Suan Luang, Bangkok",13.737933247973007,100.65514297668642,2019.0,4.0,5.0,516.0,Fully Furnished,0,https://www.ddproperty.com/en/property/4-bedroom-villa-for-sale-at-the-urban-reserve-u292077-for-sale-8680520,46900000.0,90891.47286821705,7.0
10046576,,Thalang,"Thepkasattri Road, Mai Khao, Thalang, Phuket",8.136234,98.337696,2020.0,3.0,4.0,220.0,Unfurnished,0,https://www.ddproperty.com/en/property/3-bedroom-villa-for-sale-at-utopia-maikhao-u73711-for-sale-10046576,20000000.0,90909.09090909091,6.0
8277221,,Thalang,"Thepkasattri Road, Mai Khao, Thalang, Phuket",8.136234,98.337696,2020.0,3.0,4.0,220.0,Unfurnished,0,https://www.ddproperty.com/en/property/3-bedroom-villa-for-sale-at-utopia-maikhao-u73712-for-sale-8277221,20000000.0,90909.09090909091,6.0
8715812,,Thalang,"Mai Khao, Thalang, Phuket",13.82242,100.532004,2020.0,3.0,4.0,220.0,unknown,0,https://www.ddproperty.com/en/property/3-bed-220-sqm-pool-villa-at-utopia-maikhao-for-sale-8715812,20000000.0,90909.09090909091,6.0
9711291,,Suan Luang,"Pattanakarn Road, Suan Luang, Suan Luang, Bangkok",13.72945590775848,100.62227109469325,2023.0,4.0,5.0,440.0,unknown,0,https://www.ddproperty.com/en/property/crp-d4-hh-640058-hot-promotion-and-limited-time-the-gentry-pattanakarn-best-location-housing-project-come-with-qualities-living-are-in-limited-promotion-for-sale-9711291,40000000.0,90909.09090909091,3.0
8436625,,Thalang,"125 Si Soonthon Road, Choeng Thale, Thalang, Phuket",7.974426859181857,98.28282249719392,2002.0,4.0,4.0,1312.0,Fully Furnished,0,https://www.ddproperty.com/en/property/splendid-seaview-pool-villa-for-sale-in-phuket-hhkt27832-for-sale-8436625,120000000.0,91463.41463414633,24.0
8695610,,Suan Luang,"Phatthanakan Road, Suan Luang, Suan Luang, Bangkok",13.737933247973007,100.65514297668642,2019.0,4.0,5.0,516.0,Fully Furnished,0,https://www.ddproperty.com/en/property/4-bedroom-villa-for-sale-at-the-urban-reserve-u292081-for-sale-8695610,47200000.0,91472.86821705426,7.0
9628771,,Bang Lamung,"Thappraya Rd, Nong Pru, Bang Lamung, Chon Buri",12.9098458,100.8687629,1995.0,5.0,7.0,380.0,unknown,0,https://www.ddproperty.com/en/property/5-bedrooms-villa-for-sale-for-sale-9628771,34777777.0,91520.46578947369,31.0
7468089,,Phaya Thai,"Soi Inthamara 9, Samsen Nai, Phaya Thai, Bangkok",13.79086623909883,100.55389362683404,2015.0,3.0,5.0,390.0,Fully Furnished,0,https://www.ddproperty.com/en/property/single-house-for-sale-prime-location-at-soi-inthamara-9-i-nine-only-1-km-from-bts-saphankhwai-04-hh-62251-for-sale-7468089,36000000.0,92307.69230769231,11.0
9765800,,Prawet,"Kanchanaphisek Road, Dok Mai, Prawet, Bangkok",13.675298437686354,100.6919014673393,2019.0,5.0,6.0,426.00000000000006,unknown,0,https://www.ddproperty.com/en/property/luxury-mansion-for-sale-two-grande-monaco-project-for-sale-9765800,39500000.0,92723.00469483566,7.0
9784565,,Huai Khwang,"Soi Kamnoet Sap 2 Pradit Manutham Road, Bang Kapi, Huai Khwang, Bangkok",13.745236,100.594964,2019.0,3.0,4.0,345.0,unknown,0,https://www.ddproperty.com/en/property/p17hr2112001-ขายบ้านเดี่ยว-ไพร์มไนน์-เอกมัย-3-ห้องนอน-32-ล้าน-for-sale-9784565,32000000.0,92753.62318840579,7.0
8925560,,Bang Lamung,"Sukhumvit Road, Poong, Bang Lamung, Chon Buri",12.936476877735188,100.9848973055098,2014.0,3.0,3.0,309.0,Fully Furnished,0,https://www.ddproperty.com/en/property/3-bedroom-villa-for-sale-at-the-vineyard-phase-3-u12770-for-sale-8925560,29000000.0,93851.13268608414,12.0
7602788,,Yan Nawa,"Ratchadaphisek Road, Chong Nonsi, Yan Nawa, Bangkok",13.699507,100.54023,2021.0,3.0,2.0,175.0,Fully Furnished,0,https://www.ddproperty.com/en/property/new-private-pool-villa-in-chalong-hhkt25473-for-sale-7602788,16560000.0,94628.57142857143,5.0
9863454,,Prawet,"55 Soi Srinakarin, Srinakarin Road, Nong Bon, Prawet, Bangkok",13.692052,100.653481,2021.0,5.0,6.0,526.0,Fully Furnished,0,https://www.ddproperty.com/en/property/luxury-house-for-sale-rent-at-the-palazzo-srinakarin-for-sale-9863454,49900000.0,94866.92015209126,5.0
9811971,,Muang Phuket,"ราไวย์ Wiset, Chalong, Muang Phuket, Phuket",7.789263,98.330707,2012.0,4.0,4.0,230.0,Fully Furnished,0,https://www.ddproperty.com/en/property/920081007-141-spacious-private-4-bedroom-pool-villa-on-a-plot-of-1-5-rai-located-in-rawai-for-sale-9811971,21900000.0,95217.39130434782,14.0
9942932,,Bang Plee,"- Bangna-Trad Road, Bang Kaeo, Bang Plee, Samut Prakan",13.654876637149904,100.67159488095092,2013.0,4.0,5.0,890.0,unknown,0,https://www.ddproperty.com/en/property/brand-new-single-house-for-sale-near-mega-bangna-for-sale-9942932,85000000.0,95505.61797752809,13.0
9403193,,Prawet,"Kanchanaphisek Road, Dok Mai, Prawet, Bangkok",13.690834,100.698748,2017.0,6.0,4.0,254.00000000000003,Unfurnished,0,https://www.ddproperty.com/en/property/ขายบ้านมือสอง-คาซ่า-พรีเมี่ยม-อ่อนนุช-วงแหวน-สไตล์รีสอร์ท-เนื้อที่-117-3-ตร-ว-หลังมุม-ติดสวน-หลังแรกของโครงการ-มี-6-นอน-4-น้ำ-ต่อเติมพื้นที่เยอะมาก-เรือนรับรอง-และที่จอดรถต่อเติม-2-ชั้น-ได้ห้องนอนเพิ่ม-ทำเลดี-อ่อนนุช-บางนา-ตราด-เมกา-บางนา-for-sale-9403193,24500000.0,96456.69291338582,9.0
10051950,,Bang Saphan,"Phetkasem Phetkasem, Chaikasam, Bang Saphan, Prachuap Khiri Khan",12.591332,99.93179,2014.0,5.0,5.0,300.0,Unfurnished,0,https://www.ddproperty.com/en/property/beachfront-pool-villa-for-sell-for-sale-10051950,29000000.0,96666.66666666667,12.0
7613843,,Bang Rak,"Silom, Silom, Bang Rak, Bangkok",13.727075,100.53459,2014.0,4.0,4.0,600.0,Fully Furnished,0,https://www.ddproperty.com/en/property/stunning-contemporary-designed-villa-with-a-great-panoramic-sea-view-husm25044-for-sale-7613843,58000000.0,96666.66666666667,12.0
9992747,,Bang Kruai,"Bang Kruai-Krungnon Road, Mahasawat, Bang Kruai, Nonthaburi",13.807610192660515,100.43415749186312,2016.0,1.0,1.0,31.0,unknown,0,https://www.ddproperty.com/en/property/yog-pres132-ขายห้อง-condo-life-pinklao-ไลฟ์-ปิ่นเกล้า-for-sale-9992747,3000000.0,96774.19354838709,10.0
9691335,,Phasi Charoen,"Soi Mooban Nanthawan, Bang Waek, Phasi Charoen, Bangkok",13.732161441743862,100.4478087679379,2006.0,4.0,4.0,288.0,Fully Furnished,0,https://www.ddproperty.com/en/property/luxury-house-for-sale-at-nantawan-bangna-with-private-swimming-pool-listing-no-yt01-915-for-sale-9691335,28000000.0,97222.22222222222,20.0
10061916,,Din Daeng,"Soi Ladprao 26 Yaek2-8, Din Daeng, Din Daeng, Bangkok",13.797787,100.571465,2019.0,3.0,5.0,180.0,Fully Furnished,0,https://www.ddproperty.com/en/property/a-fully-furnished-50sqw-home-in-ladprao-soi-26-for-sale-10061916,17500000.0,97222.22222222222,7.0
8764440,,Lat Phrao,"Soi Nakniwas 45, Lat Phrao, Lat Phrao, Bangkok",13.812971,100.610308,2012.0,4.0,5.0,245.0,unknown,0,https://www.ddproperty.com/en/property/ขายด่วน-บ้านเดี่ยวนันทวัน-ปิ่นเกล้า-ราชพฤกษ์-รหัสsh659-for-sale-8764440,23900000.0,97551.02040816327,14.0
8776559,,Watthana,"Soi Sukhumvit 55, Sukhumvit Road, Khlong Tan Nua, Watthana, Bangkok",13.726845,100.580083,2019.0,10.0,13.0,852.0000000000001,Fully Furnished,0,https://www.ddproperty.com/en/property/sale-twin-house-pridi-banomyong-10-bedrooms-id-48322-h-068-852-sqm-for-sale-8776559,83500000.0,98004.69483568074,7.0
8337383,,Watthana,"Sukhumvit 71 Road, Khlong Tan Nua, Watthana, Bangkok",13.729503,100.596546,2021.0,4.0,5.0,458.0,unknown,0,https://www.ddproperty.com/en/property/ขายบ้านเดี่ยว-สภาพใหม่พร้อมเข้าอยู่-ซอยปรีดีพนมยงค์-14-for-sale-8337383,45000000.0,98253.27510917031,5.0
10030153,,Prawet,"Phatthanakan-Onnut Road (New Cut), Prawet, Prawet, Bangkok",13.708832,100.66824,2021.0,4.0,4.0,264.0,Fully Furnished,0,https://www.ddproperty.com/en/property/4-bedroom-house-for-sale-at-setthasiri-pattanakarn-u170713-for-sale-10030153,26000000.0,98484.84848484848,5.0
9780996,,Phaya Thai,"Phahonyothin Road, Samsen Nai, Phaya Thai, Bangkok",13.786701038114296,100.55280823806427,2020.0,4.0,4.0,570.0,Fully Furnished,0,https://www.ddproperty.com/en/property/for-sell-price-56-300-000-artha-phahon-ari-4-bed-4-bath-3-5-story-570-sq-m-for-sale-9780996,56300000.0,98771.9298245614,6.0
9207690,,Wang Thonglang,"Pradit Manutham Road, Khlong Chaokhun Sing, Wang Thonglang, Bangkok",13.792825,100.613132,2016.0,3.0,5.0,446.00000000000006,unknown,0,https://www.ddproperty.com/en/property/t-ขาย-ให้เช่า-บ้านเดี่ยว-the-honor-ถ-เอกมัย-รามมินทรา-66-ตรว-thipp4-for-sale-9207690,44500000.0,99775.78475336322,10.0
9730284,,Muang Samut Prakarn,"Bearing-Lasalle Road, Samrong Nua, Muang Samut Prakarn, Samut Prakan",13.653931680094509,100.62122399468156,2020.0,4.0,5.0,531.0,Unfurnished,0,https://www.ddproperty.com/en/property/hh-3069-single-detached-house-for-sale-grand-bangkok-boulevard-sukhumvit-149-sq-m-531-sq-m-4-bedrooms-for-sale-9730284,53000000.0,99811.67608286253,6.0
9853332,,Taling Chan,"Soi Ratchapruek 15, Bang Ra Mat, Taling Chan, Bangkok",13.769087085292831,100.4409640684085,2012.0,3.0,4.0,450.0,Fully Furnished,0,https://www.ddproperty.com/en/property/single-house-for-sale-in-the-corner-of-golden-heritage-golden-heritage-baan-pinklao-for-sale-9853332,45000000.0,100000.0,14.0
9961717,,Bang Lamung,"North Pattaya Road, Na Kloe, Bang Lamung, Chon Buri",12.9479689,100.8943082,2022.0,3.0,4.0,250.0,Partially Furnished,0,https://www.ddproperty.com/en/property/house-for-sale-with-private-pool-in-north-pattaya-near-terminal-21-shopping-mall-for-sale-9961717,25000000.0,100000.0,4.0
8776110,,Muang Samut Prakarn,"Samrong Nua, Muang Samut Prakarn, Samut Prakan",12.806053,99.983491,2014.0,7.0,7.0,700.0,unknown,0,https://www.ddproperty.com/en/property/sale-prukpirom-regent-sukhumvit-7-bedrooms-id-134476-h-041-700-sqm-for-sale-8776110,70000000.0,100000.0,12.0
9108634,,Muang Phuket,"ซอยสวนวัด ตำบลราไวย์ อำเภอเมือง ภูเก็ต, Rawai, Muang Phuket, Phuket",7.779959,98.314715,2015.0,4.0,4.0,250.0,Partially Furnished,0,https://www.ddproperty.com/en/property/4-bedroom-house-for-sale-at-nai-harn-baan-bua-u1003768-for-sale-9108634,25000000.0,100000.0,11.0
10031123,,Muang Phuket,"22/1 Thepkrasatti, Ko Kaeo, Muang Phuket, Phuket",7.964698,98.385007,2012.0,5.0,7.0,900.0,unknown,0,https://www.ddproperty.com/en/property/5-bedroom-villa-for-sale-at-boat-lagoon-u1045344-for-sale-10031123,90000000.0,100000.0,14.0
9793048,,Bang Plee,"Srinakarin Road, Bang Kaeo, Bang Plee, Samut Prakan",13.642172247103504,100.6357795608497,2003.0,9.0,6.0,781.9999999999999,Fully Furnished,0,https://www.ddproperty.com/en/property/single-detached-house-for-sale-ladawan-srinakarin-area-625-square-wa-for-sale-9793048,79000000.0,101023.01790281331,23.0
10032218,,Muang Phuket,"22/1 Thepkrasatti, Ko Kaeo, Muang Phuket, Phuket",7.964698,98.385007,2012.0,7.0,8.0,781.9999999999999,Fully Furnished,0,https://www.ddproperty.com/en/property/7-bedroom-villa-for-sale-at-boat-lagoon-u1064158-for-sale-10032218,79000000.0,101023.01790281331,14.0
8715813,,Thalang,"Mai Khao, Thalang, Phuket",13.82242,100.532004,2020.0,2.0,3.0,148.0,unknown,0,https://www.ddproperty.com/en/property/2-bedroom-148-sqm-pool-villa-utopia-maikhao-for-sale-8715813,15000000.0,101351.35135135135,6.0
8909229,,Thalang,"Thepkasattri Road, Mai Khao, Thalang, Phuket",8.136234,98.337696,2020.0,2.0,2.0,148.0,Unfurnished,0,https://www.ddproperty.com/en/property/2-bedroom-villa-for-sale-at-utopia-maikhao-u166133-for-sale-8909229,15000000.0,101351.35135135135,6.0
8938264,,Thalang,"Thepkasattri Road, Mai Khao, Thalang, Phuket",8.136234,98.337696,2020.0,2.0,2.0,148.0,Unfurnished,0,https://www.ddproperty.com/en/property/2-bedroom-villa-for-sale-at-utopia-maikhao-u73704-for-sale-8938264,15000000.0,101351.35135135135,6.0
8929289,,Thalang,"Thepkasattri Road, Mai Khao, Thalang, Phuket",8.136234,98.337696,2020.0,2.0,2.0,148.0,Unfurnished,0,https://www.ddproperty.com/en/property/2-bedroom-villa-for-sale-at-utopia-maikhao-u647810-for-sale-8929289,15000000.0,101351.35135135135,6.0
8910905,,Thalang,"Thepkasattri Road, Mai Khao, Thalang, Phuket",8.136234,98.337696,2020.0,2.0,2.0,148.0,Unfurnished,0,https://www.ddproperty.com/en/property/2-bedroom-villa-for-sale-at-utopia-maikhao-u589470-for-sale-8910905,15000000.0,101351.35135135135,6.0
8936845,,Thalang,"Thepkasattri Road, Mai Khao, Thalang, Phuket",8.136234,98.337696,2020.0,2.0,2.0,148.0,Unfurnished,0,https://www.ddproperty.com/en/property/2-bedroom-villa-for-sale-at-utopia-maikhao-u73710-for-sale-8936845,15000000.0,101351.35135135135,6.0
7428911,,Muang Chiang Mai,"ถนน โชตนา, Chang Phuak, Muang Chiang Mai, Chiang Mai",18.824331,98.979612,2014.0,5.0,7.0,737.0,unknown,0,https://www.ddproperty.com/en/property/luxury-chiang-mai-house-chiang-mai-luxury-house-luxury-house-in-chang-phueak-luxury-house-in-chot-h-620825-0001-for-sale-7428911,75000000.0,101763.907734057,12.0
8872159,,Saphan Sung,"Soi Krungthep Kreetha 37, Si Nakharin-Rom Klao Road, Saphan Sung, Saphan Sung, Bangkok",13.751780104197046,100.68910600000004,2022.0,4.0,4.0,470.0,Unfurnished,0,https://www.ddproperty.com/en/property/r1829-ขายบ้านเดี่ยว-3-ชั้น-4-นอนbeyond-luxe-พระราม9-กรุงเทพกรีฑา-for-sale-8872159,47900000.0,101914.89361702128,4.0
8761064,,Bang Plee,"Lat Krabang Road, Rachathewa, Bang Plee, Samut Prakan",13.714717,100.7251718,2018.0,6.0,5.0,440.0,Partially Furnished,0,https://www.ddproperty.com/en/property/ขายบ้านเดี่ยวสุดหรู-หมู่บ้านเพอร์เฟคมาสเตอร์พีซ-สุขุมวิท77-for-sale-8761064,45000000.0,102272.72727272728,8.0
8760593,,Bang Plee,"Lat Krabang Road, Rachathewa, Bang Plee, Samut Prakan",13.714717,100.7251718,2018.0,6.0,5.0,440.0,Partially Furnished,0,https://www.ddproperty.com/en/property/house-for-sale-near-suvanabhumi-for-sale-8760593,45000000.0,102272.72727272728,8.0
7996713,,Watthana,"สุขุมวิท 3 Sukhumvit, Khlong Tan Nua, Watthana, Bangkok",13.7300196,100.5704482,2012.0,4.0,4.0,440.0,Unfurnished,0,https://www.ddproperty.com/en/property/townhouse-sale-phrom-phong-3-floors-4-bedrooms-34832-for-sale-7996713,45000000.0,102272.72727272728,14.0
8761017,,Bang Plee,"Lat Krabang Road, Rachathewa, Bang Plee, Samut Prakan",13.714717,100.7251718,2018.0,6.0,5.0,440.0,Partially Furnished,0,https://www.ddproperty.com/en/property/ขายบ้านเดี่ยวหมู่บ้านเพอร์เฟค-มาสเตอร์พีซ-สุขุมวิท77-บ้านสวยพร้อมอยู่-for-sale-8761017,45000000.0,102272.72727272728,8.0
9373843,,Prawet,"On Nut Road, Prawet, Prawet, Bangkok",13.706772866129118,100.67429491799172,2019.0,3.0,3.0,175.0,unknown,0,https://www.ddproperty.com/en/property/6408-554-house-for-sale-on-nut-phatthanakan-the-city-pattanakarn-3-bed-for-sale-9373843,18000000.0,102857.14285714286,7.0
10054801,,Bang Plee,"Namdaeng Road, Bangphli Yai, Bang Plee, Samut Prakan",13.613911598525814,100.68788980696512,2011.0,3.0,2.0,54.0,unknown,0,https://www.ddproperty.com/en/property/psh-01099-house-for-sale-passorn-kingkaew-namdang-for-sale-10054801,5590000.0,103518.51851851853,15.0
9855262,,Prawet,"Phatthanakan-Onnut Road (New Cut), Prawet, Prawet, Bangkok",13.708832,100.66824,2021.0,4.0,4.0,260.0,Partially Furnished,0,https://www.ddproperty.com/en/property/k-4670-ขายด่วน-เศรษฐสิริ-พัฒนาการ-บ้านสวย-ใกล้ทางด่วน-ถนนวงแหวน-for-sale-9855262,27000000.0,103846.15384615384,5.0
7037931,,Muang Samut Sakhon,"Rama 2 Road, Bang Nam Chut, Muang Samut Sakhon, Samut Sakhon",13.598819,100.367149,2018.0,5.0,5.0,565.0,unknown,0,https://www.ddproperty.com/en/property/detached-house-for-sale-the-grand-rama-2-island-paradise-zone-for-sale-7037931,59000000.0,104424.77876106194,8.0
8776163,,Watthana,"Phra Kanong Nua, Watthana, Bangkok",14.755388,100.092714,2005.0,7.0,7.0,500.0,unknown,0,https://www.ddproperty.com/en/property/sale-house-at-pridi-banomyong-15-yaek-5-7-bedrooms-id-134376-h-040-500-sqm-for-sale-8776163,52430000.0,104860.0,21.0
10029771,,Wang Thonglang,"Pradit Manutham Road, Khlong Chaokhun Sing, Wang Thonglang, Bangkok",13.792825,100.613132,2016.0,4.0,6.0,543.0,Partially Furnished,0,https://www.ddproperty.com/en/property/4-bedroom-villa-for-sale-at-the-honor-u83358-for-sale-10029771,57000000.0,104972.37569060773,10.0
8455655,,Pak Kret,"22 Rachapruk Road, Om Kret, Pak Kret, Nonthaburi",13.906209,100.45014,2012.0,5.0,6.0,485.0,unknown,0,https://www.ddproperty.com/en/property/house-for-sale-m-pruek-pirom-regent-ratchaphruek-rattanathibet-the-house-has-never-been-lived-p-202012-24003-for-sale-8455655,51000000.0,105154.63917525773,14.0
9992744,,Bang Kruai,"Bang Kruai-Krungnon Road, Mahasawat, Bang Kruai, Nonthaburi",13.807610192660515,100.43415749186312,2016.0,1.0,1.0,35.0,unknown,0,https://www.ddproperty.com/en/property/yog-pres134-ขายห้อง-condo-life-pinklao-ไลฟ์-ปิ่นเกล้า-for-sale-9992744,3690000.0,105428.57142857143,10.0
9592341,,Kathu,"10/33 Kamala, Kammala, Kathu, Phuket",7.939621,98.292125,2012.0,2.0,2.0,284.0,Fully Furnished,0,https://www.ddproperty.com/en/property/large-2-br-house-at-royal-kamala-phuket-id-471386-for-sale-9592341,30000000.0,105633.80281690141,14.0
8776417,,Yan Nawa,"Satupradit, Chong Nonsi, Yan Nawa, Bangkok",13.690757,100.534618,2015.0,6.0,6.0,730.0,Fully Furnished,0,https://www.ddproperty.com/en/property/sale-6-bedrooms-house-in-sathupradit-6-bedrooms-id-40651-h-018-730-sqm-for-sale-8776417,77250000.0,105821.91780821918,11.0
8824688,,Kathu,"Kammala, Kathu, Phuket",7.946718,98.268805,2020.0,1.0,1.0,65.0,unknown,0,https://www.ddproperty.com/en/property/kamala-seaview-cottage-7-x-15-yrs-for-sale-8824688,6900000.0,106153.84615384616,6.0
9769929,,Watthana,"1 Soi Phromphak 49/6, Khlong Tan Nua, Watthana, Bangkok",13.737094,100.577448,1974.0,3.0,4.0,518.0,unknown,0,https://www.ddproperty.com/en/property/sale-649-residence-3-bedrooms-id-159861-h-153-518-sqm-for-sale-9769929,55000000.0,106177.60617760618,52.0
8776470,,Phaya Thai,"ถนน พหลโยธิน, Samsen Nai, Phaya Thai, Bangkok",13.780592,100.5448946,2015.0,3.0,4.0,168.0,Fully Furnished,0,https://www.ddproperty.com/en/property/sale-green-place-aree-3-bedrooms-for-sale-in-phayathai-bangkok-3-bedrooms-id-47195-h-008-168-sqm-for-sale-8776470,18000000.0,107142.85714285714,11.0
8232191,,Muang Phuket,"ซอยสวนวัด ตำบลราไวย์ อำเภอเมือง ภูเก็ต, Rawai, Muang Phuket, Phuket",7.779959,98.314715,2015.0,4.0,4.0,200.0,Fully Furnished,0,https://www.ddproperty.com/en/property/modern-4-bedrooms-pool-villa-for-sale-in-the-south-of-phuket-hhkt27547-for-sale-8232191,21500000.0,107500.0,11.0
8829140,,Bang Plee,"Bang Na - Trat Road, Bang Kaeo, Bang Plee, Samut Prakan",13.64371068482597,100.66343939384842,2018.0,4.0,5.0,325.0,Unfurnished,0,https://www.ddproperty.com/en/property/brand-new-house-vive-bangna-for-sale-for-sale-8829140,35000000.0,107692.30769230769,8.0
9147918,,Bang Plee,"Bang Na - Trat Road, Bang Kaeo, Bang Plee, Samut Prakan",13.64371068482597,100.66343939384842,2018.0,4.0,5.0,325.0,Unfurnished,0,https://www.ddproperty.com/en/property/vive-bangna-วีเว่-บางนา-บ้านเดี่ยว120ตร-ว-หน้าบ้านทิศใต้-เมกาบางนา-for-sale-9147918,35000000.0,107692.30769230769,8.0
9000705,,Bang Plee,"Bang Na - Trat Road, Bang Kaeo, Bang Plee, Samut Prakan",13.64371068482597,100.66343939384842,2018.0,4.0,5.0,325.0,unknown,0,https://www.ddproperty.com/en/property/vive-bangna-super-luxury-modern-minimal-ใกล้-mega-บางนา-listing-no-yt01-874-for-sale-9000705,35000000.0,107692.30769230769,8.0
9764570,,Bang Plee,"Bang Na - Trat Road, Bang Kaeo, Bang Plee, Samut Prakan",13.64371068482597,100.66343939384842,2018.0,4.0,5.0,325.0,Partially Furnished,0,https://www.ddproperty.com/en/property/house-for-sale-vive-bangna-km-7-near-mega-bangna-for-sale-9764570,35000000.0,107692.30769230769,8.0
9873328,,Bang Plee,"Bang Na - Trat Road, Bang Kaeo, Bang Plee, Samut Prakan",13.64371068482597,100.66343939384842,2018.0,4.0,5.0,325.0,Partially Furnished,0,https://www.ddproperty.com/en/property/new-house-for-sale-vive-bangna-km-7-near-mega-bangna-for-sale-9873328,35000000.0,107692.30769230769,8.0
9642174,,Bang Plee,"Bang Na - Trat Road, Bang Kaeo, Bang Plee, Samut Prakan",13.64371068482597,100.66343939384842,2018.0,4.0,5.0,325.0,Unfurnished,0,https://www.ddproperty.com/en/property/for-rent-sale-ชาย-เช่า-บ้านเดี่ยว-vive-บางนา-กม-7-pst-ann207-for-sale-9642174,35000000.0,107692.30769230769,8.0
8805852,,Thalang,"125 Si Soonthon Road, Choeng Thale, Thalang, Phuket",7.974426859181857,98.28282249719392,2002.0,6.0,6.0,1800.0,Fully Furnished,0,https://www.ddproperty.com/en/property/902441t-sale-pool-villa-6-bedrooms-ayara-surin-for-sale-8805852,198000000.0,110000.0,24.0
9992911,,Bang Kruai,"Bang Kruai-Krungnon Road, Mahasawat, Bang Kruai, Nonthaburi",13.807610192660515,100.43415749186312,2016.0,1.0,1.0,35.0,unknown,0,https://www.ddproperty.com/en/property/yog-pres273-ขายห้อง-condo-life-pinklao-ไลฟ์-ปิ่นเกล้า-for-sale-9992911,3850000.0,110000.0,10.0
8784619,,Lat Phrao,"Soi Nakniwas 45, Lat Phrao, Lat Phrao, Bangkok",13.812971,100.610308,2012.0,4.0,6.0,272.0,Partially Furnished,0,https://www.ddproperty.com/en/property/ด่วนทำเลดีมาก-ขายทาวน์เฮ้าส์-พระราม3-2-คูหาติดกัน-รหัสss0287-for-sale-8784619,30000000.0,110294.11764705883,14.0
9833715,,Phra Khanong,"Soi Sukhumvit 101, Sukhumvit Road, Bang Chak, Phra Khanong, Bangkok",13.692077152115914,100.62269500000002,2020.0,4.0,4.0,361.0,Partially Furnished,0,https://www.ddproperty.com/en/property/for-sale-modern-luxury-detached-house-the-gentry-sukhumvit-101-near-bts-punna-withi-for-sale-9833715,39900000.0,110526.31578947368,6.0
8776095,,Khlong Toei,"- Sukhumvit Road, Khong Tan, Khlong Toei, Bangkok",13.72805973905096,100.5724550848895,2012.0,4.0,6.0,320.0,Fully Furnished,0,https://www.ddproperty.com/en/property/sale-baan-klang-krung-thong-lor-4-bedrooms-id-41751-h-052-320-sqm-for-sale-8776095,35900000.0,112187.5,14.0
9773607,,Bang Plee,"68 Bangna-Trad Road, Bang Kaeo, Bang Plee, Samut Prakan",13.642063,100.666464,2018.0,4.0,5.0,285.0,unknown,0,https://www.ddproperty.com/en/property/for-sale-rent-mantana-bangna-km7-beautifull-show-house-listing-no-yt01-746-for-sale-9773607,32000000.0,112280.70175438597,8.0
8279361,,Bang Lamung,"- Na Kluea 18 Road, Na Kloe, Bang Lamung, Chon Buri",12.969976,100.885886,2015.0,3.0,4.0,305.0,Unfurnished,0,https://www.ddproperty.com/en/property/3-bedroom-house-for-sale-at-baan-plai-haad-kao-u161616-for-sale-8279361,34500000.0,113114.75409836066,11.0
8776459,,Watthana,"Soi Sukhumvit 55, Khlong Tan Nua, Watthana, Bangkok",13.733648,100.582648,2003.0,3.0,3.0,327.0,Fully Furnished,0,https://www.ddproperty.com/en/property/sale-baan-klang-krung-thong-lor-3-bedrooms-id-39902-h-016-327-sqm-for-sale-8776459,37000000.0,113149.84709480123,23.0
10060991,,Pak Kret,"22 Rachapruk Road, Om Kret, Pak Kret, Nonthaburi",13.906209,100.45014,2012.0,5.0,6.0,660.0,unknown,0,https://www.ddproperty.com/en/property/ขาย-บ้านเดี่ยวหรู-5-นอน-6-น้ำ-430-ตรว-หมู่บ้านพฤกษ์ภิรมย์-รีเจ้นท์-ราชพฤกษ์-รัตนาธิเบศร์-for-sale-10060991,75000000.0,113636.36363636363,14.0
9688983,,Bang Plee,"Bang Na - Trat Road, Bang Kaeo, Bang Plee, Samut Prakan",13.64371068482597,100.66343939384842,2018.0,4.0,4.0,325.0,Unfurnished,0,https://www.ddproperty.com/en/property/vive-bangna-km-7-for-sale-for-sale-9688983,37000000.0,113846.15384615384,8.0
8223985,,Prawet,"Kanchanaphisek Road, Dok Mai, Prawet, Bangkok",13.676122,100.696157,2020.0,4.0,6.0,525.0,Fully Furnished,0,https://www.ddproperty.com/en/property/for-rent-and-sale-luxury-house-with-private-swimming-pool-the-grand-lux-bangna-suanluang-spspe319-for-sale-8223985,60000000.0,114285.71428571429,6.0
10078468,,Prawet,"Kanchanaphisek Road, Dok Mai, Prawet, Bangkok",13.676122,100.696157,2020.0,5.0,6.0,525.0,unknown,0,https://www.ddproperty.com/en/property/t-ขาย-ให้เช่า-บ้านเดี่ยว-โครงการหรู-เดอะแกรนด์-ลักซ์-บางนา-สวนหลวง-ใกล้ทางด่วนพิเศษ-และ-รถไฟฟ้า-บ้านทับช้าง-for-sale-10078468,60000000.0,114285.71428571429,6.0
7900037,,Prawet,"Kanchanaphisek Road, Dok Mai, Prawet, Bangkok",13.676122,100.696157,2020.0,5.0,6.0,525.0,Fully Furnished,0,https://www.ddproperty.com/en/property/t-land-and-house-for-sales-the-grand-lux-bangna-suanluang-for-sale-7900037,60000000.0,114285.71428571429,6.0
8812157,,Bang Bo,"Bang Na-Trat Frontage Road, Bang Bo, Bang Bo, Samut Prakan",13.638493,100.852305,2019.0,2.0,3.0,23.1,unknown,0,https://www.ddproperty.com/en/property/ขาย-villaggio-bangna-ราคา-2-65-ล้านบาท-listing-no-yt12-743-for-sale-8812157,2650000.0,114718.61471861471,7.0
8899015,,Bang Lamung,"Sukhumvit Road, Poong, Bang Lamung, Chon Buri",12.936476877735188,100.9848973055098,2014.0,3.0,3.0,217.0,Fully Furnished,0,https://www.ddproperty.com/en/property/3-bedroom-villa-for-sale-at-the-vineyard-phase-3-u279355-for-sale-8899015,24900000.0,114746.54377880185,12.0
8936877,,Takua Thung,"88 North of Phuket Road, Natai Beach, Khok Kloi, Takua Thung, Phangnga",8.250270204214784,98.28217609325408,2019.0,2.0,2.0,280.0,Fully Furnished,0,https://www.ddproperty.com/en/property/2-bedroom-villa-for-sale-at-baba-beach-club-phuket-u467560-for-sale-8936877,32600000.0,116428.57142857143,7.0
8942059,,Takua Thung,"88 North of Phuket Road, Natai Beach, Khok Kloi, Takua Thung, Phangnga",8.250270204214784,98.28217609325408,2019.0,2.0,2.0,280.0,Fully Furnished,0,https://www.ddproperty.com/en/property/2-bedroom-villa-for-sale-at-baba-beach-club-phuket-u467564-for-sale-8942059,32600000.0,116428.57142857143,7.0
8899195,,Takua Thung,"88 North of Phuket Road, Natai Beach, Khok Kloi, Takua Thung, Phangnga",8.250270204214784,98.28217609325408,2019.0,2.0,2.0,280.0,Fully Furnished,0,https://www.ddproperty.com/en/property/2-bedroom-villa-for-sale-at-baba-beach-club-phuket-u467562-for-sale-8899195,32600000.0,116428.57142857143,7.0
9398710,,Pak Kret,"ซอยแจ้งวัฒ ถนนแจ้งวัฒนะ, Ban Mai, Pak Kret, Nonthaburi",13.8834366,100.5829017,2012.0,8.0,8.0,2058.0,unknown,0,https://www.ddproperty.com/en/property/luxury-house-for-sale-in-asoke-hs-00055-for-sale-9398710,240000000.0,116618.07580174928,14.0
8925732,,Takua Thung,"88 North of Phuket Road, Natai Beach, Khok Kloi, Takua Thung, Phangnga",8.250270204214784,98.28217609325408,2019.0,2.0,2.0,280.0,Fully Furnished,0,https://www.ddproperty.com/en/property/2-bedroom-villa-for-sale-at-baba-beach-club-phuket-u467568-for-sale-8925732,33000000.0,117857.14285714286,7.0
9586408,,Bang Plee,"68 Bangna-Trad Road, Bang Kaeo, Bang Plee, Samut Prakan",13.642063,100.666464,2018.0,4.0,3.0,100.0,unknown,0,https://www.ddproperty.com/en/property/ae64195-house-for-sale-area-66-sq-m-4beds-3baths-fully-furnished-manth-for-sale-9586408,11800000.0,118000.0,8.0
8937069,,Bang Lamung,"Sukhumvit Road, Poong, Bang Lamung, Chon Buri",12.936476877735188,100.9848973055098,2014.0,3.0,3.0,220.0,Fully Furnished,0,https://www.ddproperty.com/en/property/3-bedroom-villa-for-sale-at-the-vineyard-phase-3-u164053-for-sale-8937069,26000000.0,118181.81818181818,12.0
8936810,,Takua Thung,"88 North of Phuket Road, Natai Beach, Khok Kloi, Takua Thung, Phangnga",8.250270204214784,98.28217609325408,2019.0,2.0,2.0,280.0,Fully Furnished,0,https://www.ddproperty.com/en/property/2-bedroom-villa-for-sale-at-baba-beach-club-phuket-u467566-for-sale-8936810,33100000.0,118214.28571428571,7.0
8897235,,Takua Thung,"88 North of Phuket Road, Natai Beach, Khok Kloi, Takua Thung, Phangnga",8.250270204214784,98.28217609325408,2019.0,2.0,2.0,280.0,Fully Furnished,0,https://www.ddproperty.com/en/property/2-bedroom-villa-for-sale-at-baba-beach-club-phuket-u467558-for-sale-8897235,33100000.0,118214.28571428571,7.0
9944700,,Muang Samut Prakarn,"Bearing-Lasalle Road, Samrong Nua, Muang Samut Prakarn, Samut Prakan",13.653931680094509,100.62122399468156,2020.0,4.0,5.0,583.0,Fully Furnished,0,https://www.ddproperty.com/en/property/grand-bangkok-boulevard-sukhumvit-for-sale-for-sale-9944700,69000000.0,118353.34476843911,6.0
8824686,,Kathu,"Kammala, Kathu, Phuket",7.946718,98.268805,2020.0,1.0,1.0,75.0,unknown,0,https://www.ddproperty.com/en/property/kamala-premium-sea-view-cottage-for-sale-8824686,8900000.0,118666.66666666667,6.0
9958495,,Watthana,"59 Soi Sukhumvit 67, Phra Kanong Nua, Watthana, Bangkok",13.719042340808077,100.59039878416463,2022.0,4.0,6.0,268.0,Fully Furnished,0,https://www.ddproperty.com/en/property/luxury-house-for-sale-maison-blanche-sukhumvit-67-for-sale-9958495,32000000.0,119402.98507462686,4.0
8709475,,Kathu,"Hasip Pee Road, Patong, Kathu, Phuket",7.891229,98.308621,2022.0,1.0,1.0,41.0,unknown,0,https://www.ddproperty.com/en/property/1-bed-pool-villa-60-sqm-patong-bay-ocean-view-cottages-for-sale-8709475,4900000.0,119512.19512195123,4.0
9992706,,Bang Kruai,"Bang Kruai-Krungnon Road, Mahasawat, Bang Kruai, Nonthaburi",13.807610192660515,100.43415749186312,2016.0,1.0,1.0,30.0,unknown,0,https://www.ddproperty.com/en/property/yog-pres149-ขายห้อง-condo-life-pinklao-ไลฟ์-ปิ่นเกล้า-for-sale-9992706,3600000.0,120000.0,10.0
8897794,,Takua Thung,"88 North of Phuket Road, Natai Beach, Khok Kloi, Takua Thung, Phangnga",8.250270204214784,98.28217609325408,2019.0,2.0,2.0,280.0,Fully Furnished,0,https://www.ddproperty.com/en/property/2-bedroom-villa-for-sale-at-baba-beach-club-phuket-u467556-for-sale-8897794,33600000.0,120000.0,7.0
7613793,,Bang Rak,"Silom, Silom, Bang Rak, Bangkok",13.727075,100.53459,2014.0,3.0,3.0,250.0,Fully Furnished,0,https://www.ddproperty.com/en/property/luxury-3-bedrooms-villa-with-a-great-view-on-thongson-bay-in-plai-leam-husm25200-for-sale-7613793,30000000.0,120000.0,12.0
9945101,,Muang Samut Prakarn,"Bearing-Lasalle Road, Samrong Nua, Muang Samut Prakarn, Samut Prakan",13.653931680094509,100.62122399468156,2020.0,6.0,8.0,706.0,Fully Furnished,0,https://www.ddproperty.com/en/property/ขายบ้านเดี่ยวสุดหรู-แกรนด์-บางกอก-บูเลอวาร์ด-สุขุมวิท-grand-bangkok-boulevard-sukhumvit-spsp411-for-sale-9945101,85000000.0,120396.60056657223,6.0
9948467,,Muang Samut Prakarn,"Bearing-Lasalle Road, Samrong Nua, Muang Samut Prakarn, Samut Prakan",13.653931680094509,100.62122399468156,2020.0,6.0,8.0,706.0,Fully Furnished,0,https://www.ddproperty.com/en/property/grand-bangkok-boulevard-sukhumvit-for-sale-6-beds-for-sale-9948467,85000000.0,120396.60056657223,6.0
8692466,,Bang Lamung,"Sukhumvit Road, Poong, Bang Lamung, Chon Buri",12.936476877735188,100.9848973055098,2014.0,3.0,3.0,220.0,Fully Furnished,0,https://www.ddproperty.com/en/property/3-bedroom-villa-for-sale-at-the-vineyard-phase-3-u164052-for-sale-8692466,26500000.0,120454.54545454546,12.0
8732777,,Prawet,"Kanchanaphisek Road, Dok Mai, Prawet, Bangkok",13.676122,100.696157,2020.0,5.0,6.0,580.0,unknown,0,https://www.ddproperty.com/en/property/modern-luxury-house-for-sale-the-grand-lux-bangna-suanluang-5-bedrooms-swimming-pool-8-car-park-for-sale-8732777,70000000.0,120689.6551724138,6.0
9985969,,Muang Nonthaburi,"Rattanathibet Road, Sai Ma, Muang Nonthaburi, Nonthaburi",13.877157,100.466281,2011.0,0.0,0.0,240.0,Partially Furnished,0,https://www.ddproperty.com/en/property/ต่อรองราคา-สามารถเข้าชมก่อนได้ค่ะ-for-sale-9985969,29000000.0,120833.33333333333,15.0
10035613,,Prawet,"Kanchanaphisek Road, Dok Mai, Prawet, Bangkok",13.696744709922807,100.70195127698436,2020.0,4.0,4.0,280.0,Partially Furnished,0,https://www.ddproperty.com/en/property/sell-casa-grand-ekkamai-ramintra-4br-4br-122-7sqw-for-sale-10035613,33900000.0,121071.42857142857,6.0
7995045,,Khlong Toei,"- Sukhumvit 21 Road, Khlong Toei, Bangkok",13.746369,100.562791,2018.0,8.0,8.0,2058.0,Fully Furnished,0,https://www.ddproperty.com/en/property/large-bangkok-house-sale-midst-asoke-10130-for-sale-7995045,250000000.0,121477.16229348883,8.0
8709478,,Kathu,"Hasip Pee Road, Patong, Kathu, Phuket",7.891229,98.308621,2022.0,1.0,1.0,41.0,unknown,0,https://www.ddproperty.com/en/property/1-bed-pool-villa-60-sqm-patong-bay-ocean-view-cottages-for-sale-8709478,4990000.0,121707.31707317074,4.0
10032871,,Bang Plee,"Lat Krabang Road, Rachathewa, Bang Plee, Samut Prakan",13.714717,100.7251718,2018.0,5.0,6.0,450.0,Partially Furnished,0,https://www.ddproperty.com/en/property/sale-of-a-detached-house-m-perfect-masterpiece-sukhumvit-77-luxury-house-for-sale-good-location-in-front-of-the-garden-for-sale-10032871,55000000.0,122222.22222222222,8.0
7602881,,Kathu,"- Vichitsongkram Road, Kathu, Kathu, Phuket",7.907531,98.35512,2014.0,4.0,4.0,212.00000000000003,Fully Furnished,0,https://www.ddproperty.com/en/property/beautiful-contemporary-pool-villa-close-to-the-bang-tao-beach-hhkt25157-for-sale-7602881,26000000.0,122641.50943396224,12.0
8629922,,Bang Lamung,"Sukhumvit Road, Poong, Bang Lamung, Chon Buri",12.936476877735188,100.9848973055098,2014.0,4.0,4.0,220.0,Fully Furnished,0,https://www.ddproperty.com/en/property/4-bedroom-villa-for-sale-at-the-vineyard-phase-3-u12771-for-sale-8629922,27000000.0,122727.27272727272,12.0
9730297,,Muang Samut Prakarn,"Bearing-Lasalle Road, Samrong Nua, Muang Samut Prakarn, Samut Prakan",13.653931680094509,100.62122399468156,2020.0,6.0,7.0,878.0,Unfurnished,0,https://www.ddproperty.com/en/property/hh-3070-house-for-sale-grand-bangkok-boulevard-sukhumvit-204-sq-m-878-sq-m-6-bedrooms-for-sale-9730297,108000000.0,123006.83371298405,6.0
9833504,,Muang Samut Prakarn,"Bearing-Lasalle Road, Samrong Nua, Muang Samut Prakarn, Samut Prakan",13.653931680094509,100.62122399468156,2020.0,6.0,8.0,706.0,Partially Furnished,0,https://www.ddproperty.com/en/property/luxury-house-for-sale-grand-bangkok-boulevard-sukhumvit-pst-eve364-for-sale-9833504,87000000.0,123229.46175637394,6.0
8296612,,Bang Khun Thian,"Rama II Rd., Tha Kham, Bang Khun Thian, Bangkok",13.615959,100.43711,2013.0,3.0,3.0,51.0,unknown,0,https://www.ddproperty.com/en/property/ขายด่วน-บ้านเดี่ยว-คาซ่า-เพรสโต้-พระราม2-casa-presto-rama2-สวยพร้อมอยู่-รหัสsh644-for-sale-8296612,6290000.0,123333.33333333333,13.0
8776455,,Huai Khwang,"99 Tienruammitr Road, Huai Khwang, Huai Khwang, Bangkok",13.767,100.582326,2020.0,4.0,4.0,380.0,Unfurnished,0,https://www.ddproperty.com/en/property/sale-parc-priva-4-bedrooms-id-40420-h-025-380-sqm-for-sale-8776455,47000000.0,123684.21052631579,6.0
7613770,,Watthana,"9 Soi Ekkamai 12, Ekkamai Road, Khlong Tan Nua, Watthana, Bangkok",13.730775,100.58681,2017.0,6.0,6.0,320.0,Fully Furnished,0,https://www.ddproperty.com/en/property/6-bedrooms-villa-with-sea-view-in-laem-sor-husm25187-for-sale-7613770,39950000.0,124843.75,9.0
9945360,,Bang Plee,"Bang Na - Trat Road, Bang Kaeo, Bang Plee, Samut Prakan",13.64371068482597,100.66343939384842,2018.0,4.0,5.0,345.0,Fully Furnished,0,https://www.ddproperty.com/en/property/vive-bangna-km-7-for-sale-near-mega-bangna-for-sale-9945360,43500000.0,126086.95652173914,8.0
8681138,,Bang Lamung,"Sukhumvit Road, Poong, Bang Lamung, Chon Buri",12.936476877735188,100.9848973055098,2014.0,3.0,3.0,220.0,Unfurnished,0,https://www.ddproperty.com/en/property/3-bedroom-villa-for-sale-at-the-vineyard-phase-3-u24391-for-sale-8681138,28000000.0,127272.72727272728,12.0
8936364,,Takua Thung,"88 North of Phuket Road, Natai Beach, Khok Kloi, Takua Thung, Phangnga",8.250270204214784,98.28217609325408,2019.0,2.0,2.0,250.0,Fully Furnished,0,https://www.ddproperty.com/en/property/2-bedroom-villa-for-sale-at-baba-beach-club-phuket-u467574-for-sale-8936364,32000000.0,128000.0,7.0
8969683,,Takua Thung,"88 North of Phuket Road, Natai Beach, Khok Kloi, Takua Thung, Phangnga",8.250270204214784,98.28217609325408,2019.0,2.0,2.0,250.0,Fully Furnished,0,https://www.ddproperty.com/en/property/2-bedroom-villa-for-sale-at-baba-beach-club-phuket-u467572-for-sale-8969683,32000000.0,128000.0,7.0
8899060,,Takua Thung,"88 North of Phuket Road, Natai Beach, Khok Kloi, Takua Thung, Phangnga",8.250270204214784,98.28217609325408,2019.0,2.0,2.0,250.0,Fully Furnished,0,https://www.ddproperty.com/en/property/2-bedroom-villa-for-sale-at-baba-beach-club-phuket-u467570-for-sale-8899060,32000000.0,128000.0,7.0
9868668,,Bang Lamung,"Toongklom - Talman 8 Road, Nong Pru, Bang Lamung, Chon Buri",12.893634,100.91315,2025.0,4.0,5.0,389.0,Fully Furnished,0,https://www.ddproperty.com/en/property/ด่วน-ขายบ้านหรู-the-prospect-villa-pattaya-modern-luxury-pool-villa-ความหรูหรา-บนโลเคชั่นที่ดีที่สุดในพัทยา-ราคาเพียง49-9-ล้านบาท-เท่านั้น-for-sale-9868668,49900000.0,128277.63496143959,1.0
10036525,,Watthana,"59 Soi Sukhumvit 67, Phra Kanong Nua, Watthana, Bangkok",13.719042340808077,100.59039878416463,2022.0,3.0,6.0,301.0,Partially Furnished,0,https://www.ddproperty.com/en/property/ขาย-บ้านเดี่ยวและบ้านแฝด-โครงการ-เมซอง-บลองช-สุขุมวิท-67-maison-blanche-sukhumvit-67-for-sale-10036525,39000000.0,129568.10631229237,4.0
8925409,,Takua Thung,"88 North of Phuket Road, Natai Beach, Khok Kloi, Takua Thung, Phangnga",8.250270204214784,98.28217609325408,2019.0,2.0,2.0,250.0,Fully Furnished,0,https://www.ddproperty.com/en/property/2-bedroom-villa-for-sale-at-baba-beach-club-phuket-u467576-for-sale-8925409,32500000.0,130000.0,7.0
8435346,,Sattahip,"Soi Na Jomtien 8, Sukhumvit Road, Na Chom Thian, Sattahip, Chon Buri",12.852168,100.906602,2000.0,3.0,4.0,400.0,Fully Furnished,0,https://www.ddproperty.com/en/property/3-bed-4-bath-in-na-jomtien-bang-saray-for-52-000-000-thb-pc8168-for-sale-8435346,52000000.0,130000.0,26.0
7602620,,Takua Thung,"88 North of Phuket Road, Natai Beach, Khok Kloi, Takua Thung, Phangnga",8.250270204214784,98.28217609325408,2019.0,2.0,2.0,230.0,Fully Furnished,0,https://www.ddproperty.com/en/property/pool-villa-for-sale-in-a-residence-on-beautiful-natai-beach-hhkt25592-for-sale-7602620,29900000.0,130000.0,7.0
2984453,,Bang Rak,"98 Narathiwatratchanakharin Road, Silom, Bang Rak, Bangkok",13.723153,100.529036,2008.0,8.0,9.0,2058.0,unknown,0,https://www.ddproperty.com/en/property/large-8-bedroom-house-for-sale-on-contemporary-estate-which-consists-of-two-houses-on-a-beautiful-landscaped-lot-of-261-square-wah-in-one-of-central-bangkok-s-best-areas-for-sale-2984453,268000000.0,130223.51797862002,18.0
9982374,,Muang Samut Prakarn,"Bearing-Lasalle Road, Samrong Nua, Muang Samut Prakarn, Samut Prakan",13.653931680094509,100.62122399468156,2020.0,4.0,5.0,664.0,unknown,0,https://www.ddproperty.com/en/property/6502-954-house-for-sale-lasalle-bearing-grand-bangkok-boulevard-sukhumvit-4-bedroom-empty-house-for-sale-9982374,86500000.0,130271.0843373494,6.0
9735432,,Muang Samut Prakarn,"Bearing-Lasalle Road, Samrong Nua, Muang Samut Prakarn, Samut Prakan",13.653931680094509,100.62122399468156,2020.0,6.0,7.0,706.0,Fully Furnished,0,https://www.ddproperty.com/en/property/hh-3074-grand-bangkok-boulevard-sukhumvit-206-sq-m-706-sq-m-6-bedrooms-for-sale-9735432,92000000.0,130311.61473087818,6.0
9855851,,Watthana,"59 Soi Sukhumvit 67, Phra Kanong Nua, Watthana, Bangkok",13.719042340808077,100.59039878416463,2022.0,4.0,6.0,268.0,Partially Furnished,0,https://www.ddproperty.com/en/property/for-sale-luxury-twin-house-maison-blanche-sukhumvit-67-bts-phra-khanong-for-sale-9855851,35000000.0,130597.01492537314,4.0
10014650,,Yan Nawa,"88 Soi Mekawat, Chong Nonsi, Yan Nawa, Bangkok",13.715457,100.550765,2010.0,4.0,5.0,420.0,unknown,0,https://www.ddproperty.com/en/property/4-bedrooms-house-for-rent-and-sale-in-sathorn-bangkok-near-mrt-khlong-toei-mrt-lumphini-at-the-trees-sathorn-13001747-for-sale-10014650,55000000.0,130952.38095238095,16.0
10025112,,Yan Nawa,"88 Soi Mekawat, Chong Nonsi, Yan Nawa, Bangkok",13.715457,100.550765,2010.0,4.0,6.0,420.0,Partially Furnished,0,https://www.ddproperty.com/en/property/4-bedrooms-house-for-rent-and-sale-in-sathorn-bangkok-near-mrt-khlong-toei-mrt-lumphini-at-the-trees-sathorn-13001747-for-sale-10025112,55000000.0,130952.38095238095,16.0
9994397,,Yan Nawa,"88 Soi Mekawat, Chong Nonsi, Yan Nawa, Bangkok",13.715457,100.550765,2010.0,4.0,6.0,420.0,Partially Furnished,0,https://www.ddproperty.com/en/property/4-bedrooms-house-for-rent-and-sale-in-sathorn-bangkok-near-mrt-khlong-toei-mrt-lumphini-at-the-trees-sathorn-13001747-for-sale-9994397,55000000.0,130952.38095238095,16.0
7613847,,Ban Na Doem,"Ban Na, Ban Na Doem, Surat Thani",13.761653,100.331738,2014.0,3.0,4.0,350.0,Fully Furnished,0,https://www.ddproperty.com/en/property/luxury-beachfront-villas-in-bang-por-husm24526-for-sale-7613847,46000000.0,131428.57142857142,12.0
10010403,,Bang Kruai,"Bang Kruai-Krungnon Road, Mahasawat, Bang Kruai, Nonthaburi",13.807610192660515,100.43415749186312,2016.0,1.0,1.0,30.0,unknown,0,https://www.ddproperty.com/en/property/yog-pres0725-ขายห้อง-คอนโด-ไลฟ์-ปิ่นเกล้า-life-pinklao-for-sale-10010403,3950000.0,131666.66666666666,10.0
8819805,,Lat Krabang,"Rural Development 3 Road, Khlong Song Ton Nun, Lat Krabang, Bangkok",13.74055108275129,100.71621767753454,2019.0,4.0,3.0,52.0,Partially Furnished,0,https://www.ddproperty.com/en/property/s1931-ขายบ้านเดี่ยว-โครงการ-centro-พระราม9-มอเตอเวย์-บ้านเดี่ยว-2-ชั้น-4ห้องนอน-3ห้องน้ำ-for-sale-8819805,6850000.0,131730.76923076922,7.0
8819806,,Lat Krabang,"Rural Development 3 Road, Khlong Song Ton Nun, Lat Krabang, Bangkok",13.74055108275129,100.71621767753454,2019.0,4.0,3.0,52.0,Partially Furnished,0,https://www.ddproperty.com/en/property/s1931-ขายบ้านเดี่ยว-โครงการ-centro-พระราม9-มอเตอเวย์-บ้านเดี่ยว-2-ชั้น-4ห้องนอน-3ห้องน้ำ-for-sale-8819806,6850000.0,131730.76923076922,7.0
8898193,,Takua Thung,"88 North of Phuket Road, Natai Beach, Khok Kloi, Takua Thung, Phangnga",8.250270204214784,98.28217609325408,2019.0,2.0,2.0,250.0,Fully Furnished,0,https://www.ddproperty.com/en/property/2-bedroom-villa-for-sale-at-baba-beach-club-phuket-u467578-for-sale-8898193,33000000.0,132000.0,7.0
10002533,,Thalang,"123/20 Moo 5, Choeng Thale, Thalang, Phuket",7.982081248201706,98.30088115778818,2021.0,4.0,4.0,219.0,Unfurnished,0,https://www.ddproperty.com/en/property/4-bedrooms-pool-villa-for-sale-close-bangtao-beach-hhkt28347-for-sale-10002533,28950000.0,132191.7808219178,5.0
8454665,,Yan Nawa,"Rama III Rd., Bang Pong Pang, Yan Nawa, Bangkok",13.67552,100.539445,2020.0,4.0,5.0,450.0,Fully Furnished,0,https://www.ddproperty.com/en/property/for-sale-rent-bann-365-rama-3-4-beds-5baths-sale-60mb-rent-140k-for-sale-8454665,60000000.0,133333.33333333334,6.0
8709479,,Kathu,"Hasip Pee Road, Patong, Kathu, Phuket",7.891229,98.308621,2022.0,1.0,1.0,41.0,unknown,0,https://www.ddproperty.com/en/property/1-bed-pool-villa-70-sqm-patong-bay-ocean-view-cottages-for-sale-8709479,5490000.0,133902.43902439025,4.0
10031985,,Sattahip,"Soi Na Jomtien 8, Sukhumvit Road, Na Chom Thian, Sattahip, Chon Buri",12.852168,100.906602,2000.0,3.0,4.0,410.0,unknown,0,https://www.ddproperty.com/en/property/3-bedroom-house-for-sale-at-luxury-pool-villa-for-sale-in-jomtien-yacth-club-3-u1060026-for-sale-10031985,55000000.0,134146.34146341463,26.0
8092786,,Watthana,"333 Soi Sukhumvit 31, Khlong Tan Nua, Watthana, Bangkok",13.745283,100.568901,2017.0,4.0,4.0,480.0,Fully Furnished,0,https://www.ddproperty.com/en/property/luxury-townhouse-sale-sukhumvit-31-3-story-4-bedroom-43378-for-sale-8092786,64500000.0,134375.0,9.0
8667415,,Bang Plee,"68 Bangna-Trad Road, Bang Kaeo, Bang Plee, Samut Prakan",13.642063,100.666464,2018.0,4.0,4.0,236.0,unknown,0,https://www.ddproperty.com/en/property/manthana-bang-na-km-7-for-sale-rent-listing-no-yt01-495-for-sale-8667415,32000000.0,135593.22033898305,8.0
9188745,,Krathum Baen,"Puttha Sakhon Road, Suan Luang, Krathum Baen, Samut Sakhon",13.677176,100.318279,2018.0,2.0,3.0,21.0,unknown,0,https://www.ddproperty.com/en/property/ด่วนถูกสุดในโครงการ-บ้านวิลลาจิโอ-เพชรเกษม-สาย4-สวยพร้อมอยู่-รหัสsh935-for-sale-9188745,2850000.0,135714.2857142857,8.0
9785791,,Suan Luang,"Pattanakarn Road, Suan Luang, Suan Luang, Bangkok",13.72945590775848,100.62227109469325,2023.0,4.0,5.0,440.0,unknown,0,https://www.ddproperty.com/en/property/ขาย-วิลล่าหรู-3-ชั้น-สไตล์-โมเดิร์น-the-gentry-pattanakarn-for-sale-9785791,60000000.0,136363.63636363635,3.0
8791882,,Bang Plee,"Bang Na - Trat Road, Bang Kaeo, Bang Plee, Samut Prakan",13.64371068482597,100.66343939384842,2018.0,4.0,5.0,400.0,Unfurnished,0,https://www.ddproperty.com/en/property/for-sale-ขาย-บ้านเดี่ยวสุดหรู-หลังมุมม-vive-บางนา-กม-7-pst-ann230-for-sale-8791882,55000000.0,137500.0,8.0
9407449,,Bang Bo,"Bang Na-Trat Frontage Road, Bang Bo, Bang Bo, Samut Prakan",13.638493,100.852305,2019.0,2.0,3.0,21.0,unknown,0,https://www.ddproperty.com/en/property/ขายด่วน-บ้านวิลลาจจิโอ-บางนา-เนื้อที่-18-ตารางวา-รหัสsh1029-for-sale-9407449,2900000.0,138095.2380952381,7.0
8776239,,Pathum Wan,"หลังสวน ถนนเพลินจิต, Lumphini, Pathum Wan, Bangkok",13.7439265,100.543847,2012.0,3.0,4.0,460.0,unknown,0,https://www.ddproperty.com/en/property/sale-single-house-wireless-langsuan-3-bedrooms-id-137808-property-h-042-460-sqm-for-sale-8776239,65000000.0,141304.34782608695,14.0
8302299,,Suan Luang,"Phatthanakan Road, Suan Luang, Suan Luang, Bangkok",13.728173,100.62352,2018.0,4.0,5.0,548.0,Fully Furnished,0,https://www.ddproperty.com/en/property/บ้านแสนสิริพัฒนาการ-บ้านเดี่ยวสุดหรูจากแสนสิริ-ขาย-4-ห้องนอนแต่งครบ-พร้อมอยู่-for-sale-8302299,78000000.0,142335.76642335765,8.0
9626030,,Takua Thung,"88 North of Phuket Road, Natai Beach, Khok Kloi, Takua Thung, Phangnga",8.250270204214784,98.28217609325408,2019.0,5.0,5.0,1053.0,Fully Furnished,0,https://www.ddproperty.com/en/property/5-bedroom-villa-for-sale-at-baba-beach-club-phuket-u1035598-for-sale-9626030,150000000.0,142450.14245014245,7.0
9397531,,Watthana,"Soi Sukhumvit 55, Khlong Tan Nua, Watthana, Bangkok",13.733648,100.582648,2003.0,4.0,4.0,350.0,Fully Furnished,0,https://www.ddproperty.com/en/property/4-bedroom-townhouse-for-sale-baan-klangkrung-thonglor-hs-00136-for-sale-9397531,49900000.0,142571.42857142858,23.0
10062668,,Phra Khanong,"Sukhumvit Road 79, Bang Chak, Phra Khanong, Bangkok",13.707744839493094,100.602789715344,2009.0,4.0,4.0,350.0,Fully Furnished,0,https://www.ddproperty.com/en/property/house-for-sale-sukhumvit-garden-city-village-soi-sukhumvit-79-for-sale-10062668,50000000.0,142857.14285714287,17.0
8781288,,Watthana,"99 Sukhumvit Road, Phra Kanong Nua, Watthana, Bangkok",13.707789369658146,100.60203394973756,2007.0,4.0,4.0,350.0,unknown,0,https://www.ddproperty.com/en/property/sale-sukhumvit-garden-city-4-bedrooms-id-141824-h-163-350-sqm-for-sale-8781288,50000000.0,142857.14285714287,19.0
9626571,,Huai Khwang,"Thiam Ruammit Road, Huai Khwang, Huai Khwang, Bangkok",13.76750188518852,100.58379649738526,2016.0,4.0,4.0,380.0,unknown,0,https://www.ddproperty.com/en/property/t-ขายบ้านเดี่ยว-parc-priva-หรูหรามีระดับ-3ชั้นทำเลดี-4นอน4น้ำ-thipp5-for-sale-9626571,55000000.0,144736.84210526315,10.0
10080786,,Huai Khwang,"Thiam Ruammit Road, Huai Khwang, Huai Khwang, Bangkok",13.76750188518852,100.58379649738526,2016.0,4.0,2.0,400.0,Fully Furnished,0,https://www.ddproperty.com/en/property/great-luxurious-home-parc-priva-10080786ahl4-for-sale-10080786,58500000.0,146250.0,10.0
9237116,,Huai Khwang,"Thiam Ruammit Road, Huai Khwang, Huai Khwang, Bangkok",13.76750188518852,100.58379649738526,2016.0,5.0,5.0,460.0,Fully Furnished,0,https://www.ddproperty.com/en/property/for-sale-price-69-000-000-parc-priva-5-beds-5-baths-3-story-460-sq-m-for-sale-9237116,69000000.0,150000.0,10.0
10036782,,Huai Khwang,"Thiam Ruammit Road, Huai Khwang, Huai Khwang, Bangkok",13.76750188518852,100.58379649738526,2016.0,5.0,5.0,462.0,unknown,0,https://www.ddproperty.com/en/property/พาร์ค-พรีว่า-บ้านเดี่ยวตกแต่งสไตล์โมเดิร์น-แบบ-5-ห้องนอน-อยู่อาศัยสบายๆ-สุดคุ้ม-sh190227-for-sale-10036782,69900000.0,151298.7012987013,10.0
7613755,,Watthana,"9 Soi Ekkamai 12, Ekkamai Road, Khlong Tan Nua, Watthana, Bangkok",13.730775,100.58681,2017.0,3.0,3.0,350.0,Fully Furnished,0,https://www.ddproperty.com/en/property/3-bedrooms-beachfront-villa-in-bang-por-husm25377-for-sale-7613755,53000000.0,151428.57142857142,9.0
8781255,,Watthana,"Sukhumvit 71 Road, Khlong Tan Nua, Watthana, Bangkok",13.729503,100.596546,2021.0,9.0,9.0,1764.0,Fully Furnished,0,https://www.ddproperty.com/en/property/sale-super-luxury-house-with-private-pool-in-sukhumvit-rd-9-bedrooms-id-60893-h-024-1764-sqm-for-sale-8781255,270000000.0,153061.22448979592,5.0
10081313,,Saphan Sung,"Kanchanaphisek Road, Saphan Sung, Saphan Sung, Bangkok",13.757965316772973,100.7028652883606,2020.0,3.0,3.0,50.3,Fully Furnished,0,https://www.ddproperty.com/en/property/ขาย-บ้านเดี่ยว-เวนิว-พระราม-9-เฟอร์นิเจอร์ครบจัดเต็ม-for-sale-10081313,7750000.0,154075.5467196819,6.0
9982269,,Bang Plee,"Bang Na - Trat Road, Bang Kaeo, Bang Plee, Samut Prakan",13.64371068482597,100.66343939384842,2018.0,4.0,5.0,354.0,Partially Furnished,0,https://www.ddproperty.com/en/property/vive-bangna-single-house-for-sale-9982269,55000000.0,155367.23163841807,8.0
8664381,,Bang Plee,"Bang Na - Trat Road, Bang Kaeo, Bang Plee, Samut Prakan",13.64371068482597,100.66343939384842,2018.0,4.0,5.0,354.0,unknown,0,https://www.ddproperty.com/en/property/for-sale-vive-bangna-super-luxury-detached-house-modern-minimal-style-near-mega-bangna-listing-no-yt01-800-for-sale-8664381,55000000.0,155367.23163841807,8.0
8776441,,Huai Khwang,"99 Tienruammitr Road, Huai Khwang, Huai Khwang, Bangkok",13.767,100.582326,2020.0,5.0,5.0,462.0,Unfurnished,0,https://www.ddproperty.com/en/property/sale-parc-priva-5-bedrooms-id-40465-h-026-462-sqm-for-sale-8776441,72000000.0,155844.15584415584,6.0
8886688,,Huai Khwang,"- Soi Ratchadapisek 10 intersection 7 Ratchadapisek Road, Huai Khwang, Huai Khwang, Bangkok",13.771014,100.573858,2013.0,4.0,4.0,380.0,unknown,0,https://www.ddproperty.com/en/property/sale-house-near-the-street-ratchada-mall-high-end-4-bedroom-house-near-rama-9-bangkok-4-bedrooms-id-156692-h-104-380-sqm-for-sale-8886688,59400000.0,156315.7894736842,13.0
9592397,,Kathu,"10/33 Kamala, Kammala, Kathu, Phuket",7.939621,98.292125,2012.0,4.0,4.0,380.0,Fully Furnished,0,https://www.ddproperty.com/en/property/roomy-4-br-house-at-royal-kamala-phuket-id-474925-for-sale-9592397,60000000.0,157894.73684210525,14.0
8709482,,Kathu,"Hasip Pee Road, Patong, Kathu, Phuket",7.891229,98.308621,2022.0,1.0,1.0,41.0,unknown,0,https://www.ddproperty.com/en/property/sea-view-pool-villa-70-sqm-patong-bay-ocean-view-cottages-for-sale-8709482,6490000.0,158292.68292682926,4.0
8829650,,Bang Plee,"Bang Na - Trat Road, Bang Kaeo, Bang Plee, Samut Prakan",13.64371068482597,100.66343939384842,2018.0,4.0,5.0,345.0,Unfurnished,0,https://www.ddproperty.com/en/property/4-bedroom-detached-house-for-sale-corner-unit-garden-view-0619792391-for-sale-8829650,54900000.0,159130.4347826087,8.0
9708473,,Prawet,"New Pattanakarn Road, Prawet, Prawet, Bangkok",13.710845,100.669081,2018.0,3.0,3.0,40.0,unknown,0,https://www.ddproperty.com/en/property/r063-020-ขายบ้านเดี่ยว-บุราสิริ-ปัญญารามอินทรา-ติดต่อ-คุณตุ้ม-095-4519497-โครงการ-บุราสิริ-ปัญญารามอินทรา-ถนนเลียบคลองสอง-และติดถนนเลียบคลองสามวา-for-sale-9708473,6400000.0,160000.0,8.0
8924760,,Watthana,"333 Soi Sukhumvit 31, Khlong Tan Nua, Watthana, Bangkok",13.745283,100.568901,2017.0,4.0,4.0,425.0,Fully Furnished,0,https://www.ddproperty.com/en/property/4-bedroom-villa-for-sale-at-quarter-31-u647572-for-sale-8924760,70000000.0,164705.88235294117,9.0
8776456,,Watthana,"Soi Sukhumvit 55, Khlong Tan Nua, Watthana, Bangkok",13.733648,100.582648,2003.0,4.0,3.0,485.0,Fully Furnished,0,https://www.ddproperty.com/en/property/sale-quarter-thonglor-4-bedrooms-id-60659-h-096-485-sqm-for-sale-8776456,80000000.0,164948.45360824742,23.0
9837984,,Khan Na Yao,"Ramintra Road, Khan Na Yao, Khan Na Yao, Bangkok",13.813243,100.692297,2016.0,4.0,4.0,100.0,unknown,0,https://www.ddproperty.com/en/property/ae65018-house-for-sale-life-bangkok-boulevard-ramintra-area-65-sqw-4be-for-sale-9837984,16500000.0,165000.0,10.0
7602622,,Takua Thung,"88 North of Phuket Road, Natai Beach, Khok Kloi, Takua Thung, Phangnga",8.250270204214784,98.28217609325408,2019.0,5.0,5.0,1000.0,Fully Furnished,0,https://www.ddproperty.com/en/property/stunning-5-bedroom-beachfront-villa-hhkt25588-for-sale-7602622,165000000.0,165000.0,7.0
7641037,,Sam Phran,"Phutthamonthon Sai 4 Road, Krathum Lom, Sam Phran, Nakhon Pathom",13.719401671648072,100.32997567493815,2019.0,9.0,9.0,183.0,unknown,0,https://www.ddproperty.com/en/property/punnawithi-2-storey-detached-house-for-sale-sukhumvit-64-92-sq-wa-sizing-quiet-location-for-sale-7641037,30360000.0,165901.6393442623,7.0
10052220,,Lak Si,"Soi Khun Wiwian, Chaeng Watthana Road, Thung Song Hong, Lak Si, Bangkok",13.891793434730852,100.5605982797623,2022.0,5.0,5.0,1000.0,Partially Furnished,0,https://www.ddproperty.com/en/property/ขายที่ดิน-3-ไร่กว่า-แถมบ้าน-3-หลังใกล้-bts-แจ้งวัฒนะ-ทำเลดี-ขายราคาถูก-for-sale-10052220,168000000.0,168000.0,4.0
8260567,,Suan Luang,"Phatthanakan Road, Suan Luang, Suan Luang, Bangkok",13.728173,100.62352,2018.0,4.0,5.0,548.0,unknown,0,https://www.ddproperty.com/en/property/baan-sansiri-pattanakarn-super-luxury-sps-gh289-for-sale-8260567,93000000.0,169708.0291970803,8.0
8776149,,Muang Nonthaburi,"ประชาชื่น ประชาชื่น, Bang Khen, Muang Nonthaburi, Nonthaburi",13.865726,100.546915,2012.0,3.0,5.0,100.0,Unfurnished,0,https://www.ddproperty.com/en/property/sale-baan-passorn-3-bedrooms-house-in-laksi-bangkok-3-bedrooms-id-39522-h-007-100-sqm-for-sale-8776149,17000000.0,170000.0,14.0
10017124,,Yan Nawa,"Rama III Rd., Bang Pong Pang, Yan Nawa, Bangkok",13.67552,100.539445,2020.0,4.0,5.0,380.0,unknown,0,https://www.ddproperty.com/en/property/บ้าน-365-พระราม-3-บ้านเดี่ยวระดับ-luxury-3-ชั้น-4-ห้องนอน-ทำเลเลิศ-sh190393-for-sale-10017124,65000000.0,171052.63157894736,6.0
8820090,,Suan Luang,"Phatthanakan Road, Suan Luang, Suan Luang, Bangkok",13.728173,100.62352,2018.0,4.0,5.0,456.0,Fully Furnished,0,https://www.ddproperty.com/en/property/tel-089-9955695-luxury-single-house-srinakarin-area-near-sky-train-yellow-line-phattanakarn-station-for-sale-8820090,78000000.0,171052.63157894736,8.0
9770008,,Watthana,"Sukhumvit, Phra Kanong Nua, Watthana, Bangkok",13.718132,100.590274,2015.0,4.0,5.0,394.0,Fully Furnished,0,https://www.ddproperty.com/en/property/sale-baan-sansiri-sukhumvit-67-4-bedroom-house-with-swimming-pool-in-sukhumvit-bangkok-4-bedrooms-id-164062-h-190-394-sqm-for-sale-9770008,68000000.0,172588.83248730964,11.0
9820688,,Muang Samut Sakhon,"Rama 2 Road, Bang Nam Chut, Muang Samut Sakhon, Samut Sakhon",13.598819,100.367149,2018.0,4.0,6.0,500.0,Partially Furnished,0,https://www.ddproperty.com/en/property/ขายบ้านเดี่ยว-เดอะแกรนด์-พระราม-2-the-grand-rama2-for-sale-9820688,87000000.0,174000.0,8.0
9287692,,Suan Luang,"Phatthanakan Road, Suan Luang, Suan Luang, Bangkok",13.728173,100.62352,2018.0,4.0,5.0,459.0,Fully Furnished,0,https://www.ddproperty.com/en/property/hc0017-baan-sansiri-pattanakarn-4-bedrooms-5-bathrooms-usable-area-459-sqm-best-location-on-pattanakarn-road-for-sale-9287692,81000000.0,176470.58823529413,8.0
9769999,,Bang Plee,"90/239 Burapha Withi Expressway, Bang Kaeo, Bang Plee, Samut Prakan",13.662584345283946,100.65432505310324,2013.0,4.0,5.0,385.0,Fully Furnished,0,https://www.ddproperty.com/en/property/sale-lakeside-villa-1-4-bedroom-house-in-bang-na-for-sale-large-garden-and-pool-4-bedrooms-id-162978-h-179-385-sqm-for-sale-9769999,68000000.0,176623.37662337662,13.0
10025090,,Watthana,"32 Soi Sukhumvit 67, Phra Kanong Nua, Watthana, Bangkok",13.718974,100.590972,2005.0,4.0,5.0,394.0,Partially Furnished,0,https://www.ddproperty.com/en/property/4-bedrooms-house-for-rent-and-sale-in-sukhumvit-bangkok-near-bts-phra-khanong-at-baan-sansiri-sukhumvit-67-13001630-for-sale-10025090,70000000.0,177664.97461928934,21.0
8608514,,Bang Kho Laem,"64 Charoen Krung Road, Wat Prayakrai, Bang Kho Laem, Bangkok",13.712088,100.510114,2021.0,4.0,5.0,755.0,Fully Furnished,0,https://www.ddproperty.com/en/property/4-bedroom-villa-for-sale-at-the-residences-at-the-four-seasons-u153702-for-sale-8608514,135000000.0,178807.94701986754,5.0
8776450,,Watthana,"Sukhumvit, Phra Kanong Nua, Watthana, Bangkok",13.718132,100.590274,2015.0,5.0,6.0,437.0,Fully Furnished,0,https://www.ddproperty.com/en/property/sale-baan-sansiri-67-5-bedrooms-id-60654-h-100-437-sqm-for-sale-8776450,78500000.0,179633.86727688788,11.0
9715349,,Prawet,"55 Soi Srinakarin, Srinakarin Road, Nong Bon, Prawet, Bangkok",13.692052,100.653481,2021.0,3.0,3.0,100.0,unknown,0,https://www.ddproperty.com/en/property/r045-016-ขายบ้านเดี่ยว-2-ชั้น-18-000-000-ที่ตั้ง-หมู่บ้าน-the-palazzo-เดอะ-พาลาซโซ่-ถ-กัลปพฤกษ์-เขตจอมทอง-กรุงเทพมหานคร-for-sale-9715349,18000000.0,180000.0,5.0
8113413,,Suan Luang,"Phatthanakan Road, Suan Luang, Suan Luang, Bangkok",13.728173,100.62352,2018.0,5.0,6.0,900.0,Partially Furnished,0,https://www.ddproperty.com/en/property/ขายบ้านแสนสิริพัฒนาการ-แปลงใหญ่พร้อมสระว่ายน้ำส่วนตัวหลังสุดท้าย-for-sale-8113413,165000000.0,183333.33333333334,8.0
10052327,,Prawet,"Onnut Road, Prawet, Prawet, Bangkok",13.722290838190045,100.70575915308709,2012.0,4.0,5.0,435.00000000000006,Fully Furnished,0,https://www.ddproperty.com/en/property/r2748-ขายบ้านนันทวัน-กรุงเทพกรีฑา-like-new-for-sale-10052327,80000000.0,183908.04597701147,14.0
9835801,,Phasi Charoen,"Soi Mooban Nanthawan, Bang Waek, Phasi Charoen, Bangkok",13.732161441743862,100.4478087679379,2006.0,3.0,3.0,66.0,unknown,0,https://www.ddproperty.com/en/property/yog-aas134-ขายบ้านเดี่ยว-นันทวัน-สาทร-ราชพฤกษ์-68-ตรว-12-3-ลบ-for-sale-9835801,12300000.0,186363.63636363635,20.0
9522061,,Kathu,"Soi Verakij, Patong, Kathu, Phuket",7.879898,98.297687,2021.0,8.0,9.0,750.0,Fully Furnished,0,https://www.ddproperty.com/en/property/920491004-61-impressive-thai-bali-style-8-bedroom-sea-view-for-sale-9522061,140000000.0,186666.66666666666,5.0
7570071,,Sam Phran,"Phutthamonthon Sai 4 Road, Krathum Lom, Sam Phran, Nakhon Pathom",13.719401671648072,100.32997567493815,2019.0,3.0,3.0,21.0,unknown,0,https://www.ddproperty.com/en/property/ขายบ้านเดี่ยว-แสนสิริ-หลังมุม-53-ตารางวา-3-นอน-3-น้ำโครงการฮาบิเทีย-ราชพฤกษ์-สาย-345-ใกล้คลับเฮ้าส์-for-sale-7570071,3950000.0,188095.2380952381,7.0
8797791,,Suan Luang,"Phatthanakan Road, Suan Luang, Suan Luang, Bangkok",13.728173,100.62352,2018.0,4.0,5.0,459.0,unknown,0,https://www.ddproperty.com/en/property/house-for-sale-baan-sansiri-pattanakarn-listing-no-yt01-851-for-sale-8797791,87000000.0,189542.48366013073,8.0
7602806,,Yan Nawa,"Ratchadaphisek Road, Chong Nonsi, Yan Nawa, Bangkok",13.699507,100.54023,2021.0,3.0,3.0,100.0,Fully Furnished,0,https://www.ddproperty.com/en/property/contemporary-sea-view-villa-in-kata-hhkt25447-for-sale-7602806,19000000.0,190000.0,5.0
9826376,,Yan Nawa,"Rama III Rd., Bang Pong Pang, Yan Nawa, Bangkok",13.67552,100.539445,2020.0,4.0,5.0,340.0,unknown,0,https://www.ddproperty.com/en/property/luxury-detached-house-baan-365-rama3-บ้านเดี่ยวลักซูรี่-บ้าน365-พระราม3-sps-gh1460-for-sale-9826376,65000000.0,191176.4705882353,6.0
9828267,,Yan Nawa,"Rama III Rd., Bang Pong Pang, Yan Nawa, Bangkok",13.67552,100.539445,2020.0,4.0,4.0,340.0,Fully Furnished,0,https://www.ddproperty.com/en/property/r2515-for-sale-บ้านเดี่ยว-4-ห้องนอน-65-million-baht-from-69-mil-for-sale-9828267,65000000.0,191176.4705882353,6.0
9943731,,Yan Nawa,"Rama III Rd., Bang Pong Pang, Yan Nawa, Bangkok",13.67552,100.539445,2020.0,4.0,5.0,340.0,Fully Furnished,0,https://www.ddproperty.com/en/property/baan-365-rama-3-for-sale-beautiful-decorated-house-fully-furnished-ready-to-move-in-for-sale-9943731,65000000.0,191176.4705882353,6.0
9830157,,Yan Nawa,"Rama III Rd., Bang Pong Pang, Yan Nawa, Bangkok",13.67552,100.539445,2020.0,4.0,5.0,340.0,Fully Furnished,0,https://www.ddproperty.com/en/property/for-sale-ขายบ้านเดี่ยว-บ้าน-365-พระราม3-pst-ann352-for-sale-9830157,65000000.0,191176.4705882353,6.0
10014275,,Yan Nawa,"Rama III Rd., Bang Pong Pang, Yan Nawa, Bangkok",13.67552,100.539445,2020.0,4.0,5.0,340.0,Fully Furnished,0,https://www.ddproperty.com/en/property/great-luxurious-home-baan-365-rama-iii-prop001135ahl3-for-sale-10014275,65000000.0,191176.4705882353,6.0
9956901,,Bang Rak,"Sathorn, Silom, Bang Rak, Bangkok",13.720017,100.521281,2014.0,4.0,5.0,340.0,unknown,0,https://www.ddproperty.com/en/property/contemporary-4-br-house-at-sathorn-house-condominium-near-bts-surasak-id-702703-for-sale-9956901,65000000.0,191176.4705882353,12.0
9830508,,Yan Nawa,"Rama III Rd., Bang Pong Pang, Yan Nawa, Bangkok",13.67552,100.539445,2020.0,4.0,4.0,340.0,Fully Furnished,0,https://www.ddproperty.com/en/property/ขาย-บ้านเดี่ยว-baan-365-พระราม-3-บ้านเดี่ยว-4-ห้องนอน-type-garden-villa-พร้อมเข้าอยู่-for-sale-9830508,65000000.0,191176.4705882353,6.0
9830517,,Yan Nawa,"Rama III Rd., Bang Pong Pang, Yan Nawa, Bangkok",13.67552,100.539445,2020.0,4.0,4.0,340.0,Fully Furnished,0,https://www.ddproperty.com/en/property/ขาย-บ้านเดี่ยว-baan-365-พระราม-3-บ้านเดี่ยว-4-ห้องนอน-type-garden-villa-พร้อมเข้าอยู่-for-sale-9830517,65000000.0,191176.4705882353,6.0
10014918,,Yan Nawa,"Rama III Rd., Bang Pong Pang, Yan Nawa, Bangkok",13.67552,100.539445,2020.0,4.0,3.0,340.0,Partially Furnished,0,https://www.ddproperty.com/en/property/4-bedrooms-house-for-rent-and-sale-in-rama-3-bangkok-near-brt-wat-darn-at-baan-365-rama-3-aa25856-for-sale-10014918,65000000.0,191176.4705882353,6.0
7613714,,Watthana,"9 Soi Ekkamai 12, Ekkamai Road, Khlong Tan Nua, Watthana, Bangkok",13.730775,100.58681,2017.0,4.0,4.0,799.9999999999999,Fully Furnished,0,https://www.ddproperty.com/en/property/gorgeous-villa-overlooking-naithon-bay-hhkt25337-for-sale-7613714,154000000.0,192500.00000000003,9.0
9287625,,Suan Luang,"Phatthanakan Road, Suan Luang, Suan Luang, Bangkok",13.728173,100.62352,2018.0,4.0,5.0,459.0,unknown,0,https://www.ddproperty.com/en/property/for-sale-4-bedroom-baan-sansiri-pattanakarn-sell-with-tenant-for-sale-9287625,89000000.0,193899.78213507624,8.0
3647015,,Sattahip,"Soi Na Jomtien 8, Sukhumvit Road, Na Chom Thian, Sattahip, Chon Buri",12.852168,100.906602,2000.0,4.0,5.0,400.0,Fully Furnished,0,https://www.ddproperty.com/en/property/4-2-bed-5-bath-in-jomtien-pc1878-for-sale-3647015,79000000.0,197500.0,26.0
8342538,,Watthana,"32 Soi Sukhumvit 67, Phra Kanong Nua, Watthana, Bangkok",13.718974,100.590972,2005.0,4.0,5.0,400.0,Fully Furnished,0,https://www.ddproperty.com/en/property/ฺbaan-sansiri-sukhumvit-67-house-for-sales-rent-penthouse-on-the-ground-for-sale-8342538,79000000.0,197500.0,21.0
8745659,,Watthana,"- Sukhumvit 61 Road, Khlong Tan Nua, Watthana, Bangkok",13.722653,100.583041,2013.0,5.0,6.0,500.0,Fully Furnished,0,https://www.ddproperty.com/en/property/sale-ขายบ้านหรู-3-ชั้น-ย่านเอกมัย-ทองหล่อ-ซ-สุขุมวิท-61-ใกล้-bt-nm-for-sale-8745659,99000000.0,198000.0,13.0
8680344,,Bang Kho Laem,"64 Charoen Krung Road, Wat Prayakrai, Bang Kho Laem, Bangkok",13.712088,100.510114,2021.0,4.0,5.0,755.0,Fully Furnished,0,https://www.ddproperty.com/en/property/4-bedroom-villa-for-sale-at-the-residences-at-the-four-seasons-u153701-for-sale-8680344,150000000.0,198675.49668874172,5.0
8776445,,Watthana,"Sukhumvit, Phra Kanong Nua, Watthana, Bangkok",13.718132,100.590274,2015.0,5.0,6.0,490.0,Fully Furnished,0,https://www.ddproperty.com/en/property/sale-baan-sansiri-67-5-bedrooms-id-60649-h-101-490-sqm-for-sale-8776445,98000000.0,200000.0,11.0
8692313,,Kathu,"Hasip Pee Road, Patong, Kathu, Phuket",7.891229,98.308621,2022.0,1.0,1.0,29.0,Fully Furnished,0,https://www.ddproperty.com/en/property/1-bedroom-house-for-sale-at-patong-bay-ocean-view-cottages-u170145-for-sale-8692313,5900000.0,203448.27586206896,4.0
8692157,,Kathu,"Hasip Pee Road, Patong, Kathu, Phuket",7.891229,98.308621,2022.0,1.0,1.0,29.0,Fully Furnished,0,https://www.ddproperty.com/en/property/1-bedroom-house-for-sale-at-patong-bay-ocean-view-cottages-u170146-for-sale-8692157,5900000.0,203448.27586206896,4.0
8937732,,Kathu,"Hasip Pee Road, Patong, Kathu, Phuket",7.891229,98.308621,2022.0,1.0,1.0,29.0,Fully Furnished,0,https://www.ddproperty.com/en/property/1-bedroom-house-for-sale-at-patong-bay-ocean-view-cottages-u170154-for-sale-8937732,5900000.0,203448.27586206896,4.0
8898761,,Kathu,"Hasip Pee Road, Patong, Kathu, Phuket",7.891229,98.308621,2022.0,1.0,1.0,29.0,Fully Furnished,0,https://www.ddproperty.com/en/property/1-bedroom-house-for-sale-at-patong-bay-ocean-view-cottages-u170153-for-sale-8898761,5900000.0,203448.27586206896,4.0
8322829,,Kathu,"Hasip Pee Road, Patong, Kathu, Phuket",7.891229,98.308621,2022.0,1.0,1.0,29.0,Fully Furnished,0,https://www.ddproperty.com/en/property/1-bedroom-house-for-sale-at-patong-bay-ocean-view-cottages-u72632-for-sale-8322829,5900000.0,203448.27586206896,4.0
8687303,,Kathu,"Hasip Pee Road, Patong, Kathu, Phuket",7.891229,98.308621,2022.0,1.0,1.0,29.0,Fully Furnished,0,https://www.ddproperty.com/en/property/1-bedroom-house-for-sale-at-patong-bay-ocean-view-cottages-u170147-for-sale-8687303,5900000.0,203448.27586206896,4.0
8939721,,Kathu,"Hasip Pee Road, Patong, Kathu, Phuket",7.891229,98.308621,2022.0,1.0,1.0,29.0,Fully Furnished,0,https://www.ddproperty.com/en/property/1-bedroom-house-for-sale-at-patong-bay-ocean-view-cottages-u170150-for-sale-8939721,5900000.0,203448.27586206896,4.0
8899574,,Kathu,"Hasip Pee Road, Patong, Kathu, Phuket",7.891229,98.308621,2022.0,1.0,1.0,29.0,Fully Furnished,0,https://www.ddproperty.com/en/property/1-bedroom-house-for-sale-at-patong-bay-ocean-view-cottages-u170152-for-sale-8899574,5900000.0,203448.27586206896,4.0
8913791,,Kathu,"Hasip Pee Road, Patong, Kathu, Phuket",7.891229,98.308621,2022.0,1.0,1.0,29.0,Fully Furnished,0,https://www.ddproperty.com/en/property/1-bedroom-house-for-sale-at-patong-bay-ocean-view-cottages-u72633-for-sale-8913791,5900000.0,203448.27586206896,4.0
8898525,,Kathu,"Hasip Pee Road, Patong, Kathu, Phuket",7.891229,98.308621,2022.0,1.0,1.0,29.0,Fully Furnished,0,https://www.ddproperty.com/en/property/1-bedroom-house-for-sale-at-patong-bay-ocean-view-cottages-u170155-for-sale-8898525,5900000.0,203448.27586206896,4.0
8896985,,Kathu,"Hasip Pee Road, Patong, Kathu, Phuket",7.891229,98.308621,2022.0,1.0,1.0,29.0,Fully Furnished,0,https://www.ddproperty.com/en/property/1-bedroom-house-for-sale-at-patong-bay-ocean-view-cottages-u170148-for-sale-8896985,5900000.0,203448.27586206896,4.0
8680292,,Kathu,"Hasip Pee Road, Patong, Kathu, Phuket",7.891229,98.308621,2022.0,1.0,1.0,29.0,Fully Furnished,0,https://www.ddproperty.com/en/property/1-bedroom-house-for-sale-at-patong-bay-ocean-view-cottages-u170149-for-sale-8680292,5900000.0,203448.27586206896,4.0
8680813,,Kathu,"Hasip Pee Road, Patong, Kathu, Phuket",7.891229,98.308621,2022.0,1.0,1.0,29.0,Fully Furnished,0,https://www.ddproperty.com/en/property/1-bedroom-house-for-sale-at-patong-bay-ocean-view-cottages-u170144-for-sale-8680813,5900000.0,203448.27586206896,4.0
8694554,,Kathu,"Hasip Pee Road, Patong, Kathu, Phuket",7.891229,98.308621,2022.0,1.0,1.0,29.0,Fully Furnished,0,https://www.ddproperty.com/en/property/1-bedroom-house-for-sale-at-patong-bay-ocean-view-cottages-u170143-for-sale-8694554,5900000.0,203448.27586206896,4.0
8936878,,Kathu,"Hasip Pee Road, Patong, Kathu, Phuket",7.891229,98.308621,2022.0,1.0,1.0,29.0,Fully Furnished,0,https://www.ddproperty.com/en/property/1-bedroom-house-for-sale-at-patong-bay-ocean-view-cottages-u170151-for-sale-8936878,5900000.0,203448.27586206896,4.0
8692437,,Bang Kho Laem,"64 Charoen Krung Road, Wat Prayakrai, Bang Kho Laem, Bangkok",13.712088,100.510114,2021.0,4.0,5.0,745.0,Fully Furnished,0,https://www.ddproperty.com/en/property/4-bedroom-villa-for-sale-at-the-residences-at-the-four-seasons-u153703-for-sale-8692437,155000000.0,208053.69127516777,5.0
8715899,,Kathu,"Hasip Pee Road, Patong, Kathu, Phuket",7.891229,98.308621,2022.0,1.0,1.0,41.0,unknown,0,https://www.ddproperty.com/en/property/1-bed-pool-villa-sea-view-70-sqm-patong-bay-ocean-view-cottages-for-sale-8715899,8900000.0,217073.17073170733,4.0
9949933,,Muang Samut Prakarn,"Bearing-Lasalle Road, Samrong Nua, Muang Samut Prakarn, Samut Prakan",13.653931680094509,100.62122399468156,2020.0,6.0,8.0,400.0,Fully Furnished,0,https://www.ddproperty.com/en/property/ขาย-บ้านเดี่ยว-2-ชั้น-แกรนด์-บางกอก-บูเลอวาร์ด-สุขุมวิท-ติดถนนตัดใหม่-ลาซาล-แบริ่ง-เนื้อที่-196ตร-วา-6ห้องนอน-8ห้องน้ำ-for-sale-9949933,87000000.0,217500.0,6.0
8886683,,Huai Khwang,"- Soi Ratchadapisek 10 intersection 7 Ratchadapisek Road, Huai Khwang, Huai Khwang, Bangkok",13.771014,100.573858,2013.0,4.0,4.0,347.0,unknown,0,https://www.ddproperty.com/en/property/sale-house-near-the-street-ratchada-mall-4-bedroom-house-ratchada-bangkok-thailand-4-bedrooms-id-156715-h-105-347-6-sqm-for-sale-8886683,75600000.0,217867.43515850144,13.0
8823106,,Suan Luang,"Phatthanakan Road, Suan Luang, Suan Luang, Bangkok",13.728173,100.62352,2018.0,5.0,6.0,661.0,Unfurnished,0,https://www.ddproperty.com/en/property/r1784-บ้านแสนสิริ-พัฒนาการ-for-sale-8823106,145000000.0,219364.59909228442,8.0
8847515,,Suan Luang,"Phatthanakan Road, Suan Luang, Suan Luang, Bangkok",13.728173,100.62352,2018.0,5.0,5.0,661.0,Unfurnished,0,https://www.ddproperty.com/en/property/baan-sansiri-pattanakarn-5bed-5bath-232sqwah-145-000-000-am-06561991-for-sale-8847515,145000000.0,219364.59909228442,8.0
8744247,,Suan Luang,"Phatthanakan Road, Suan Luang, Suan Luang, Bangkok",13.728173,100.62352,2018.0,5.0,6.0,661.0,unknown,0,https://www.ddproperty.com/en/property/luxury-house-for-sale-baan-sansiri-pattanakarn-for-sale-8744247,145000000.0,219364.59909228442,8.0
8968845,,Suan Luang,"Phatthanakan Road, Suan Luang, Suan Luang, Bangkok",13.728173,100.62352,2018.0,5.0,6.0,661.0,unknown,0,https://www.ddproperty.com/en/property/baan-sansiri-pattanakarn-listing-no-yt01-871-for-sale-8968845,145000000.0,219364.59909228442,8.0
8557145,,Watthana,"32 Soi Sukhumvit 67, Phra Kanong Nua, Watthana, Bangkok",13.718974,100.590972,2005.0,4.0,5.0,360.0,Unfurnished,0,https://www.ddproperty.com/en/property/sale-rent-baan-sansiri-sukhumvit-67-single-house-4-bedroom-for-sale-8557145,79000000.0,219444.44444444444,21.0
8240465,,Bang Plee,"Buanakarin Road, Bang Kaeo, Bang Plee, Samut Prakan",13.635187,100.667482,2018.0,4.0,4.0,62.5,Fully Furnished,0,https://www.ddproperty.com/en/property/hh-622624-house-for-sale-centro-bangna-km-7-near-mega-bangna-62-5-sq-m-for-sale-8240465,13900000.0,222400.0,8.0
9963435,,Watthana,"- Sukhumvit Road, Khlongtoei Nua, Watthana, Bangkok",13.740277,100.566035,2012.0,4.0,5.0,355.0,Fully Furnished,0,https://www.ddproperty.com/en/property/920151009-467-royce-private-residences-for-sale-9963435,80000000.0,225352.11267605633,14.0
7602804,,Yan Nawa,"Ratchadaphisek Road, Chong Nonsi, Yan Nawa, Bangkok",13.699507,100.54023,2021.0,3.0,3.0,799.9999999999999,Fully Furnished,0,https://www.ddproperty.com/en/property/luxury-villa-which-affords-stunning-270-degree-sweeping-ocean-views-hhkt25448-for-sale-7602804,182000000.0,227500.00000000003,5.0
9522113,,Watthana,"Phra Kanong Nua, Watthana, Bangkok",14.755388,100.092714,2005.0,4.0,5.0,490.0,Fully Furnished,0,https://www.ddproperty.com/en/property/luxury-house-private-compound-for-sale-close-to-phra-khanong-bts-station-hbkk28149-for-sale-9522113,114000000.0,232653.0612244898,21.0
8924836,,Watthana,"32 Soi Sukhumvit 67, Phra Kanong Nua, Watthana, Bangkok",13.718974,100.590972,2005.0,4.0,5.0,490.0,Unfurnished,0,https://www.ddproperty.com/en/property/4-bedroom-villa-for-sale-at-baan-sansiri-sukhumvit-67-u648726-for-sale-8924836,114000000.0,232653.0612244898,21.0
8816279,,Watthana,"32 Soi Sukhumvit 67, Phra Kanong Nua, Watthana, Bangkok",13.718974,100.590972,2005.0,4.0,5.0,490.0,unknown,0,https://www.ddproperty.com/en/property/for-sale-baan-sansiri-sukhumvit-67-4-bedrooms-with-swimming-pool-3-car-parks-near-bts-phra-khanog-for-sale-8816279,114000000.0,232653.0612244898,21.0
9729331,,Watthana,"32 Soi Sukhumvit 67, Phra Kanong Nua, Watthana, Bangkok",13.718974,100.590972,2005.0,4.0,5.0,490.0,unknown,0,https://www.ddproperty.com/en/property/บ้านแสนสิริ-สุขุมวิท-67-4-ห้องนอน-ขายพร้อมผู้เช่า-baan-sansiri-sukhumvit-67-4-bedrooms-sales-with-tenant-tp182-for-sale-9729331,114000000.0,232653.0612244898,21.0
8577594,,Watthana,"32 Soi Sukhumvit 67, Phra Kanong Nua, Watthana, Bangkok",13.718974,100.590972,2005.0,4.0,5.0,490.0,Partially Furnished,0,https://www.ddproperty.com/en/property/house-for-sale-at-baan-sansiri-sukhumvit-67-with-swimming-pool-4-bedrooms-5-bathrooms-corner-house-near-bts-phra-khanong-for-sale-8577594,114000000.0,232653.0612244898,21.0
8679228,,Watthana,"32 Soi Sukhumvit 67, Phra Kanong Nua, Watthana, Bangkok",13.718974,100.590972,2005.0,4.0,5.0,490.0,unknown,0,https://www.ddproperty.com/en/property/for-rent-or-sale-baan-sansiri-sukhumvit-67-trh-19-for-sale-8679228,114000000.0,232653.0612244898,21.0
7955313,,Suan Luang,"Phatthanakan Road, Suan Luang, Suan Luang, Bangkok",13.728173,100.62352,2018.0,5.0,5.0,661.0,Fully Furnished,0,https://www.ddproperty.com/en/property/hh-622178-house-for-sale-sansiri-phatthanakan-near-bts-thong-lo-661-sqm-5-bedrooms-6-bathrooms-2-maid-rooms-for-sale-7955313,160000000.0,242057.48865355522,8.0
9851355,,Watthana,"32 Soi Sukhumvit 67, Phra Kanong Nua, Watthana, Bangkok",13.718974,100.590972,2005.0,4.0,5.0,490.0,Fully Furnished,0,https://www.ddproperty.com/en/property/for-sale-rent-single-house-sansiri-sukhumvit-67-4-bedroom-for-sale-9851355,120000000.0,244897.95918367346,21.0
7955753,,Lat Phrao,"Sukhonthasawat Road, Lat Phrao, Lat Phrao, Bangkok",13.832597,100.620898,2019.0,3.0,3.0,113.0,unknown,0,https://www.ddproperty.com/en/property/condo-for-sale-ekkamai-c-ekkamai-high-zone-luxury-decoration-next-to-bts-ekkamai-penthouse-for-sale-7955753,28000000.0,247787.61061946902,7.0
8837896,,Watthana,"32 Soi Sukhumvit 67, Phra Kanong Nua, Watthana, Bangkok",13.718974,100.590972,2005.0,4.0,4.0,490.0,Fully Furnished,0,https://www.ddproperty.com/en/property/901462t-sale-with-tenant-single-house-4-bedrooms-baan-sansiri-sukhumvit-67-for-sale-8837896,122000000.0,248979.5918367347,21.0
9229114,,Suan Luang,"Phatthanakan Road, Suan Luang, Suan Luang, Bangkok",13.728173,100.62352,2018.0,5.0,6.0,661.0,Partially Furnished,0,https://www.ddproperty.com/en/property/super-luxury-house-for-sale-baan-sansiri-pattanakarn-the-most-elegant-on-pattanakarn-area-for-sale-9229114,165000000.0,249621.78517397883,8.0
8788840,,Suan Luang,"Phatthanakan Road, Suan Luang, Suan Luang, Bangkok",13.728173,100.62352,2018.0,5.0,6.0,661.0,unknown,0,https://www.ddproperty.com/en/property/brand-new-baan-sansiri-pattanakarn-for-sale-rent-listing-no-yt01-843-for-sale-8788840,165000000.0,249621.78517397883,8.0
9408843,,Suan Luang,"Phatthanakan Road, Suan Luang, Suan Luang, Bangkok",13.728173,100.62352,2018.0,5.0,6.0,661.0,Partially Furnished,0,https://www.ddproperty.com/en/property/hc018-ขายคฤหาสน์สุดหรูระดับ-super-luxury-บ้านแสนสิริ-พัฒนาการ-ที่สุดแห่งความสง่างามบนถนนทำเล-พัฒนาการ-pattanakarn-30-for-sale-9408843,165000000.0,249621.78517397883,8.0
10065270,,Suan Luang,"Phatthanakan Road, Suan Luang, Suan Luang, Bangkok",13.728173,100.62352,2018.0,5.0,6.0,661.0,Partially Furnished,0,https://www.ddproperty.com/en/property/baan-sansiri-pattanakarn-5-bedroom-with-private-pool-for-sale-10065270,165000000.0,249621.78517397883,8.0
9732106,,Khan Na Yao,"ถนน รามอินทรา, Khan Na Yao, Khan Na Yao, Bangkok",13.827808,100.675296,2014.0,4.0,5.0,220.0,Fully Furnished,0,https://www.ddproperty.com/en/property/ขายบ้านหรู-2-ชั้น-ย่านรามอินทรา-พร้อมเฟอร์นิเจอร์ทำเลดีมากใกล้สถานีรถไฟ-sc-ma-for-sale-9732106,55000000.0,250000.0,12.0
10057186,,Khlong Toei,"776 Soi Sukhumvit 36 Sukhumvit Road, Khong Tan, Khlong Toei, Bangkok",13.724344,100.577206,2014.0,2.0,2.0,249.0,Partially Furnished,0,https://www.ddproperty.com/en/property/920151002-4854-for-sale-penthouse-noble-remix-2-for-sale-10057186,62500000.0,251004.01606425704,12.0
10065203,,Suan Luang,"Phatthanakan Road, Suan Luang, Suan Luang, Bangkok",13.728173,100.62352,2018.0,5.0,6.0,661.0,Fully Furnished,0,https://www.ddproperty.com/en/property/baan-sansiri-pattanakarn-5-bedroom-furnished-for-sale-10065203,168000000.0,254160.36308623297,8.0
10053348,,Suan Luang,"Phatthanakan Road, Suan Luang, Suan Luang, Bangkok",13.728173,100.62352,2018.0,6.0,8.0,1000.0,Partially Furnished,0,https://www.ddproperty.com/en/property/hh-3209-house-for-sale-baan-sansiri-phattanakarn-size-277-sq-m-1-000-sq-m-6-bedrooms-for-sale-10053348,260000000.0,260000.0,8.0
10053492,,Suan Luang,"Phatthanakan Road, Suan Luang, Suan Luang, Bangkok",13.728173,100.62352,2018.0,6.0,8.0,1000.0,unknown,0,https://www.ddproperty.com/en/property/บ้านแสนสิริ-พัฒนาการ-หรูหรา-ตกแต่งสวย-6-ห้องนอน-ครอบครัวใหญ่อยู่ได้สบายๆ-for-sale-10053492,260000000.0,260000.0,8.0
10054979,,Suan Luang,"Phatthanakan Road, Suan Luang, Suan Luang, Bangkok",13.728173,100.62352,2018.0,6.0,8.0,1000.0,Fully Furnished,0,https://www.ddproperty.com/en/property/ขายด่วน-คฤหาสหรู-1-000-ตรม-277-ตรว-พร้อมตกแต่ง-โทร-089-995-5695-for-sale-10054979,260000000.0,260000.0,8.0
9204456,,Suan Luang,"Phatthanakan Road, Suan Luang, Suan Luang, Bangkok",13.728173,100.62352,2018.0,6.0,7.0,941.0,Partially Furnished,0,https://www.ddproperty.com/en/property/hc0014-for-sale-super-luxury-baan-sansiri-pattanakarn-pattanakarn-road-rare-item-type-no-9-for-sale-9204456,245000000.0,260361.31774707758,8.0
9542341,,Bang Plee,"455 Bang Phli - King Kaew Road, Bangphli Yai, Bang Plee, Samut Prakan",13.628285881664404,100.71103688376552,2010.0,3.0,2.0,21.0,unknown,0,https://www.ddproperty.com/en/property/6409-276-house-for-sale-bang-phli-king-kaew-passorn-bangna-3-bedrooms-for-sale-9542341,5500000.0,261904.7619047619,16.0
10057175,,Khlong Toei,"93 Soi Sukhumvit 24, Sukhumvit Road, Khong Tan, Khlong Toei, Bangkok",13.723346172865792,100.56708579265978,2009.0,3.0,4.0,170.0,Fully Furnished,0,https://www.ddproperty.com/en/property/920151002-4751-for-sale-for-rent-the-emporio-place-for-sale-10057175,45000000.0,264705.8823529412,17.0
10038991,,Suan Luang,"Phatthanakan Road, Suan Luang, Suan Luang, Bangkok",13.728173,100.62352,2018.0,6.0,8.0,1000.0,Fully Furnished,0,https://www.ddproperty.com/en/property/super-luxury-house-for-sale-baan-sansiri-pattanakarn-6-beds-8-baths-for-sale-10038991,265000000.0,265000.0,8.0
10022129,,Suan Luang,"Phatthanakan Road, Suan Luang, Suan Luang, Bangkok",13.728173,100.62352,2018.0,6.0,8.0,1000.0,Fully Furnished,0,https://www.ddproperty.com/en/property/for-sale-super-luxury-house-with-6-bedrooms-in-baan-sansiri-pattanakarn-for-sale-10022129,265000000.0,265000.0,8.0
9551558,,Prawet,"New Pattanakarn Road, Prawet, Prawet, Bangkok",13.710845,100.669081,2018.0,4.0,4.0,83.0,Unfurnished,0,https://www.ddproperty.com/en/property/ขายบ้านเดี่ยว-บุราสิริ-พัฒนาการ-82-4-ตรว-4-ห้องนอน-แปลงมุม-ใกล้-club-house-for-sale-9551558,22000000.0,265060.2409638554,8.0
8431182,,Muang Samut Sakhon,"Rama 2 Road, Bang Nam Chut, Muang Samut Sakhon, Samut Sakhon",13.598819,100.367149,2018.0,5.0,5.0,450.0,unknown,0,https://www.ddproperty.com/en/property/ด่วนบ้านหรูหลังมุมส่วนตัวพิเศษ-เดอะแกรนด์-พระราม2-พร้อมสระว่ายน้ำส่วนตัว-รหัสsh848-for-sale-8431182,120000000.0,266666.6666666667,8.0
9959898,,Suan Luang,"Phatthanakan Road, Suan Luang, Suan Luang, Bangkok",13.728173,100.62352,2018.0,6.0,8.0,1000.0,Fully Furnished,0,https://www.ddproperty.com/en/property/6-bedrooms-house-for-sale-in-pattanakarn-for-sale-9959898,268000000.0,268000.0,8.0
9997305,,Suan Luang,"Phatthanakan Road, Suan Luang, Suan Luang, Bangkok",13.728173,100.62352,2018.0,6.0,8.0,1000.0,Partially Furnished,0,https://www.ddproperty.com/en/property/for-sale-baan-sansiri-pattanakarn-1000sq-m-6beds-8baths-6parking-for-sale-9997305,269000000.0,269000.0,8.0
10078547,,Muang Phuket,"Chaofah Tawantok Road, Wichit, Muang Phuket, Phuket",7.867830894329906,98.36089545622907,2004.0,4.0,5.0,550.0,Fully Furnished,0,https://www.ddproperty.com/en/property/902608t-for-sale-4-bedrooms-phuket-villa-thalang-for-sale-10078547,150000000.0,272727.2727272727,22.0
8910475,,Suan Luang,"Phatthanakan Road, Suan Luang, Suan Luang, Bangkok",13.728173,100.62352,2018.0,4.0,5.0,548.0,Unfurnished,0,https://www.ddproperty.com/en/property/4-bedroom-house-for-sale-at-baan-sansiri-pattanakarn-u639852-for-sale-8910475,150000000.0,273722.62773722626,8.0
8773225,,Suan Luang,"Phatthanakan Road, Suan Luang, Suan Luang, Bangkok",13.728173,100.62352,2018.0,5.0,6.0,667.0,unknown,0,https://www.ddproperty.com/en/property/selling-sansiri-phattanakarn-type6-listing-no-yt01-831-for-sale-8773225,185000000.0,277361.31934032985,8.0
9948312,,Suan Luang,"Phatthanakan Road, Suan Luang, Suan Luang, Bangkok",13.728173,100.62352,2018.0,5.0,6.0,661.0,unknown,0,https://www.ddproperty.com/en/property/bs433-ขายด่วนใจกลางเมือง-เอ็กซ์คลูซีฟเพียง-36-หลัง-baan-sansiri-pattanakarn-แสนสิริ-พัฒนาการ-คฤหาสน์หรู-super-luxury-จากแสนสิริ-บ้านใหม่แกะกล่อง-สภาพมือ1-for-sale-9948312,185000000.0,279878.9712556732,8.0
9972721,,Suan Luang,"Phatthanakan Road, Suan Luang, Suan Luang, Bangkok",13.728173,100.62352,2018.0,5.0,6.0,661.0,unknown,0,https://www.ddproperty.com/en/property/pbs433-ขาย-บ้านเดี่ยว-หมู่บ้าน-บ้านแสนสิริ-พัฒนาการ-30-baan-sansiri-pattanakarn-หลังมุม-for-sale-9972721,185000000.0,279878.9712556732,8.0
9228516,,Suan Luang,"Phatthanakan Road, Suan Luang, Suan Luang, Bangkok",13.728173,100.62352,2018.0,5.0,6.0,661.0,Partially Furnished,0,https://www.ddproperty.com/en/property/super-luxury-house-for-sale-baan-sansiri-pattanakarn-the-most-elegant-on-pattanakarn-area-for-sale-9228516,185000000.0,279878.9712556732,8.0
9962980,,Suan Luang,"Phatthanakan Road, Suan Luang, Suan Luang, Bangkok",13.728173,100.62352,2018.0,5.0,6.0,661.0,Partially Furnished,0,https://www.ddproperty.com/en/property/ขายด่วนหลังสุดท้าย-บ้านแสนสิริพัฒนาการ-บ้านใหม่-5-ห้องนอน-for-sale-9962980,185000000.0,279878.9712556732,8.0
10050322,,Suan Luang,"Phatthanakan Road, Suan Luang, Suan Luang, Bangkok",13.728173,100.62352,2018.0,5.0,6.0,661.0,unknown,0,https://www.ddproperty.com/en/property/pbs433-ขาย-บ้านแสนสิริ-พัฒนาการ-30-baan-sansiri-pattanakarn-for-sale-10050322,185000000.0,279878.9712556732,8.0
7892148,,Prawet,"Kanchanaphisek Road, Dok Mai, Prawet, Bangkok",13.676122,100.696157,2020.0,5.0,6.0,204.0,Fully Furnished,0,https://www.ddproperty.com/en/property/t-land-and-house-sales-super-luxury-modern-land-204-sqw-for-sale-7892148,59000000.0,289215.6862745098,6.0
9217279,,Suan Luang,"Phatthanakan Road, Suan Luang, Suan Luang, Bangkok",13.728173,100.62352,2018.0,4.0,5.0,459.0,Fully Furnished,0,https://www.ddproperty.com/en/property/hc0021-super-luxury-house-for-sale-baan-sansiri-pattanakarn-the-most-elegant-on-pattanakarn-area-road-for-sale-9217279,133100000.0,289978.2135076253,8.0
4087733,,Bang Lamung,"Soi Pattaya - Naklua 12, Na Kloe, Bang Lamung, Chon Buri",12.971247449356882,100.88747246627042,2010.0,4.0,6.0,450.0,Fully Furnished,0,https://www.ddproperty.com/en/property/4-bed-6-bath-in-naklua-for-131-000-000-thb-pc5759-for-sale-4087733,131000000.0,291111.1111111111,16.0
8700061,,Suan Luang,"Phatthanakan Road, Suan Luang, Suan Luang, Bangkok",13.728173,100.62352,2018.0,4.0,5.0,548.0,Fully Furnished,0,https://www.ddproperty.com/en/property/for-sale-luxury-single-house-ขายบ้านเดี่ยวสุดหรู-พร้อมผู้เช่า-baan-sansiri-pattanakarn-pst-ann196-for-sale-8700061,160000000.0,291970.802919708,8.0
10044061,,Suan Luang,"Phatthanakan Road, Suan Luang, Suan Luang, Bangkok",13.728173,100.62352,2018.0,4.0,5.0,548.0,Fully Furnished,0,https://www.ddproperty.com/en/property/baan-sansiri-pattanakarn-4-bedroom-furnished-for-sale-10044061,160000000.0,291970.802919708,8.0
8587976,,Suan Luang,"Phatthanakan Road, Suan Luang, Suan Luang, Bangkok",13.728173,100.62352,2018.0,4.0,5.0,548.0,Fully Furnished,0,https://www.ddproperty.com/en/property/sale-rent-baan-sansiri-pattanakarn-for-sale-8587976,160000000.0,291970.802919708,8.0
9769920,,Suan Luang,"Phatthanakan Road, Suan Luang, Suan Luang, Bangkok",13.728173,100.62352,2018.0,4.0,5.0,548.0,Fully Furnished,0,https://www.ddproperty.com/en/property/sale-sansiri-pattanakarn-super-luxury-4-bedroom-house-with-swimming-pool-garden-in-bang-na-bangkok-4-bedrooms-id-159704-h-147-548-sqm-for-sale-9769920,160000000.0,291970.802919708,8.0
8675897,,Suan Luang,"Phatthanakan Road, Suan Luang, Suan Luang, Bangkok",13.728173,100.62352,2018.0,4.0,5.0,548.0,unknown,0,https://www.ddproperty.com/en/property/baan-sansiri-patthanakarn-listing-no-yt01-714-for-sale-8675897,160000000.0,291970.802919708,8.0
8760198,,Suan Luang,"Phatthanakan Road, Suan Luang, Suan Luang, Bangkok",13.728173,100.62352,2018.0,4.0,5.0,548.0,Fully Furnished,0,https://www.ddproperty.com/en/property/sale-rent-baan-sansiri-pattanakarn-type-4-bedroom-5-bathroom-size-548-sqm-ready-to-move-in-for-sale-8760198,160000000.0,291970.802919708,8.0
8517397,,Suan Luang,"Phatthanakan Road, Suan Luang, Suan Luang, Bangkok",13.728173,100.62352,2018.0,4.0,5.0,548.0,Fully Furnished,0,https://www.ddproperty.com/en/property/for-sale-rent-4-bedroom-baan-sansiri-pattanakarn-furnished-for-sale-8517397,160000000.0,291970.802919708,8.0
8760189,,Suan Luang,"Phatthanakan Road, Suan Luang, Suan Luang, Bangkok",13.728173,100.62352,2018.0,4.0,5.0,548.0,Fully Furnished,0,https://www.ddproperty.com/en/property/sale-rent-baan-sansiri-pattanakarn-type-4-bedroom-5-bathroom-size-548-sqm-ready-to-move-in-for-sale-8760189,160000000.0,291970.802919708,8.0
8297568,,Suan Luang,"Phatthanakan Road, Suan Luang, Suan Luang, Bangkok",13.728173,100.62352,2018.0,4.0,5.0,548.0,unknown,0,https://www.ddproperty.com/en/property/hh-630027-luxury-mansion-for-sale-sansiri-pattanakarn-size-194-sq-m-4-bedrooms-5-bathrooms-for-sale-8297568,160000000.0,291970.802919708,8.0
9761606,,Suan Luang,"Phatthanakan Road, Suan Luang, Suan Luang, Bangkok",13.728173,100.62352,2018.0,4.0,5.0,548.0,Fully Furnished,0,https://www.ddproperty.com/en/property/urgent-baan-sansiri-pattanakarn-for-sale-cheap-price-nice-decoration-and-ready-to-move-in-ไทย-english-%E4%B8%AD%E6%96%87-66808469527-m-for-sale-9761606,160000000.0,291970.802919708,8.0
9795664,,Suan Luang,"Phatthanakan Road, Suan Luang, Suan Luang, Bangkok",13.728173,100.62352,2018.0,4.0,5.0,548.0,Partially Furnished,0,https://www.ddproperty.com/en/property/super-luxury-mansion-for-sale-at-baan-sansiri-pattanakarn-for-sale-9795664,160000000.0,291970.802919708,8.0
9315292,,Suan Luang,"Phatthanakan Road, Suan Luang, Suan Luang, Bangkok",13.728173,100.62352,2018.0,4.0,5.0,548.0,unknown,0,https://www.ddproperty.com/en/property/for-sale-luxury-single-house-in-pataanakarn-area-from-sansiri-for-sale-9315292,160000000.0,291970.802919708,8.0
8758723,,Suan Luang,"Phatthanakan Road, Suan Luang, Suan Luang, Bangkok",13.728173,100.62352,2018.0,4.0,5.0,548.0,Fully Furnished,0,https://www.ddproperty.com/en/property/luxury-detached-house-baan-sansiri-pattanakarn-sps-gh911-for-sale-8758723,160000000.0,291970.802919708,8.0
8695647,,Suan Luang,"Phatthanakan Road, Suan Luang, Suan Luang, Bangkok",13.728173,100.62352,2018.0,4.0,5.0,548.0,Fully Furnished,0,https://www.ddproperty.com/en/property/crp-s1-hh-640014-a-super-luxury-house-for-sell-sansiri-pattanakarn-villa-4-beds-5-baths-fully-15-minute-to-downtown-for-sale-8695647,160000000.0,291970.802919708,8.0
8509902,,Suan Luang,"Phatthanakan Road, Suan Luang, Suan Luang, Bangkok",13.728173,100.62352,2018.0,4.0,5.0,548.0,unknown,0,https://www.ddproperty.com/en/property/4-bedsingle-house-for-sale-rent-at-baan-sansiri-pattanakarn-ref-p-202101-24037-for-sale-8509902,160000000.0,291970.802919708,8.0
9989748,,Suan Luang,"Phatthanakan Road, Suan Luang, Suan Luang, Bangkok",13.728173,100.62352,2018.0,4.0,5.0,548.0,unknown,0,https://www.ddproperty.com/en/property/โครงการบ้านเดี่ยว-พื้นที่-548-ตร-ม-แบบ-4-ห้องนอน-บ้านแสนสิริ-พัฒนาการ-sh180387-for-sale-9989748,160000000.0,291970.802919708,8.0
